[     439ms] [INFO] %cDownload the React DevTools for a better development experience: https://react.dev/link/react-devtools font-weight:bold @ http://localhost:3000/_next/static/chunks/node_modules_next_dist_1e8vcs8._.js:776
[     552ms] [LOG] [HMR] connected @ http://localhost:3000/_next/static/chunks/node_modules_next_dist_1e8vcs8._.js:776
[     728ms] [LOG] [Fast Refresh] rebuilding @ http://localhost:3000/_next/static/chunks/node_modules_next_dist_1e8vcs8._.js:776
[    5679ms] [LOG] [Fast Refresh] done in 5043ms @ http://localhost:3000/_next/static/chunks/node_modules_next_dist_1e8vcs8._.js:776
[    5743ms] [LOG] [Fast Refresh] done in 5043ms @ http://localhost:3000/_next/static/chunks/node_modules_next_dist_1e8vcs8._.js:776
[    5805ms] [LOG] [Fast Refresh] done in 5043ms @ http://localhost:3000/_next/static/chunks/node_modules_next_dist_1e8vcs8._.js:776
[    5869ms] [LOG] [Fast Refresh] done in 5043ms @ http://localhost:3000/_next/static/chunks/node_modules_next_dist_1e8vcs8._.js:776
[    5933ms] [LOG] [Fast Refresh] done in 5043ms @ http://localhost:3000/_next/static/chunks/node_modules_next_dist_1e8vcs8._.js:776
[    5996ms] [LOG] [Fast Refresh] done in 5043ms @ http://localhost:3000/_next/static/chunks/node_modules_next_dist_1e8vcs8._.js:776
[    6057ms] [LOG] [Fast Refresh] done in 5043ms @ http://localhost:3000/_next/static/chunks/node_modules_next_dist_1e8vcs8._.js:776
[    6120ms] [LOG] [Fast Refresh] done in 5043ms @ http://localhost:3000/_next/static/chunks/node_modules_next_dist_1e8vcs8._.js:776
[    6183ms] [LOG] [Fast Refresh] done in 5043ms @ http://localhost:3000/_next/static/chunks/node_modules_next_dist_1e8vcs8._.js:776
[    6246ms] [LOG] [Fast Refresh] done in 5043ms @ http://localhost:3000/_next/static/chunks/node_modules_next_dist_1e8vcs8._.js:776
[    6314ms] [LOG] [Fast Refresh] done in 5043ms @ http://localhost:3000/_next/static/chunks/node_modules_next_dist_1e8vcs8._.js:776
[    6382ms] [LOG] [Fast Refresh] done in 5043ms @ http://localhost:3000/_next/static/chunks/node_modules_next_dist_1e8vcs8._.js:776
[    6444ms] [LOG] [Fast Refresh] done in 5043ms @ http://localhost:3000/_next/static/chunks/node_modules_next_dist_1e8vcs8._.js:776
[    6507ms] [LOG] [Fast Refresh] done in 5043ms @ http://localhost:3000/_next/static/chunks/node_modules_next_dist_1e8vcs8._.js:776
[    6570ms] [LOG] [Fast Refresh] done in 5043ms @ http://localhost:3000/_next/static/chunks/node_modules_next_dist_1e8vcs8._.js:776
[    6633ms] [LOG] [Fast Refresh] done in 5043ms @ http://localhost:3000/_next/static/chunks/node_modules_next_dist_1e8vcs8._.js:776
[    6698ms] [LOG] [Fast Refresh] done in 5043ms @ http://localhost:3000/_next/static/chunks/node_modules_next_dist_1e8vcs8._.js:776
[    6760ms] [LOG] [Fast Refresh] done in 5043ms @ http://localhost:3000/_next/static/chunks/node_modules_next_dist_1e8vcs8._.js:776
[    7028ms] [INFO] %cDownload the React DevTools for a better development experience: https://react.dev/link/react-devtools font-weight:bold @ http://localhost:3000/_next/static/chunks/node_modules_next_dist_1e8vcs8._.js:776
[    7049ms] [LOG] [HMR] connected @ http://localhost:3000/_next/static/chunks/node_modules_next_dist_1e8vcs8._.js:776
[  145603ms] [LOG] [Fast Refresh] rebuilding @ http://localhost:3000/_next/static/chunks/node_modules_next_dist_1e8vcs8._.js:776
[  151261ms] [ERROR] ./src/app/workspace.css
Error: Error evaluating Node.js code
CssSyntaxError: tailwindcss: C:\Users\janid\Downloads\mylms\lms\src\app\workspace.css:1:1: Cannot apply unknown utility class `text-body-strong`
    [at Input.error (turbopack:///[project]/node_modules/postcss/lib/input.js:135:16)]
    [at Root.error (turbopack:///[project]/node_modules/postcss/lib/node.js:166:32)]
    [at Object.Once (C:\Users\janid\Downloads\mylms\lms\node_modules\@tailwindcss\postcss\dist\index.js:10:7013)]
    [at process.processTicksAndRejections (node:internal/process/task_queues:104:5)]
    [at async LazyResult.runAsync (turbopack:///[project]/node_modules/postcss/lib/lazy-result.js:299:11)]
    [at async transform (turbopack:///[turbopack-node]/transforms/postcss.ts?config=[project]/postcss.config.js:70:34)]
    [at async run (turbopack:///[turbopack-node]/child_process/evaluate.ts:89:23)]

Import trace:
  Client Component Browser:
    ./src/app/workspace.css [Client Component Browser]
    ./src/app/[locale]/layout.tsx [Server Component] @ http://localhost:3000/_next/static/chunks/node_modules_next_dist_1e8vcs8._.js:1052
[  151317ms] [ERROR] ./src/app/workspace.css
Error: Error evaluating Node.js code
CssSyntaxError: tailwindcss: C:\Users\janid\Downloads\mylms\lms\src\app\workspace.css:1:1: Cannot apply unknown utility class `text-body-strong`
    [at Input.error (turbopack:///[project]/node_modules/postcss/lib/input.js:135:16)]
    [at Root.error (turbopack:///[project]/node_modules/postcss/lib/node.js:166:32)]
    [at Object.Once (C:\Users\janid\Downloads\mylms\lms\node_modules\@tailwindcss\postcss\dist\index.js:10:7013)]
    [at process.processTicksAndRejections (node:internal/process/task_queues:104:5)]
    [at async LazyResult.runAsync (turbopack:///[project]/node_modules/postcss/lib/lazy-result.js:299:11)]
    [at async transform (turbopack:///[turbopack-node]/transforms/postcss.ts?config=[project]/postcss.config.js:70:34)]
    [at async run (turbopack:///[turbopack-node]/child_process/evaluate.ts:89:23)]

Import trace:
  Client Component Browser:
    ./src/app/workspace.css [Client Component Browser]
    ./src/app/[locale]/layout.tsx [Server Component] @ http://localhost:3000/_next/static/chunks/node_modules_next_dist_1e8vcs8._.js:1052
[  151377ms] [ERROR] ./src/app/workspace.css
Error: Error evaluating Node.js code
CssSyntaxError: tailwindcss: C:\Users\janid\Downloads\mylms\lms\src\app\workspace.css:1:1: Cannot apply unknown utility class `text-body-strong`
    [at Input.error (turbopack:///[project]/node_modules/postcss/lib/input.js:135:16)]
    [at Root.error (turbopack:///[project]/node_modules/postcss/lib/node.js:166:32)]
    [at Object.Once (C:\Users\janid\Downloads\mylms\lms\node_modules\@tailwindcss\postcss\dist\index.js:10:7013)]
    [at process.processTicksAndRejections (node:internal/process/task_queues:104:5)]
    [at async LazyResult.runAsync (turbopack:///[project]/node_modules/postcss/lib/lazy-result.js:299:11)]
    [at async transform (turbopack:///[turbopack-node]/transforms/postcss.ts?config=[project]/postcss.config.js:70:34)]
    [at async run (turbopack:///[turbopack-node]/child_process/evaluate.ts:89:23)]

Import trace:
  Client Component Browser:
    ./src/app/workspace.css [Client Component Browser]
    ./src/app/[locale]/layout.tsx [Server Component] @ http://localhost:3000/_next/static/chunks/node_modules_next_dist_1e8vcs8._.js:1052
[  151440ms] [ERROR] ./src/app/workspace.css
Error: Error evaluating Node.js code
CssSyntaxError: tailwindcss: C:\Users\janid\Downloads\mylms\lms\src\app\workspace.css:1:1: Cannot apply unknown utility class `text-body-strong`
    [at Input.error (turbopack:///[project]/node_modules/postcss/lib/input.js:135:16)]
    [at Root.error (turbopack:///[project]/node_modules/postcss/lib/node.js:166:32)]
    [at Object.Once (C:\Users\janid\Downloads\mylms\lms\node_modules\@tailwindcss\postcss\dist\index.js:10:7013)]
    [at process.processTicksAndRejections (node:internal/process/task_queues:104:5)]
    [at async LazyResult.runAsync (turbopack:///[project]/node_modules/postcss/lib/lazy-result.js:299:11)]
    [at async transform (turbopack:///[turbopack-node]/transforms/postcss.ts?config=[project]/postcss.config.js:70:34)]
    [at async run (turbopack:///[turbopack-node]/child_process/evaluate.ts:89:23)]

Import trace:
  Client Component Browser:
    ./src/app/workspace.css [Client Component Browser]
    ./src/app/[locale]/layout.tsx [Server Component] @ http://localhost:3000/_next/static/chunks/node_modules_next_dist_1e8vcs8._.js:1052
[  151503ms] [ERROR] ./src/app/workspace.css
Error: Error evaluating Node.js code
CssSyntaxError: tailwindcss: C:\Users\janid\Downloads\mylms\lms\src\app\workspace.css:1:1: Cannot apply unknown utility class `text-body-strong`
    [at Input.error (turbopack:///[project]/node_modules/postcss/lib/input.js:135:16)]
    [at Root.error (turbopack:///[project]/node_modules/postcss/lib/node.js:166:32)]
    [at Object.Once (C:\Users\janid\Downloads\mylms\lms\node_modules\@tailwindcss\postcss\dist\index.js:10:7013)]
    [at process.processTicksAndRejections (node:internal/process/task_queues:104:5)]
    [at async LazyResult.runAsync (turbopack:///[project]/node_modules/postcss/lib/lazy-result.js:299:11)]
    [at async transform (turbopack:///[turbopack-node]/transforms/postcss.ts?config=[project]/postcss.config.js:70:34)]
    [at async run (turbopack:///[turbopack-node]/child_process/evaluate.ts:89:23)]

Import trace:
  Client Component Browser:
    ./src/app/workspace.css [Client Component Browser]
    ./src/app/[locale]/layout.tsx [Server Component] @ http://localhost:3000/_next/static/chunks/node_modules_next_dist_1e8vcs8._.js:1052
[  151564ms] [ERROR] ./src/app/workspace.css
Error: Error evaluating Node.js code
CssSyntaxError: tailwindcss: C:\Users\janid\Downloads\mylms\lms\src\app\workspace.css:1:1: Cannot apply unknown utility class `text-body-strong`
    [at Input.error (turbopack:///[project]/node_modules/postcss/lib/input.js:135:16)]
    [at Root.error (turbopack:///[project]/node_modules/postcss/lib/node.js:166:32)]
    [at Object.Once (C:\Users\janid\Downloads\mylms\lms\node_modules\@tailwindcss\postcss\dist\index.js:10:7013)]
    [at process.processTicksAndRejections (node:internal/process/task_queues:104:5)]
    [at async LazyResult.runAsync (turbopack:///[project]/node_modules/postcss/lib/lazy-result.js:299:11)]
    [at async transform (turbopack:///[turbopack-node]/transforms/postcss.ts?config=[project]/postcss.config.js:70:34)]
    [at async run (turbopack:///[turbopack-node]/child_process/evaluate.ts:89:23)]

Import trace:
  Client Component Browser:
    ./src/app/workspace.css [Client Component Browser]
    ./src/app/[locale]/layout.tsx [Server Component] @ http://localhost:3000/_next/static/chunks/node_modules_next_dist_1e8vcs8._.js:1052
[  151626ms] [ERROR] ./src/app/workspace.css
Error: Error evaluating Node.js code
CssSyntaxError: tailwindcss: C:\Users\janid\Downloads\mylms\lms\src\app\workspace.css:1:1: Cannot apply unknown utility class `text-body-strong`
    [at Input.error (turbopack:///[project]/node_modules/postcss/lib/input.js:135:16)]
    [at Root.error (turbopack:///[project]/node_modules/postcss/lib/node.js:166:32)]
    [at Object.Once (C:\Users\janid\Downloads\mylms\lms\node_modules\@tailwindcss\postcss\dist\index.js:10:7013)]
    [at process.processTicksAndRejections (node:internal/process/task_queues:104:5)]
    [at async LazyResult.runAsync (turbopack:///[project]/node_modules/postcss/lib/lazy-result.js:299:11)]
    [at async transform (turbopack:///[turbopack-node]/transforms/postcss.ts?config=[project]/postcss.config.js:70:34)]
    [at async run (turbopack:///[turbopack-node]/child_process/evaluate.ts:89:23)]

Import trace:
  Client Component Browser:
    ./src/app/workspace.css [Client Component Browser]
    ./src/app/[locale]/layout.tsx [Server Component] @ http://localhost:3000/_next/static/chunks/node_modules_next_dist_1e8vcs8._.js:1052
[  151688ms] [ERROR] ./src/app/workspace.css
Error: Error evaluating Node.js code
CssSyntaxError: tailwindcss: C:\Users\janid\Downloads\mylms\lms\src\app\workspace.css:1:1: Cannot apply unknown utility class `text-body-strong`
    [at Input.error (turbopack:///[project]/node_modules/postcss/lib/input.js:135:16)]
    [at Root.error (turbopack:///[project]/node_modules/postcss/lib/node.js:166:32)]
    [at Object.Once (C:\Users\janid\Downloads\mylms\lms\node_modules\@tailwindcss\postcss\dist\index.js:10:7013)]
    [at process.processTicksAndRejections (node:internal/process/task_queues:104:5)]
    [at async LazyResult.runAsync (turbopack:///[project]/node_modules/postcss/lib/lazy-result.js:299:11)]
    [at async transform (turbopack:///[turbopack-node]/transforms/postcss.ts?config=[project]/postcss.config.js:70:34)]
    [at async run (turbopack:///[turbopack-node]/child_process/evaluate.ts:89:23)]

Import trace:
  Client Component Browser:
    ./src/app/workspace.css [Client Component Browser]
    ./src/app/[locale]/layout.tsx [Server Component] @ http://localhost:3000/_next/static/chunks/node_modules_next_dist_1e8vcs8._.js:1052
[  151750ms] [ERROR] ./src/app/workspace.css
Error: Error evaluating Node.js code
CssSyntaxError: tailwindcss: C:\Users\janid\Downloads\mylms\lms\src\app\workspace.css:1:1: Cannot apply unknown utility class `text-body-strong`
    [at Input.error (turbopack:///[project]/node_modules/postcss/lib/input.js:135:16)]
    [at Root.error (turbopack:///[project]/node_modules/postcss/lib/node.js:166:32)]
    [at Object.Once (C:\Users\janid\Downloads\mylms\lms\node_modules\@tailwindcss\postcss\dist\index.js:10:7013)]
    [at process.processTicksAndRejections (node:internal/process/task_queues:104:5)]
    [at async LazyResult.runAsync (turbopack:///[project]/node_modules/postcss/lib/lazy-result.js:299:11)]
    [at async transform (turbopack:///[turbopack-node]/transforms/postcss.ts?config=[project]/postcss.config.js:70:34)]
    [at async run (turbopack:///[turbopack-node]/child_process/evaluate.ts:89:23)]

Import trace:
  Client Component Browser:
    ./src/app/workspace.css [Client Component Browser]
    ./src/app/[locale]/layout.tsx [Server Component] @ http://localhost:3000/_next/static/chunks/node_modules_next_dist_1e8vcs8._.js:1052
[  151815ms] [ERROR] ./src/app/workspace.css
Error: Error evaluating Node.js code
CssSyntaxError: tailwindcss: C:\Users\janid\Downloads\mylms\lms\src\app\workspace.css:1:1: Cannot apply unknown utility class `text-body-strong`
    [at Input.error (turbopack:///[project]/node_modules/postcss/lib/input.js:135:16)]
    [at Root.error (turbopack:///[project]/node_modules/postcss/lib/node.js:166:32)]
    [at Object.Once (C:\Users\janid\Downloads\mylms\lms\node_modules\@tailwindcss\postcss\dist\index.js:10:7013)]
    [at process.processTicksAndRejections (node:internal/process/task_queues:104:5)]
    [at async LazyResult.runAsync (turbopack:///[project]/node_modules/postcss/lib/lazy-result.js:299:11)]
    [at async transform (turbopack:///[turbopack-node]/transforms/postcss.ts?config=[project]/postcss.config.js:70:34)]
    [at async run (turbopack:///[turbopack-node]/child_process/evaluate.ts:89:23)]

Import trace:
  Client Component Browser:
    ./src/app/workspace.css [Client Component Browser]
    ./src/app/[locale]/layout.tsx [Server Component] @ http://localhost:3000/_next/static/chunks/node_modules_next_dist_1e8vcs8._.js:1052
[  151876ms] [ERROR] ./src/app/workspace.css
Error: Error evaluating Node.js code
CssSyntaxError: tailwindcss: C:\Users\janid\Downloads\mylms\lms\src\app\workspace.css:1:1: Cannot apply unknown utility class `text-body-strong`
    [at Input.error (turbopack:///[project]/node_modules/postcss/lib/input.js:135:16)]
    [at Root.error (turbopack:///[project]/node_modules/postcss/lib/node.js:166:32)]
    [at Object.Once (C:\Users\janid\Downloads\mylms\lms\node_modules\@tailwindcss\postcss\dist\index.js:10:7013)]
    [at process.processTicksAndRejections (node:internal/process/task_queues:104:5)]
    [at async LazyResult.runAsync (turbopack:///[project]/node_modules/postcss/lib/lazy-result.js:299:11)]
    [at async transform (turbopack:///[turbopack-node]/transforms/postcss.ts?config=[project]/postcss.config.js:70:34)]
    [at async run (turbopack:///[turbopack-node]/child_process/evaluate.ts:89:23)]

Import trace:
  Client Component Browser:
    ./src/app/workspace.css [Client Component Browser]
    ./src/app/[locale]/layout.tsx [Server Component] @ http://localhost:3000/_next/static/chunks/node_modules_next_dist_1e8vcs8._.js:1052
[  151942ms] [ERROR] ./src/app/workspace.css
Error: Error evaluating Node.js code
CssSyntaxError: tailwindcss: C:\Users\janid\Downloads\mylms\lms\src\app\workspace.css:1:1: Cannot apply unknown utility class `text-body-strong`
    [at Input.error (turbopack:///[project]/node_modules/postcss/lib/input.js:135:16)]
    [at Root.error (turbopack:///[project]/node_modules/postcss/lib/node.js:166:32)]
    [at Object.Once (C:\Users\janid\Downloads\mylms\lms\node_modules\@tailwindcss\postcss\dist\index.js:10:7013)]
    [at process.processTicksAndRejections (node:internal/process/task_queues:104:5)]
    [at async LazyResult.runAsync (turbopack:///[project]/node_modules/postcss/lib/lazy-result.js:299:11)]
    [at async transform (turbopack:///[turbopack-node]/transforms/postcss.ts?config=[project]/postcss.config.js:70:34)]
    [at async run (turbopack:///[turbopack-node]/child_process/evaluate.ts:89:23)]

Import trace:
  Client Component Browser:
    ./src/app/workspace.css [Client Component Browser]
    ./src/app/[locale]/layout.tsx [Server Component] @ http://localhost:3000/_next/static/chunks/node_modules_next_dist_1e8vcs8._.js:1052
[  152001ms] [ERROR] ./src/app/workspace.css
Error: Error evaluating Node.js code
CssSyntaxError: tailwindcss: C:\Users\janid\Downloads\mylms\lms\src\app\workspace.css:1:1: Cannot apply unknown utility class `text-body-strong`
    [at Input.error (turbopack:///[project]/node_modules/postcss/lib/input.js:135:16)]
    [at Root.error (turbopack:///[project]/node_modules/postcss/lib/node.js:166:32)]
    [at Object.Once (C:\Users\janid\Downloads\mylms\lms\node_modules\@tailwindcss\postcss\dist\index.js:10:7013)]
    [at process.processTicksAndRejections (node:internal/process/task_queues:104:5)]
    [at async LazyResult.runAsync (turbopack:///[project]/node_modules/postcss/lib/lazy-result.js:299:11)]
    [at async transform (turbopack:///[turbopack-node]/transforms/postcss.ts?config=[project]/postcss.config.js:70:34)]
    [at async run (turbopack:///[turbopack-node]/child_process/evaluate.ts:89:23)]

Import trace:
  Client Component Browser:
    ./src/app/workspace.css [Client Component Browser]
    ./src/app/[locale]/layout.tsx [Server Component] @ http://localhost:3000/_next/static/chunks/node_modules_next_dist_1e8vcs8._.js:1052
[  152065ms] [ERROR] ./src/app/workspace.css
Error: Error evaluating Node.js code
CssSyntaxError: tailwindcss: C:\Users\janid\Downloads\mylms\lms\src\app\workspace.css:1:1: Cannot apply unknown utility class `text-body-strong`
    [at Input.error (turbopack:///[project]/node_modules/postcss/lib/input.js:135:16)]
    [at Root.error (turbopack:///[project]/node_modules/postcss/lib/node.js:166:32)]
    [at Object.Once (C:\Users\janid\Downloads\mylms\lms\node_modules\@tailwindcss\postcss\dist\index.js:10:7013)]
    [at process.processTicksAndRejections (node:internal/process/task_queues:104:5)]
    [at async LazyResult.runAsync (turbopack:///[project]/node_modules/postcss/lib/lazy-result.js:299:11)]
    [at async transform (turbopack:///[turbopack-node]/transforms/postcss.ts?config=[project]/postcss.config.js:70:34)]
    [at async run (turbopack:///[turbopack-node]/child_process/evaluate.ts:89:23)]

Import trace:
  Client Component Browser:
    ./src/app/workspace.css [Client Component Browser]
    ./src/app/[locale]/layout.tsx [Server Component] @ http://localhost:3000/_next/static/chunks/node_modules_next_dist_1e8vcs8._.js:1052
[  152128ms] [ERROR] ./src/app/workspace.css
Error: Error evaluating Node.js code
CssSyntaxError: tailwindcss: C:\Users\janid\Downloads\mylms\lms\src\app\workspace.css:1:1: Cannot apply unknown utility class `text-body-strong`
    [at Input.error (turbopack:///[project]/node_modules/postcss/lib/input.js:135:16)]
    [at Root.error (turbopack:///[project]/node_modules/postcss/lib/node.js:166:32)]
    [at Object.Once (C:\Users\janid\Downloads\mylms\lms\node_modules\@tailwindcss\postcss\dist\index.js:10:7013)]
    [at process.processTicksAndRejections (node:internal/process/task_queues:104:5)]
    [at async LazyResult.runAsync (turbopack:///[project]/node_modules/postcss/lib/lazy-result.js:299:11)]
    [at async transform (turbopack:///[turbopack-node]/transforms/postcss.ts?config=[project]/postcss.config.js:70:34)]
    [at async run (turbopack:///[turbopack-node]/child_process/evaluate.ts:89:23)]

Import trace:
  Client Component Browser:
    ./src/app/workspace.css [Client Component Browser]
    ./src/app/[locale]/layout.tsx [Server Component] @ http://localhost:3000/_next/static/chunks/node_modules_next_dist_1e8vcs8._.js:1052
[  152189ms] [ERROR] ./src/app/workspace.css
Error: Error evaluating Node.js code
CssSyntaxError: tailwindcss: C:\Users\janid\Downloads\mylms\lms\src\app\workspace.css:1:1: Cannot apply unknown utility class `text-body-strong`
    [at Input.error (turbopack:///[project]/node_modules/postcss/lib/input.js:135:16)]
    [at Root.error (turbopack:///[project]/node_modules/postcss/lib/node.js:166:32)]
    [at Object.Once (C:\Users\janid\Downloads\mylms\lms\node_modules\@tailwindcss\postcss\dist\index.js:10:7013)]
    [at process.processTicksAndRejections (node:internal/process/task_queues:104:5)]
    [at async LazyResult.runAsync (turbopack:///[project]/node_modules/postcss/lib/lazy-result.js:299:11)]
    [at async transform (turbopack:///[turbopack-node]/transforms/postcss.ts?config=[project]/postcss.config.js:70:34)]
    [at async run (turbopack:///[turbopack-node]/child_process/evaluate.ts:89:23)]

Import trace:
  Client Component Browser:
    ./src/app/workspace.css [Client Component Browser]
    ./src/app/[locale]/layout.tsx [Server Component] @ http://localhost:3000/_next/static/chunks/node_modules_next_dist_1e8vcs8._.js:1052
[  152251ms] [ERROR] ./src/app/workspace.css
Error: Error evaluating Node.js code
CssSyntaxError: tailwindcss: C:\Users\janid\Downloads\mylms\lms\src\app\workspace.css:1:1: Cannot apply unknown utility class `text-body-strong`
    [at Input.error (turbopack:///[project]/node_modules/postcss/lib/input.js:135:16)]
    [at Root.error (turbopack:///[project]/node_modules/postcss/lib/node.js:166:32)]
    [at Object.Once (C:\Users\janid\Downloads\mylms\lms\node_modules\@tailwindcss\postcss\dist\index.js:10:7013)]
    [at process.processTicksAndRejections (node:internal/process/task_queues:104:5)]
    [at async LazyResult.runAsync (turbopack:///[project]/node_modules/postcss/lib/lazy-result.js:299:11)]
    [at async transform (turbopack:///[turbopack-node]/transforms/postcss.ts?config=[project]/postcss.config.js:70:34)]
    [at async run (turbopack:///[turbopack-node]/child_process/evaluate.ts:89:23)]

Import trace:
  Client Component Browser:
    ./src/app/workspace.css [Client Component Browser]
    ./src/app/[locale]/layout.tsx [Server Component] @ http://localhost:3000/_next/static/chunks/node_modules_next_dist_1e8vcs8._.js:1052
[  152313ms] [ERROR] ./src/app/workspace.css
Error: Error evaluating Node.js code
CssSyntaxError: tailwindcss: C:\Users\janid\Downloads\mylms\lms\src\app\workspace.css:1:1: Cannot apply unknown utility class `text-body-strong`
    [at Input.error (turbopack:///[project]/node_modules/postcss/lib/input.js:135:16)]
    [at Root.error (turbopack:///[project]/node_modules/postcss/lib/node.js:166:32)]
    [at Object.Once (C:\Users\janid\Downloads\mylms\lms\node_modules\@tailwindcss\postcss\dist\index.js:10:7013)]
    [at process.processTicksAndRejections (node:internal/process/task_queues:104:5)]
    [at async LazyResult.runAsync (turbopack:///[project]/node_modules/postcss/lib/lazy-result.js:299:11)]
    [at async transform (turbopack:///[turbopack-node]/transforms/postcss.ts?config=[project]/postcss.config.js:70:34)]
    [at async run (turbopack:///[turbopack-node]/child_process/evaluate.ts:89:23)]

Import trace:
  Client Component Browser:
    ./src/app/workspace.css [Client Component Browser]
    ./src/app/[locale]/layout.tsx [Server Component] @ http://localhost:3000/_next/static/chunks/node_modules_next_dist_1e8vcs8._.js:1052
[  152376ms] [ERROR] ./src/app/workspace.css
Error: Error evaluating Node.js code
CssSyntaxError: tailwindcss: C:\Users\janid\Downloads\mylms\lms\src\app\workspace.css:1:1: Cannot apply unknown utility class `text-body-strong`
    [at Input.error (turbopack:///[project]/node_modules/postcss/lib/input.js:135:16)]
    [at Root.error (turbopack:///[project]/node_modules/postcss/lib/node.js:166:32)]
    [at Object.Once (C:\Users\janid\Downloads\mylms\lms\node_modules\@tailwindcss\postcss\dist\index.js:10:7013)]
    [at process.processTicksAndRejections (node:internal/process/task_queues:104:5)]
    [at async LazyResult.runAsync (turbopack:///[project]/node_modules/postcss/lib/lazy-result.js:299:11)]
    [at async transform (turbopack:///[turbopack-node]/transforms/postcss.ts?config=[project]/postcss.config.js:70:34)]
    [at async run (turbopack:///[turbopack-node]/child_process/evaluate.ts:89:23)]

Import trace:
  Client Component Browser:
    ./src/app/workspace.css [Client Component Browser]
    ./src/app/[locale]/layout.tsx [Server Component] @ http://localhost:3000/_next/static/chunks/node_modules_next_dist_1e8vcs8._.js:1052
[  152439ms] [ERROR] ./src/app/workspace.css
Error: Error evaluating Node.js code
CssSyntaxError: tailwindcss: C:\Users\janid\Downloads\mylms\lms\src\app\workspace.css:1:1: Cannot apply unknown utility class `text-body-strong`
    [at Input.error (turbopack:///[project]/node_modules/postcss/lib/input.js:135:16)]
    [at Root.error (turbopack:///[project]/node_modules/postcss/lib/node.js:166:32)]
    [at Object.Once (C:\Users\janid\Downloads\mylms\lms\node_modules\@tailwindcss\postcss\dist\index.js:10:7013)]
    [at process.processTicksAndRejections (node:internal/process/task_queues:104:5)]
    [at async LazyResult.runAsync (turbopack:///[project]/node_modules/postcss/lib/lazy-result.js:299:11)]
    [at async transform (turbopack:///[turbopack-node]/transforms/postcss.ts?config=[project]/postcss.config.js:70:34)]
    [at async run (turbopack:///[turbopack-node]/child_process/evaluate.ts:89:23)]

Import trace:
  Client Component Browser:
    ./src/app/workspace.css [Client Component Browser]
    ./src/app/[locale]/layout.tsx [Server Component] @ http://localhost:3000/_next/static/chunks/node_modules_next_dist_1e8vcs8._.js:1052
[  152502ms] [ERROR] ./src/app/workspace.css
Error: Error evaluating Node.js code
CssSyntaxError: tailwindcss: C:\Users\janid\Downloads\mylms\lms\src\app\workspace.css:1:1: Cannot apply unknown utility class `text-body-strong`
    [at Input.error (turbopack:///[project]/node_modules/postcss/lib/input.js:135:16)]
    [at Root.error (turbopack:///[project]/node_modules/postcss/lib/node.js:166:32)]
    [at Object.Once (C:\Users\janid\Downloads\mylms\lms\node_modules\@tailwindcss\postcss\dist\index.js:10:7013)]
    [at process.processTicksAndRejections (node:internal/process/task_queues:104:5)]
    [at async LazyResult.runAsync (turbopack:///[project]/node_modules/postcss/lib/lazy-result.js:299:11)]
    [at async transform (turbopack:///[turbopack-node]/transforms/postcss.ts?config=[project]/postcss.config.js:70:34)]
    [at async run (turbopack:///[turbopack-node]/child_process/evaluate.ts:89:23)]

Import trace:
  Client Component Browser:
    ./src/app/workspace.css [Client Component Browser]
    ./src/app/[locale]/layout.tsx [Server Component] @ http://localhost:3000/_next/static/chunks/node_modules_next_dist_1e8vcs8._.js:1052
[  152566ms] [ERROR] ./src/app/workspace.css
Error: Error evaluating Node.js code
CssSyntaxError: tailwindcss: C:\Users\janid\Downloads\mylms\lms\src\app\workspace.css:1:1: Cannot apply unknown utility class `text-body-strong`
    [at Input.error (turbopack:///[project]/node_modules/postcss/lib/input.js:135:16)]
    [at Root.error (turbopack:///[project]/node_modules/postcss/lib/node.js:166:32)]
    [at Object.Once (C:\Users\janid\Downloads\mylms\lms\node_modules\@tailwindcss\postcss\dist\index.js:10:7013)]
    [at process.processTicksAndRejections (node:internal/process/task_queues:104:5)]
    [at async LazyResult.runAsync (turbopack:///[project]/node_modules/postcss/lib/lazy-result.js:299:11)]
    [at async transform (turbopack:///[turbopack-node]/transforms/postcss.ts?config=[project]/postcss.config.js:70:34)]
    [at async run (turbopack:///[turbopack-node]/child_process/evaluate.ts:89:23)]

Import trace:
  Client Component Browser:
    ./src/app/workspace.css [Client Component Browser]
    ./src/app/[locale]/layout.tsx [Server Component] @ http://localhost:3000/_next/static/chunks/node_modules_next_dist_1e8vcs8._.js:1052
[  152627ms] [ERROR] ./src/app/workspace.css
Error: Error evaluating Node.js code
CssSyntaxError: tailwindcss: C:\Users\janid\Downloads\mylms\lms\src\app\workspace.css:1:1: Cannot apply unknown utility class `text-body-strong`
    [at Input.error (turbopack:///[project]/node_modules/postcss/lib/input.js:135:16)]
    [at Root.error (turbopack:///[project]/node_modules/postcss/lib/node.js:166:32)]
    [at Object.Once (C:\Users\janid\Downloads\mylms\lms\node_modules\@tailwindcss\postcss\dist\index.js:10:7013)]
    [at process.processTicksAndRejections (node:internal/process/task_queues:104:5)]
    [at async LazyResult.runAsync (turbopack:///[project]/node_modules/postcss/lib/lazy-result.js:299:11)]
    [at async transform (turbopack:///[turbopack-node]/transforms/postcss.ts?config=[project]/postcss.config.js:70:34)]
    [at async run (turbopack:///[turbopack-node]/child_process/evaluate.ts:89:23)]

Import trace:
  Client Component Browser:
    ./src/app/workspace.css [Client Component Browser]
    ./src/app/[locale]/layout.tsx [Server Component] @ http://localhost:3000/_next/static/chunks/node_modules_next_dist_1e8vcs8._.js:1052
[  152691ms] [ERROR] ./src/app/workspace.css
Error: Error evaluating Node.js code
CssSyntaxError: tailwindcss: C:\Users\janid\Downloads\mylms\lms\src\app\workspace.css:1:1: Cannot apply unknown utility class `text-body-strong`
    [at Input.error (turbopack:///[project]/node_modules/postcss/lib/input.js:135:16)]
    [at Root.error (turbopack:///[project]/node_modules/postcss/lib/node.js:166:32)]
    [at Object.Once (C:\Users\janid\Downloads\mylms\lms\node_modules\@tailwindcss\postcss\dist\index.js:10:7013)]
    [at process.processTicksAndRejections (node:internal/process/task_queues:104:5)]
    [at async LazyResult.runAsync (turbopack:///[project]/node_modules/postcss/lib/lazy-result.js:299:11)]
    [at async transform (turbopack:///[turbopack-node]/transforms/postcss.ts?config=[project]/postcss.config.js:70:34)]
    [at async run (turbopack:///[turbopack-node]/child_process/evaluate.ts:89:23)]

Import trace:
  Client Component Browser:
    ./src/app/workspace.css [Client Component Browser]
    ./src/app/[locale]/layout.tsx [Server Component] @ http://localhost:3000/_next/static/chunks/node_modules_next_dist_1e8vcs8._.js:1052
[  152752ms] [ERROR] ./src/app/workspace.css
Error: Error evaluating Node.js code
CssSyntaxError: tailwindcss: C:\Users\janid\Downloads\mylms\lms\src\app\workspace.css:1:1: Cannot apply unknown utility class `text-body-strong`
    [at Input.error (turbopack:///[project]/node_modules/postcss/lib/input.js:135:16)]
    [at Root.error (turbopack:///[project]/node_modules/postcss/lib/node.js:166:32)]
    [at Object.Once (C:\Users\janid\Downloads\mylms\lms\node_modules\@tailwindcss\postcss\dist\index.js:10:7013)]
    [at process.processTicksAndRejections (node:internal/process/task_queues:104:5)]
    [at async LazyResult.runAsync (turbopack:///[project]/node_modules/postcss/lib/lazy-result.js:299:11)]
    [at async transform (turbopack:///[turbopack-node]/transforms/postcss.ts?config=[project]/postcss.config.js:70:34)]
    [at async run (turbopack:///[turbopack-node]/child_process/evaluate.ts:89:23)]

Import trace:
  Client Component Browser:
    ./src/app/workspace.css [Client Component Browser]
    ./src/app/[locale]/layout.tsx [Server Component] @ http://localhost:3000/_next/static/chunks/node_modules_next_dist_1e8vcs8._.js:1052
[  152815ms] [ERROR] ./src/app/workspace.css
Error: Error evaluating Node.js code
CssSyntaxError: tailwindcss: C:\Users\janid\Downloads\mylms\lms\src\app\workspace.css:1:1: Cannot apply unknown utility class `text-body-strong`
    [at Input.error (turbopack:///[project]/node_modules/postcss/lib/input.js:135:16)]
    [at Root.error (turbopack:///[project]/node_modules/postcss/lib/node.js:166:32)]
    [at Object.Once (C:\Users\janid\Downloads\mylms\lms\node_modules\@tailwindcss\postcss\dist\index.js:10:7013)]
    [at process.processTicksAndRejections (node:internal/process/task_queues:104:5)]
    [at async LazyResult.runAsync (turbopack:///[project]/node_modules/postcss/lib/lazy-result.js:299:11)]
    [at async transform (turbopack:///[turbopack-node]/transforms/postcss.ts?config=[project]/postcss.config.js:70:34)]
    [at async run (turbopack:///[turbopack-node]/child_process/evaluate.ts:89:23)]

Import trace:
  Client Component Browser:
    ./src/app/workspace.css [Client Component Browser]
    ./src/app/[locale]/layout.tsx [Server Component] @ http://localhost:3000/_next/static/chunks/node_modules_next_dist_1e8vcs8._.js:1052
[  152877ms] [ERROR] ./src/app/workspace.css
Error: Error evaluating Node.js code
CssSyntaxError: tailwindcss: C:\Users\janid\Downloads\mylms\lms\src\app\workspace.css:1:1: Cannot apply unknown utility class `text-body-strong`
    [at Input.error (turbopack:///[project]/node_modules/postcss/lib/input.js:135:16)]
    [at Root.error (turbopack:///[project]/node_modules/postcss/lib/node.js:166:32)]
    [at Object.Once (C:\Users\janid\Downloads\mylms\lms\node_modules\@tailwindcss\postcss\dist\index.js:10:7013)]
    [at process.processTicksAndRejections (node:internal/process/task_queues:104:5)]
    [at async LazyResult.runAsync (turbopack:///[project]/node_modules/postcss/lib/lazy-result.js:299:11)]
    [at async transform (turbopack:///[turbopack-node]/transforms/postcss.ts?config=[project]/postcss.config.js:70:34)]
    [at async run (turbopack:///[turbopack-node]/child_process/evaluate.ts:89:23)]

Import trace:
  Client Component Browser:
    ./src/app/workspace.css [Client Component Browser]
    ./src/app/[locale]/layout.tsx [Server Component] @ http://localhost:3000/_next/static/chunks/node_modules_next_dist_1e8vcs8._.js:1052
[  152939ms] [ERROR] ./src/app/workspace.css
Error: Error evaluating Node.js code
CssSyntaxError: tailwindcss: C:\Users\janid\Downloads\mylms\lms\src\app\workspace.css:1:1: Cannot apply unknown utility class `text-body-strong`
    [at Input.error (turbopack:///[project]/node_modules/postcss/lib/input.js:135:16)]
    [at Root.error (turbopack:///[project]/node_modules/postcss/lib/node.js:166:32)]
    [at Object.Once (C:\Users\janid\Downloads\mylms\lms\node_modules\@tailwindcss\postcss\dist\index.js:10:7013)]
    [at process.processTicksAndRejections (node:internal/process/task_queues:104:5)]
    [at async LazyResult.runAsync (turbopack:///[project]/node_modules/postcss/lib/lazy-result.js:299:11)]
    [at async transform (turbopack:///[turbopack-node]/transforms/postcss.ts?config=[project]/postcss.config.js:70:34)]
    [at async run (turbopack:///[turbopack-node]/child_process/evaluate.ts:89:23)]

Import trace:
  Client Component Browser:
    ./src/app/workspace.css [Client Component Browser]
    ./src/app/[locale]/layout.tsx [Server Component] @ http://localhost:3000/_next/static/chunks/node_modules_next_dist_1e8vcs8._.js:1052
[  153003ms] [ERROR] ./src/app/workspace.css
Error: Error evaluating Node.js code
CssSyntaxError: tailwindcss: C:\Users\janid\Downloads\mylms\lms\src\app\workspace.css:1:1: Cannot apply unknown utility class `text-body-strong`
    [at Input.error (turbopack:///[project]/node_modules/postcss/lib/input.js:135:16)]
    [at Root.error (turbopack:///[project]/node_modules/postcss/lib/node.js:166:32)]
    [at Object.Once (C:\Users\janid\Downloads\mylms\lms\node_modules\@tailwindcss\postcss\dist\index.js:10:7013)]
    [at process.processTicksAndRejections (node:internal/process/task_queues:104:5)]
    [at async LazyResult.runAsync (turbopack:///[project]/node_modules/postcss/lib/lazy-result.js:299:11)]
    [at async transform (turbopack:///[turbopack-node]/transforms/postcss.ts?config=[project]/postcss.config.js:70:34)]
    [at async run (turbopack:///[turbopack-node]/child_process/evaluate.ts:89:23)]

Import trace:
  Client Component Browser:
    ./src/app/workspace.css [Client Component Browser]
    ./src/app/[locale]/layout.tsx [Server Component] @ http://localhost:3000/_next/static/chunks/node_modules_next_dist_1e8vcs8._.js:1052
[  153065ms] [ERROR] ./src/app/workspace.css
Error: Error evaluating Node.js code
CssSyntaxError: tailwindcss: C:\Users\janid\Downloads\mylms\lms\src\app\workspace.css:1:1: Cannot apply unknown utility class `text-body-strong`
    [at Input.error (turbopack:///[project]/node_modules/postcss/lib/input.js:135:16)]
    [at Root.error (turbopack:///[project]/node_modules/postcss/lib/node.js:166:32)]
    [at Object.Once (C:\Users\janid\Downloads\mylms\lms\node_modules\@tailwindcss\postcss\dist\index.js:10:7013)]
    [at process.processTicksAndRejections (node:internal/process/task_queues:104:5)]
    [at async LazyResult.runAsync (turbopack:///[project]/node_modules/postcss/lib/lazy-result.js:299:11)]
    [at async transform (turbopack:///[turbopack-node]/transforms/postcss.ts?config=[project]/postcss.config.js:70:34)]
    [at async run (turbopack:///[turbopack-node]/child_process/evaluate.ts:89:23)]

Import trace:
  Client Component Browser:
    ./src/app/workspace.css [Client Component Browser]
    ./src/app/[locale]/layout.tsx [Server Component] @ http://localhost:3000/_next/static/chunks/node_modules_next_dist_1e8vcs8._.js:1052
[  153127ms] [ERROR] ./src/app/workspace.css
Error: Error evaluating Node.js code
CssSyntaxError: tailwindcss: C:\Users\janid\Downloads\mylms\lms\src\app\workspace.css:1:1: Cannot apply unknown utility class `text-body-strong`
    [at Input.error (turbopack:///[project]/node_modules/postcss/lib/input.js:135:16)]
    [at Root.error (turbopack:///[project]/node_modules/postcss/lib/node.js:166:32)]
    [at Object.Once (C:\Users\janid\Downloads\mylms\lms\node_modules\@tailwindcss\postcss\dist\index.js:10:7013)]
    [at process.processTicksAndRejections (node:internal/process/task_queues:104:5)]
    [at async LazyResult.runAsync (turbopack:///[project]/node_modules/postcss/lib/lazy-result.js:299:11)]
    [at async transform (turbopack:///[turbopack-node]/transforms/postcss.ts?config=[project]/postcss.config.js:70:34)]
    [at async run (turbopack:///[turbopack-node]/child_process/evaluate.ts:89:23)]

Import trace:
  Client Component Browser:
    ./src/app/workspace.css [Client Component Browser]
    ./src/app/[locale]/layout.tsx [Server Component] @ http://localhost:3000/_next/static/chunks/node_modules_next_dist_1e8vcs8._.js:1052
[  153189ms] [ERROR] ./src/app/workspace.css
Error: Error evaluating Node.js code
CssSyntaxError: tailwindcss: C:\Users\janid\Downloads\mylms\lms\src\app\workspace.css:1:1: Cannot apply unknown utility class `text-body-strong`
    [at Input.error (turbopack:///[project]/node_modules/postcss/lib/input.js:135:16)]
    [at Root.error (turbopack:///[project]/node_modules/postcss/lib/node.js:166:32)]
    [at Object.Once (C:\Users\janid\Downloads\mylms\lms\node_modules\@tailwindcss\postcss\dist\index.js:10:7013)]
    [at process.processTicksAndRejections (node:internal/process/task_queues:104:5)]
    [at async LazyResult.runAsync (turbopack:///[project]/node_modules/postcss/lib/lazy-result.js:299:11)]
    [at async transform (turbopack:///[turbopack-node]/transforms/postcss.ts?config=[project]/postcss.config.js:70:34)]
    [at async run (turbopack:///[turbopack-node]/child_process/evaluate.ts:89:23)]

Import trace:
  Client Component Browser:
    ./src/app/workspace.css [Client Component Browser]
    ./src/app/[locale]/layout.tsx [Server Component] @ http://localhost:3000/_next/static/chunks/node_modules_next_dist_1e8vcs8._.js:1052
[  153251ms] [ERROR] ./src/app/workspace.css
Error: Error evaluating Node.js code
CssSyntaxError: tailwindcss: C:\Users\janid\Downloads\mylms\lms\src\app\workspace.css:1:1: Cannot apply unknown utility class `text-body-strong`
    [at Input.error (turbopack:///[project]/node_modules/postcss/lib/input.js:135:16)]
    [at Root.error (turbopack:///[project]/node_modules/postcss/lib/node.js:166:32)]
    [at Object.Once (C:\Users\janid\Downloads\mylms\lms\node_modules\@tailwindcss\postcss\dist\index.js:10:7013)]
    [at process.processTicksAndRejections (node:internal/process/task_queues:104:5)]
    [at async LazyResult.runAsync (turbopack:///[project]/node_modules/postcss/lib/lazy-result.js:299:11)]
    [at async transform (turbopack:///[turbopack-node]/transforms/postcss.ts?config=[project]/postcss.config.js:70:34)]
    [at async run (turbopack:///[turbopack-node]/child_process/evaluate.ts:89:23)]

Import trace:
  Client Component Browser:
    ./src/app/workspace.css [Client Component Browser]
    ./src/app/[locale]/layout.tsx [Server Component] @ http://localhost:3000/_next/static/chunks/node_modules_next_dist_1e8vcs8._.js:1052
[  153315ms] [ERROR] ./src/app/workspace.css
Error: Error evaluating Node.js code
CssSyntaxError: tailwindcss: C:\Users\janid\Downloads\mylms\lms\src\app\workspace.css:1:1: Cannot apply unknown utility class `text-body-strong`
    [at Input.error (turbopack:///[project]/node_modules/postcss/lib/input.js:135:16)]
    [at Root.error (turbopack:///[project]/node_modules/postcss/lib/node.js:166:32)]
    [at Object.Once (C:\Users\janid\Downloads\mylms\lms\node_modules\@tailwindcss\postcss\dist\index.js:10:7013)]
    [at process.processTicksAndRejections (node:internal/process/task_queues:104:5)]
    [at async LazyResult.runAsync (turbopack:///[project]/node_modules/postcss/lib/lazy-result.js:299:11)]
    [at async transform (turbopack:///[turbopack-node]/transforms/postcss.ts?config=[project]/postcss.config.js:70:34)]
    [at async run (turbopack:///[turbopack-node]/child_process/evaluate.ts:89:23)]

Import trace:
  Client Component Browser:
    ./src/app/workspace.css [Client Component Browser]
    ./src/app/[locale]/layout.tsx [Server Component] @ http://localhost:3000/_next/static/chunks/node_modules_next_dist_1e8vcs8._.js:1052
[  153376ms] [ERROR] ./src/app/workspace.css
Error: Error evaluating Node.js code
CssSyntaxError: tailwindcss: C:\Users\janid\Downloads\mylms\lms\src\app\workspace.css:1:1: Cannot apply unknown utility class `text-body-strong`
    [at Input.error (turbopack:///[project]/node_modules/postcss/lib/input.js:135:16)]
    [at Root.error (turbopack:///[project]/node_modules/postcss/lib/node.js:166:32)]
    [at Object.Once (C:\Users\janid\Downloads\mylms\lms\node_modules\@tailwindcss\postcss\dist\index.js:10:7013)]
    [at process.processTicksAndRejections (node:internal/process/task_queues:104:5)]
    [at async LazyResult.runAsync (turbopack:///[project]/node_modules/postcss/lib/lazy-result.js:299:11)]
    [at async transform (turbopack:///[turbopack-node]/transforms/postcss.ts?config=[project]/postcss.config.js:70:34)]
    [at async run (turbopack:///[turbopack-node]/child_process/evaluate.ts:89:23)]

Import trace:
  Client Component Browser:
    ./src/app/workspace.css [Client Component Browser]
    ./src/app/[locale]/layout.tsx [Server Component] @ http://localhost:3000/_next/static/chunks/node_modules_next_dist_1e8vcs8._.js:1052
[  153438ms] [ERROR] ./src/app/workspace.css
Error: Error evaluating Node.js code
CssSyntaxError: tailwindcss: C:\Users\janid\Downloads\mylms\lms\src\app\workspace.css:1:1: Cannot apply unknown utility class `text-body-strong`
    [at Input.error (turbopack:///[project]/node_modules/postcss/lib/input.js:135:16)]
    [at Root.error (turbopack:///[project]/node_modules/postcss/lib/node.js:166:32)]
    [at Object.Once (C:\Users\janid\Downloads\mylms\lms\node_modules\@tailwindcss\postcss\dist\index.js:10:7013)]
    [at process.processTicksAndRejections (node:internal/process/task_queues:104:5)]
    [at async LazyResult.runAsync (turbopack:///[project]/node_modules/postcss/lib/lazy-result.js:299:11)]
    [at async transform (turbopack:///[turbopack-node]/transforms/postcss.ts?config=[project]/postcss.config.js:70:34)]
    [at async run (turbopack:///[turbopack-node]/child_process/evaluate.ts:89:23)]

Import trace:
  Client Component Browser:
    ./src/app/workspace.css [Client Component Browser]
    ./src/app/[locale]/layout.tsx [Server Component] @ http://localhost:3000/_next/static/chunks/node_modules_next_dist_1e8vcs8._.js:1052
[  153500ms] [ERROR] ./src/app/workspace.css
Error: Error evaluating Node.js code
CssSyntaxError: tailwindcss: C:\Users\janid\Downloads\mylms\lms\src\app\workspace.css:1:1: Cannot apply unknown utility class `text-body-strong`
    [at Input.error (turbopack:///[project]/node_modules/postcss/lib/input.js:135:16)]
    [at Root.error (turbopack:///[project]/node_modules/postcss/lib/node.js:166:32)]
    [at Object.Once (C:\Users\janid\Downloads\mylms\lms\node_modules\@tailwindcss\postcss\dist\index.js:10:7013)]
    [at process.processTicksAndRejections (node:internal/process/task_queues:104:5)]
    [at async LazyResult.runAsync (turbopack:///[project]/node_modules/postcss/lib/lazy-result.js:299:11)]
    [at async transform (turbopack:///[turbopack-node]/transforms/postcss.ts?config=[project]/postcss.config.js:70:34)]
    [at async run (turbopack:///[turbopack-node]/child_process/evaluate.ts:89:23)]

Import trace:
  Client Component Browser:
    ./src/app/workspace.css [Client Component Browser]
    ./src/app/[locale]/layout.tsx [Server Component] @ http://localhost:3000/_next/static/chunks/node_modules_next_dist_1e8vcs8._.js:1052
[  153562ms] [ERROR] ./src/app/workspace.css
Error: Error evaluating Node.js code
CssSyntaxError: tailwindcss: C:\Users\janid\Downloads\mylms\lms\src\app\workspace.css:1:1: Cannot apply unknown utility class `text-body-strong`
    [at Input.error (turbopack:///[project]/node_modules/postcss/lib/input.js:135:16)]
    [at Root.error (turbopack:///[project]/node_modules/postcss/lib/node.js:166:32)]
    [at Object.Once (C:\Users\janid\Downloads\mylms\lms\node_modules\@tailwindcss\postcss\dist\index.js:10:7013)]
    [at process.processTicksAndRejections (node:internal/process/task_queues:104:5)]
    [at async LazyResult.runAsync (turbopack:///[project]/node_modules/postcss/lib/lazy-result.js:299:11)]
    [at async transform (turbopack:///[turbopack-node]/transforms/postcss.ts?config=[project]/postcss.config.js:70:34)]
    [at async run (turbopack:///[turbopack-node]/child_process/evaluate.ts:89:23)]

Import trace:
  Client Component Browser:
    ./src/app/workspace.css [Client Component Browser]
    ./src/app/[locale]/layout.tsx [Server Component] @ http://localhost:3000/_next/static/chunks/node_modules_next_dist_1e8vcs8._.js:1052
[  153624ms] [ERROR] ./src/app/workspace.css
Error: Error evaluating Node.js code
CssSyntaxError: tailwindcss: C:\Users\janid\Downloads\mylms\lms\src\app\workspace.css:1:1: Cannot apply unknown utility class `text-body-strong`
    [at Input.error (turbopack:///[project]/node_modules/postcss/lib/input.js:135:16)]
    [at Root.error (turbopack:///[project]/node_modules/postcss/lib/node.js:166:32)]
    [at Object.Once (C:\Users\janid\Downloads\mylms\lms\node_modules\@tailwindcss\postcss\dist\index.js:10:7013)]
    [at process.processTicksAndRejections (node:internal/process/task_queues:104:5)]
    [at async LazyResult.runAsync (turbopack:///[project]/node_modules/postcss/lib/lazy-result.js:299:11)]
    [at async transform (turbopack:///[turbopack-node]/transforms/postcss.ts?config=[project]/postcss.config.js:70:34)]
    [at async run (turbopack:///[turbopack-node]/child_process/evaluate.ts:89:23)]

Import trace:
  Client Component Browser:
    ./src/app/workspace.css [Client Component Browser]
    ./src/app/[locale]/layout.tsx [Server Component] @ http://localhost:3000/_next/static/chunks/node_modules_next_dist_1e8vcs8._.js:1052
[  153686ms] [ERROR] ./src/app/workspace.css
Error: Error evaluating Node.js code
CssSyntaxError: tailwindcss: C:\Users\janid\Downloads\mylms\lms\src\app\workspace.css:1:1: Cannot apply unknown utility class `text-body-strong`
    [at Input.error (turbopack:///[project]/node_modules/postcss/lib/input.js:135:16)]
    [at Root.error (turbopack:///[project]/node_modules/postcss/lib/node.js:166:32)]
    [at Object.Once (C:\Users\janid\Downloads\mylms\lms\node_modules\@tailwindcss\postcss\dist\index.js:10:7013)]
    [at process.processTicksAndRejections (node:internal/process/task_queues:104:5)]
    [at async LazyResult.runAsync (turbopack:///[project]/node_modules/postcss/lib/lazy-result.js:299:11)]
    [at async transform (turbopack:///[turbopack-node]/transforms/postcss.ts?config=[project]/postcss.config.js:70:34)]
    [at async run (turbopack:///[turbopack-node]/child_process/evaluate.ts:89:23)]

Import trace:
  Client Component Browser:
    ./src/app/workspace.css [Client Component Browser]
    ./src/app/[locale]/layout.tsx [Server Component] @ http://localhost:3000/_next/static/chunks/node_modules_next_dist_1e8vcs8._.js:1052
[  153748ms] [ERROR] ./src/app/workspace.css
Error: Error evaluating Node.js code
CssSyntaxError: tailwindcss: C:\Users\janid\Downloads\mylms\lms\src\app\workspace.css:1:1: Cannot apply unknown utility class `text-body-strong`
    [at Input.error (turbopack:///[project]/node_modules/postcss/lib/input.js:135:16)]
    [at Root.error (turbopack:///[project]/node_modules/postcss/lib/node.js:166:32)]
    [at Object.Once (C:\Users\janid\Downloads\mylms\lms\node_modules\@tailwindcss\postcss\dist\index.js:10:7013)]
    [at process.processTicksAndRejections (node:internal/process/task_queues:104:5)]
    [at async LazyResult.runAsync (turbopack:///[project]/node_modules/postcss/lib/lazy-result.js:299:11)]
    [at async transform (turbopack:///[turbopack-node]/transforms/postcss.ts?config=[project]/postcss.config.js:70:34)]
    [at async run (turbopack:///[turbopack-node]/child_process/evaluate.ts:89:23)]

Import trace:
  Client Component Browser:
    ./src/app/workspace.css [Client Component Browser]
    ./src/app/[locale]/layout.tsx [Server Component] @ http://localhost:3000/_next/static/chunks/node_modules_next_dist_1e8vcs8._.js:1052
[  153811ms] [ERROR] ./src/app/workspace.css
Error: Error evaluating Node.js code
CssSyntaxError: tailwindcss: C:\Users\janid\Downloads\mylms\lms\src\app\workspace.css:1:1: Cannot apply unknown utility class `text-body-strong`
    [at Input.error (turbopack:///[project]/node_modules/postcss/lib/input.js:135:16)]
    [at Root.error (turbopack:///[project]/node_modules/postcss/lib/node.js:166:32)]
    [at Object.Once (C:\Users\janid\Downloads\mylms\lms\node_modules\@tailwindcss\postcss\dist\index.js:10:7013)]
    [at process.processTicksAndRejections (node:internal/process/task_queues:104:5)]
    [at async LazyResult.runAsync (turbopack:///[project]/node_modules/postcss/lib/lazy-result.js:299:11)]
    [at async transform (turbopack:///[turbopack-node]/transforms/postcss.ts?config=[project]/postcss.config.js:70:34)]
    [at async run (turbopack:///[turbopack-node]/child_process/evaluate.ts:89:23)]

Import trace:
  Client Component Browser:
    ./src/app/workspace.css [Client Component Browser]
    ./src/app/[locale]/layout.tsx [Server Component] @ http://localhost:3000/_next/static/chunks/node_modules_next_dist_1e8vcs8._.js:1052
[  153873ms] [ERROR] ./src/app/workspace.css
Error: Error evaluating Node.js code
CssSyntaxError: tailwindcss: C:\Users\janid\Downloads\mylms\lms\src\app\workspace.css:1:1: Cannot apply unknown utility class `text-body-strong`
    [at Input.error (turbopack:///[project]/node_modules/postcss/lib/input.js:135:16)]
    [at Root.error (turbopack:///[project]/node_modules/postcss/lib/node.js:166:32)]
    [at Object.Once (C:\Users\janid\Downloads\mylms\lms\node_modules\@tailwindcss\postcss\dist\index.js:10:7013)]
    [at process.processTicksAndRejections (node:internal/process/task_queues:104:5)]
    [at async LazyResult.runAsync (turbopack:///[project]/node_modules/postcss/lib/lazy-result.js:299:11)]
    [at async transform (turbopack:///[turbopack-node]/transforms/postcss.ts?config=[project]/postcss.config.js:70:34)]
    [at async run (turbopack:///[turbopack-node]/child_process/evaluate.ts:89:23)]

Import trace:
  Client Component Browser:
    ./src/app/workspace.css [Client Component Browser]
    ./src/app/[locale]/layout.tsx [Server Component] @ http://localhost:3000/_next/static/chunks/node_modules_next_dist_1e8vcs8._.js:1052
[  153935ms] [ERROR] ./src/app/workspace.css
Error: Error evaluating Node.js code
CssSyntaxError: tailwindcss: C:\Users\janid\Downloads\mylms\lms\src\app\workspace.css:1:1: Cannot apply unknown utility class `text-body-strong`
    [at Input.error (turbopack:///[project]/node_modules/postcss/lib/input.js:135:16)]
    [at Root.error (turbopack:///[project]/node_modules/postcss/lib/node.js:166:32)]
    [at Object.Once (C:\Users\janid\Downloads\mylms\lms\node_modules\@tailwindcss\postcss\dist\index.js:10:7013)]
    [at process.processTicksAndRejections (node:internal/process/task_queues:104:5)]
    [at async LazyResult.runAsync (turbopack:///[project]/node_modules/postcss/lib/lazy-result.js:299:11)]
    [at async transform (turbopack:///[turbopack-node]/transforms/postcss.ts?config=[project]/postcss.config.js:70:34)]
    [at async run (turbopack:///[turbopack-node]/child_process/evaluate.ts:89:23)]

Import trace:
  Client Component Browser:
    ./src/app/workspace.css [Client Component Browser]
    ./src/app/[locale]/layout.tsx [Server Component] @ http://localhost:3000/_next/static/chunks/node_modules_next_dist_1e8vcs8._.js:1052
[  153997ms] [ERROR] ./src/app/workspace.css
Error: Error evaluating Node.js code
CssSyntaxError: tailwindcss: C:\Users\janid\Downloads\mylms\lms\src\app\workspace.css:1:1: Cannot apply unknown utility class `text-body-strong`
    [at Input.error (turbopack:///[project]/node_modules/postcss/lib/input.js:135:16)]
    [at Root.error (turbopack:///[project]/node_modules/postcss/lib/node.js:166:32)]
    [at Object.Once (C:\Users\janid\Downloads\mylms\lms\node_modules\@tailwindcss\postcss\dist\index.js:10:7013)]
    [at process.processTicksAndRejections (node:internal/process/task_queues:104:5)]
    [at async LazyResult.runAsync (turbopack:///[project]/node_modules/postcss/lib/lazy-result.js:299:11)]
    [at async transform (turbopack:///[turbopack-node]/transforms/postcss.ts?config=[project]/postcss.config.js:70:34)]
    [at async run (turbopack:///[turbopack-node]/child_process/evaluate.ts:89:23)]

Import trace:
  Client Component Browser:
    ./src/app/workspace.css [Client Component Browser]
    ./src/app/[locale]/layout.tsx [Server Component] @ http://localhost:3000/_next/static/chunks/node_modules_next_dist_1e8vcs8._.js:1052
[  154059ms] [ERROR] ./src/app/workspace.css
Error: Error evaluating Node.js code
CssSyntaxError: tailwindcss: C:\Users\janid\Downloads\mylms\lms\src\app\workspace.css:1:1: Cannot apply unknown utility class `text-body-strong`
    [at Input.error (turbopack:///[project]/node_modules/postcss/lib/input.js:135:16)]
    [at Root.error (turbopack:///[project]/node_modules/postcss/lib/node.js:166:32)]
    [at Object.Once (C:\Users\janid\Downloads\mylms\lms\node_modules\@tailwindcss\postcss\dist\index.js:10:7013)]
    [at process.processTicksAndRejections (node:internal/process/task_queues:104:5)]
    [at async LazyResult.runAsync (turbopack:///[project]/node_modules/postcss/lib/lazy-result.js:299:11)]
    [at async transform (turbopack:///[turbopack-node]/transforms/postcss.ts?config=[project]/postcss.config.js:70:34)]
    [at async run (turbopack:///[turbopack-node]/child_process/evaluate.ts:89:23)]

Import trace:
  Client Component Browser:
    ./src/app/workspace.css [Client Component Browser]
    ./src/app/[locale]/layout.tsx [Server Component] @ http://localhost:3000/_next/static/chunks/node_modules_next_dist_1e8vcs8._.js:1052
[  154121ms] [ERROR] ./src/app/workspace.css
Error: Error evaluating Node.js code
CssSyntaxError: tailwindcss: C:\Users\janid\Downloads\mylms\lms\src\app\workspace.css:1:1: Cannot apply unknown utility class `text-body-strong`
    [at Input.error (turbopack:///[project]/node_modules/postcss/lib/input.js:135:16)]
    [at Root.error (turbopack:///[project]/node_modules/postcss/lib/node.js:166:32)]
    [at Object.Once (C:\Users\janid\Downloads\mylms\lms\node_modules\@tailwindcss\postcss\dist\index.js:10:7013)]
    [at process.processTicksAndRejections (node:internal/process/task_queues:104:5)]
    [at async LazyResult.runAsync (turbopack:///[project]/node_modules/postcss/lib/lazy-result.js:299:11)]
    [at async transform (turbopack:///[turbopack-node]/transforms/postcss.ts?config=[project]/postcss.config.js:70:34)]
    [at async run (turbopack:///[turbopack-node]/child_process/evaluate.ts:89:23)]

Import trace:
  Client Component Browser:
    ./src/app/workspace.css [Client Component Browser]
    ./src/app/[locale]/layout.tsx [Server Component] @ http://localhost:3000/_next/static/chunks/node_modules_next_dist_1e8vcs8._.js:1052
[  154184ms] [ERROR] ./src/app/workspace.css
Error: Error evaluating Node.js code
CssSyntaxError: tailwindcss: C:\Users\janid\Downloads\mylms\lms\src\app\workspace.css:1:1: Cannot apply unknown utility class `text-body-strong`
    [at Input.error (turbopack:///[project]/node_modules/postcss/lib/input.js:135:16)]
    [at Root.error (turbopack:///[project]/node_modules/postcss/lib/node.js:166:32)]
    [at Object.Once (C:\Users\janid\Downloads\mylms\lms\node_modules\@tailwindcss\postcss\dist\index.js:10:7013)]
    [at process.processTicksAndRejections (node:internal/process/task_queues:104:5)]
    [at async LazyResult.runAsync (turbopack:///[project]/node_modules/postcss/lib/lazy-result.js:299:11)]
    [at async transform (turbopack:///[turbopack-node]/transforms/postcss.ts?config=[project]/postcss.config.js:70:34)]
    [at async run (turbopack:///[turbopack-node]/child_process/evaluate.ts:89:23)]

Import trace:
  Client Component Browser:
    ./src/app/workspace.css [Client Component Browser]
    ./src/app/[locale]/layout.tsx [Server Component] @ http://localhost:3000/_next/static/chunks/node_modules_next_dist_1e8vcs8._.js:1052
[  154246ms] [ERROR] ./src/app/workspace.css
Error: Error evaluating Node.js code
CssSyntaxError: tailwindcss: C:\Users\janid\Downloads\mylms\lms\src\app\workspace.css:1:1: Cannot apply unknown utility class `text-body-strong`
    [at Input.error (turbopack:///[project]/node_modules/postcss/lib/input.js:135:16)]
    [at Root.error (turbopack:///[project]/node_modules/postcss/lib/node.js:166:32)]
    [at Object.Once (C:\Users\janid\Downloads\mylms\lms\node_modules\@tailwindcss\postcss\dist\index.js:10:7013)]
    [at process.processTicksAndRejections (node:internal/process/task_queues:104:5)]
    [at async LazyResult.runAsync (turbopack:///[project]/node_modules/postcss/lib/lazy-result.js:299:11)]
    [at async transform (turbopack:///[turbopack-node]/transforms/postcss.ts?config=[project]/postcss.config.js:70:34)]
    [at async run (turbopack:///[turbopack-node]/child_process/evaluate.ts:89:23)]

Import trace:
  Client Component Browser:
    ./src/app/workspace.css [Client Component Browser]
    ./src/app/[locale]/layout.tsx [Server Component] @ http://localhost:3000/_next/static/chunks/node_modules_next_dist_1e8vcs8._.js:1052
[  154309ms] [ERROR] ./src/app/workspace.css
Error: Error evaluating Node.js code
CssSyntaxError: tailwindcss: C:\Users\janid\Downloads\mylms\lms\src\app\workspace.css:1:1: Cannot apply unknown utility class `text-body-strong`
    [at Input.error (turbopack:///[project]/node_modules/postcss/lib/input.js:135:16)]
    [at Root.error (turbopack:///[project]/node_modules/postcss/lib/node.js:166:32)]
    [at Object.Once (C:\Users\janid\Downloads\mylms\lms\node_modules\@tailwindcss\postcss\dist\index.js:10:7013)]
    [at process.processTicksAndRejections (node:internal/process/task_queues:104:5)]
    [at async LazyResult.runAsync (turbopack:///[project]/node_modules/postcss/lib/lazy-result.js:299:11)]
    [at async transform (turbopack:///[turbopack-node]/transforms/postcss.ts?config=[project]/postcss.config.js:70:34)]
    [at async run (turbopack:///[turbopack-node]/child_process/evaluate.ts:89:23)]

Import trace:
  Client Component Browser:
    ./src/app/workspace.css [Client Component Browser]
    ./src/app/[locale]/layout.tsx [Server Component] @ http://localhost:3000/_next/static/chunks/node_modules_next_dist_1e8vcs8._.js:1052
[  154371ms] [ERROR] ./src/app/workspace.css
Error: Error evaluating Node.js code
CssSyntaxError: tailwindcss: C:\Users\janid\Downloads\mylms\lms\src\app\workspace.css:1:1: Cannot apply unknown utility class `text-body-strong`
    [at Input.error (turbopack:///[project]/node_modules/postcss/lib/input.js:135:16)]
    [at Root.error (turbopack:///[project]/node_modules/postcss/lib/node.js:166:32)]
    [at Object.Once (C:\Users\janid\Downloads\mylms\lms\node_modules\@tailwindcss\postcss\dist\index.js:10:7013)]
    [at process.processTicksAndRejections (node:internal/process/task_queues:104:5)]
    [at async LazyResult.runAsync (turbopack:///[project]/node_modules/postcss/lib/lazy-result.js:299:11)]
    [at async transform (turbopack:///[turbopack-node]/transforms/postcss.ts?config=[project]/postcss.config.js:70:34)]
    [at async run (turbopack:///[turbopack-node]/child_process/evaluate.ts:89:23)]

Import trace:
  Client Component Browser:
    ./src/app/workspace.css [Client Component Browser]
    ./src/app/[locale]/layout.tsx [Server Component] @ http://localhost:3000/_next/static/chunks/node_modules_next_dist_1e8vcs8._.js:1052
[  154433ms] [ERROR] ./src/app/workspace.css
Error: Error evaluating Node.js code
CssSyntaxError: tailwindcss: C:\Users\janid\Downloads\mylms\lms\src\app\workspace.css:1:1: Cannot apply unknown utility class `text-body-strong`
    [at Input.error (turbopack:///[project]/node_modules/postcss/lib/input.js:135:16)]
    [at Root.error (turbopack:///[project]/node_modules/postcss/lib/node.js:166:32)]
    [at Object.Once (C:\Users\janid\Downloads\mylms\lms\node_modules\@tailwindcss\postcss\dist\index.js:10:7013)]
    [at process.processTicksAndRejections (node:internal/process/task_queues:104:5)]
    [at async LazyResult.runAsync (turbopack:///[project]/node_modules/postcss/lib/lazy-result.js:299:11)]
    [at async transform (turbopack:///[turbopack-node]/transforms/postcss.ts?config=[project]/postcss.config.js:70:34)]
    [at async run (turbopack:///[turbopack-node]/child_process/evaluate.ts:89:23)]

Import trace:
  Client Component Browser:
    ./src/app/workspace.css [Client Component Browser]
    ./src/app/[locale]/layout.tsx [Server Component] @ http://localhost:3000/_next/static/chunks/node_modules_next_dist_1e8vcs8._.js:1052
[  154496ms] [ERROR] ./src/app/workspace.css
Error: Error evaluating Node.js code
CssSyntaxError: tailwindcss: C:\Users\janid\Downloads\mylms\lms\src\app\workspace.css:1:1: Cannot apply unknown utility class `text-body-strong`
    [at Input.error (turbopack:///[project]/node_modules/postcss/lib/input.js:135:16)]
    [at Root.error (turbopack:///[project]/node_modules/postcss/lib/node.js:166:32)]
    [at Object.Once (C:\Users\janid\Downloads\mylms\lms\node_modules\@tailwindcss\postcss\dist\index.js:10:7013)]
    [at process.processTicksAndRejections (node:internal/process/task_queues:104:5)]
    [at async LazyResult.runAsync (turbopack:///[project]/node_modules/postcss/lib/lazy-result.js:299:11)]
    [at async transform (turbopack:///[turbopack-node]/transforms/postcss.ts?config=[project]/postcss.config.js:70:34)]
    [at async run (turbopack:///[turbopack-node]/child_process/evaluate.ts:89:23)]

Import trace:
  Client Component Browser:
    ./src/app/workspace.css [Client Component Browser]
    ./src/app/[locale]/layout.tsx [Server Component] @ http://localhost:3000/_next/static/chunks/node_modules_next_dist_1e8vcs8._.js:1052
[  154558ms] [ERROR] ./src/app/workspace.css
Error: Error evaluating Node.js code
CssSyntaxError: tailwindcss: C:\Users\janid\Downloads\mylms\lms\src\app\workspace.css:1:1: Cannot apply unknown utility class `text-body-strong`
    [at Input.error (turbopack:///[project]/node_modules/postcss/lib/input.js:135:16)]
    [at Root.error (turbopack:///[project]/node_modules/postcss/lib/node.js:166:32)]
    [at Object.Once (C:\Users\janid\Downloads\mylms\lms\node_modules\@tailwindcss\postcss\dist\index.js:10:7013)]
    [at process.processTicksAndRejections (node:internal/process/task_queues:104:5)]
    [at async LazyResult.runAsync (turbopack:///[project]/node_modules/postcss/lib/lazy-result.js:299:11)]
    [at async transform (turbopack:///[turbopack-node]/transforms/postcss.ts?config=[project]/postcss.config.js:70:34)]
    [at async run (turbopack:///[turbopack-node]/child_process/evaluate.ts:89:23)]

Import trace:
  Client Component Browser:
    ./src/app/workspace.css [Client Component Browser]
    ./src/app/[locale]/layout.tsx [Server Component] @ http://localhost:3000/_next/static/chunks/node_modules_next_dist_1e8vcs8._.js:1052
[  154621ms] [ERROR] ./src/app/workspace.css
Error: Error evaluating Node.js code
CssSyntaxError: tailwindcss: C:\Users\janid\Downloads\mylms\lms\src\app\workspace.css:1:1: Cannot apply unknown utility class `text-body-strong`
    [at Input.error (turbopack:///[project]/node_modules/postcss/lib/input.js:135:16)]
    [at Root.error (turbopack:///[project]/node_modules/postcss/lib/node.js:166:32)]
    [at Object.Once (C:\Users\janid\Downloads\mylms\lms\node_modules\@tailwindcss\postcss\dist\index.js:10:7013)]
    [at process.processTicksAndRejections (node:internal/process/task_queues:104:5)]
    [at async LazyResult.runAsync (turbopack:///[project]/node_modules/postcss/lib/lazy-result.js:299:11)]
    [at async transform (turbopack:///[turbopack-node]/transforms/postcss.ts?config=[project]/postcss.config.js:70:34)]
    [at async run (turbopack:///[turbopack-node]/child_process/evaluate.ts:89:23)]

Import trace:
  Client Component Browser:
    ./src/app/workspace.css [Client Component Browser]
    ./src/app/[locale]/layout.tsx [Server Component] @ http://localhost:3000/_next/static/chunks/node_modules_next_dist_1e8vcs8._.js:1052
[  154683ms] [ERROR] ./src/app/workspace.css
Error: Error evaluating Node.js code
CssSyntaxError: tailwindcss: C:\Users\janid\Downloads\mylms\lms\src\app\workspace.css:1:1: Cannot apply unknown utility class `text-body-strong`
    [at Input.error (turbopack:///[project]/node_modules/postcss/lib/input.js:135:16)]
    [at Root.error (turbopack:///[project]/node_modules/postcss/lib/node.js:166:32)]
    [at Object.Once (C:\Users\janid\Downloads\mylms\lms\node_modules\@tailwindcss\postcss\dist\index.js:10:7013)]
    [at process.processTicksAndRejections (node:internal/process/task_queues:104:5)]
    [at async LazyResult.runAsync (turbopack:///[project]/node_modules/postcss/lib/lazy-result.js:299:11)]
    [at async transform (turbopack:///[turbopack-node]/transforms/postcss.ts?config=[project]/postcss.config.js:70:34)]
    [at async run (turbopack:///[turbopack-node]/child_process/evaluate.ts:89:23)]

Import trace:
  Client Component Browser:
    ./src/app/workspace.css [Client Component Browser]
    ./src/app/[locale]/layout.tsx [Server Component] @ http://localhost:3000/_next/static/chunks/node_modules_next_dist_1e8vcs8._.js:1052
[  154746ms] [ERROR] ./src/app/workspace.css
Error: Error evaluating Node.js code
CssSyntaxError: tailwindcss: C:\Users\janid\Downloads\mylms\lms\src\app\workspace.css:1:1: Cannot apply unknown utility class `text-body-strong`
    [at Input.error (turbopack:///[project]/node_modules/postcss/lib/input.js:135:16)]
    [at Root.error (turbopack:///[project]/node_modules/postcss/lib/node.js:166:32)]
    [at Object.Once (C:\Users\janid\Downloads\mylms\lms\node_modules\@tailwindcss\postcss\dist\index.js:10:7013)]
    [at process.processTicksAndRejections (node:internal/process/task_queues:104:5)]
    [at async LazyResult.runAsync (turbopack:///[project]/node_modules/postcss/lib/lazy-result.js:299:11)]
    [at async transform (turbopack:///[turbopack-node]/transforms/postcss.ts?config=[project]/postcss.config.js:70:34)]
    [at async run (turbopack:///[turbopack-node]/child_process/evaluate.ts:89:23)]

Import trace:
  Client Component Browser:
    ./src/app/workspace.css [Client Component Browser]
    ./src/app/[locale]/layout.tsx [Server Component] @ http://localhost:3000/_next/static/chunks/node_modules_next_dist_1e8vcs8._.js:1052
[  154809ms] [ERROR] ./src/app/workspace.css
Error: Error evaluating Node.js code
CssSyntaxError: tailwindcss: C:\Users\janid\Downloads\mylms\lms\src\app\workspace.css:1:1: Cannot apply unknown utility class `text-body-strong`
    [at Input.error (turbopack:///[project]/node_modules/postcss/lib/input.js:135:16)]
    [at Root.error (turbopack:///[project]/node_modules/postcss/lib/node.js:166:32)]
    [at Object.Once (C:\Users\janid\Downloads\mylms\lms\node_modules\@tailwindcss\postcss\dist\index.js:10:7013)]
    [at process.processTicksAndRejections (node:internal/process/task_queues:104:5)]
    [at async LazyResult.runAsync (turbopack:///[project]/node_modules/postcss/lib/lazy-result.js:299:11)]
    [at async transform (turbopack:///[turbopack-node]/transforms/postcss.ts?config=[project]/postcss.config.js:70:34)]
    [at async run (turbopack:///[turbopack-node]/child_process/evaluate.ts:89:23)]

Import trace:
  Client Component Browser:
    ./src/app/workspace.css [Client Component Browser]
    ./src/app/[locale]/layout.tsx [Server Component] @ http://localhost:3000/_next/static/chunks/node_modules_next_dist_1e8vcs8._.js:1052
[  154872ms] [ERROR] ./src/app/workspace.css
Error: Error evaluating Node.js code
CssSyntaxError: tailwindcss: C:\Users\janid\Downloads\mylms\lms\src\app\workspace.css:1:1: Cannot apply unknown utility class `text-body-strong`
    [at Input.error (turbopack:///[project]/node_modules/postcss/lib/input.js:135:16)]
    [at Root.error (turbopack:///[project]/node_modules/postcss/lib/node.js:166:32)]
    [at Object.Once (C:\Users\janid\Downloads\mylms\lms\node_modules\@tailwindcss\postcss\dist\index.js:10:7013)]
    [at process.processTicksAndRejections (node:internal/process/task_queues:104:5)]
    [at async LazyResult.runAsync (turbopack:///[project]/node_modules/postcss/lib/lazy-result.js:299:11)]
    [at async transform (turbopack:///[turbopack-node]/transforms/postcss.ts?config=[project]/postcss.config.js:70:34)]
    [at async run (turbopack:///[turbopack-node]/child_process/evaluate.ts:89:23)]

Import trace:
  Client Component Browser:
    ./src/app/workspace.css [Client Component Browser]
    ./src/app/[locale]/layout.tsx [Server Component] @ http://localhost:3000/_next/static/chunks/node_modules_next_dist_1e8vcs8._.js:1052
[  154936ms] [ERROR] ./src/app/workspace.css
Error: Error evaluating Node.js code
CssSyntaxError: tailwindcss: C:\Users\janid\Downloads\mylms\lms\src\app\workspace.css:1:1: Cannot apply unknown utility class `text-body-strong`
    [at Input.error (turbopack:///[project]/node_modules/postcss/lib/input.js:135:16)]
    [at Root.error (turbopack:///[project]/node_modules/postcss/lib/node.js:166:32)]
    [at Object.Once (C:\Users\janid\Downloads\mylms\lms\node_modules\@tailwindcss\postcss\dist\index.js:10:7013)]
    [at process.processTicksAndRejections (node:internal/process/task_queues:104:5)]
    [at async LazyResult.runAsync (turbopack:///[project]/node_modules/postcss/lib/lazy-result.js:299:11)]
    [at async transform (turbopack:///[turbopack-node]/transforms/postcss.ts?config=[project]/postcss.config.js:70:34)]
    [at async run (turbopack:///[turbopack-node]/child_process/evaluate.ts:89:23)]

Import trace:
  Client Component Browser:
    ./src/app/workspace.css [Client Component Browser]
    ./src/app/[locale]/layout.tsx [Server Component] @ http://localhost:3000/_next/static/chunks/node_modules_next_dist_1e8vcs8._.js:1052
[  154998ms] [ERROR] ./src/app/workspace.css
Error: Error evaluating Node.js code
CssSyntaxError: tailwindcss: C:\Users\janid\Downloads\mylms\lms\src\app\workspace.css:1:1: Cannot apply unknown utility class `text-body-strong`
    [at Input.error (turbopack:///[project]/node_modules/postcss/lib/input.js:135:16)]
    [at Root.error (turbopack:///[project]/node_modules/postcss/lib/node.js:166:32)]
    [at Object.Once (C:\Users\janid\Downloads\mylms\lms\node_modules\@tailwindcss\postcss\dist\index.js:10:7013)]
    [at process.processTicksAndRejections (node:internal/process/task_queues:104:5)]
    [at async LazyResult.runAsync (turbopack:///[project]/node_modules/postcss/lib/lazy-result.js:299:11)]
    [at async transform (turbopack:///[turbopack-node]/transforms/postcss.ts?config=[project]/postcss.config.js:70:34)]
    [at async run (turbopack:///[turbopack-node]/child_process/evaluate.ts:89:23)]

Import trace:
  Client Component Browser:
    ./src/app/workspace.css [Client Component Browser]
    ./src/app/[locale]/layout.tsx [Server Component] @ http://localhost:3000/_next/static/chunks/node_modules_next_dist_1e8vcs8._.js:1052
[  155063ms] [ERROR] ./src/app/workspace.css
Error: Error evaluating Node.js code
CssSyntaxError: tailwindcss: C:\Users\janid\Downloads\mylms\lms\src\app\workspace.css:1:1: Cannot apply unknown utility class `text-body-strong`
    [at Input.error (turbopack:///[project]/node_modules/postcss/lib/input.js:135:16)]
    [at Root.error (turbopack:///[project]/node_modules/postcss/lib/node.js:166:32)]
    [at Object.Once (C:\Users\janid\Downloads\mylms\lms\node_modules\@tailwindcss\postcss\dist\index.js:10:7013)]
    [at process.processTicksAndRejections (node:internal/process/task_queues:104:5)]
    [at async LazyResult.runAsync (turbopack:///[project]/node_modules/postcss/lib/lazy-result.js:299:11)]
    [at async transform (turbopack:///[turbopack-node]/transforms/postcss.ts?config=[project]/postcss.config.js:70:34)]
    [at async run (turbopack:///[turbopack-node]/child_process/evaluate.ts:89:23)]

Import trace:
  Client Component Browser:
    ./src/app/workspace.css [Client Component Browser]
    ./src/app/[locale]/layout.tsx [Server Component] @ http://localhost:3000/_next/static/chunks/node_modules_next_dist_1e8vcs8._.js:1052
[  155124ms] [ERROR] ./src/app/workspace.css
Error: Error evaluating Node.js code
CssSyntaxError: tailwindcss: C:\Users\janid\Downloads\mylms\lms\src\app\workspace.css:1:1: Cannot apply unknown utility class `text-body-strong`
    [at Input.error (turbopack:///[project]/node_modules/postcss/lib/input.js:135:16)]
    [at Root.error (turbopack:///[project]/node_modules/postcss/lib/node.js:166:32)]
    [at Object.Once (C:\Users\janid\Downloads\mylms\lms\node_modules\@tailwindcss\postcss\dist\index.js:10:7013)]
    [at process.processTicksAndRejections (node:internal/process/task_queues:104:5)]
    [at async LazyResult.runAsync (turbopack:///[project]/node_modules/postcss/lib/lazy-result.js:299:11)]
    [at async transform (turbopack:///[turbopack-node]/transforms/postcss.ts?config=[project]/postcss.config.js:70:34)]
    [at async run (turbopack:///[turbopack-node]/child_process/evaluate.ts:89:23)]

Import trace:
  Client Component Browser:
    ./src/app/workspace.css [Client Component Browser]
    ./src/app/[locale]/layout.tsx [Server Component] @ http://localhost:3000/_next/static/chunks/node_modules_next_dist_1e8vcs8._.js:1052
[  155186ms] [ERROR] ./src/app/workspace.css
Error: Error evaluating Node.js code
CssSyntaxError: tailwindcss: C:\Users\janid\Downloads\mylms\lms\src\app\workspace.css:1:1: Cannot apply unknown utility class `text-body-strong`
    [at Input.error (turbopack:///[project]/node_modules/postcss/lib/input.js:135:16)]
    [at Root.error (turbopack:///[project]/node_modules/postcss/lib/node.js:166:32)]
    [at Object.Once (C:\Users\janid\Downloads\mylms\lms\node_modules\@tailwindcss\postcss\dist\index.js:10:7013)]
    [at process.processTicksAndRejections (node:internal/process/task_queues:104:5)]
    [at async LazyResult.runAsync (turbopack:///[project]/node_modules/postcss/lib/lazy-result.js:299:11)]
    [at async transform (turbopack:///[turbopack-node]/transforms/postcss.ts?config=[project]/postcss.config.js:70:34)]
    [at async run (turbopack:///[turbopack-node]/child_process/evaluate.ts:89:23)]

Import trace:
  Client Component Browser:
    ./src/app/workspace.css [Client Component Browser]
    ./src/app/[locale]/layout.tsx [Server Component] @ http://localhost:3000/_next/static/chunks/node_modules_next_dist_1e8vcs8._.js:1052
[  155247ms] [ERROR] ./src/app/workspace.css
Error: Error evaluating Node.js code
CssSyntaxError: tailwindcss: C:\Users\janid\Downloads\mylms\lms\src\app\workspace.css:1:1: Cannot apply unknown utility class `text-body-strong`
    [at Input.error (turbopack:///[project]/node_modules/postcss/lib/input.js:135:16)]
    [at Root.error (turbopack:///[project]/node_modules/postcss/lib/node.js:166:32)]
    [at Object.Once (C:\Users\janid\Downloads\mylms\lms\node_modules\@tailwindcss\postcss\dist\index.js:10:7013)]
    [at process.processTicksAndRejections (node:internal/process/task_queues:104:5)]
    [at async LazyResult.runAsync (turbopack:///[project]/node_modules/postcss/lib/lazy-result.js:299:11)]
    [at async transform (turbopack:///[turbopack-node]/transforms/postcss.ts?config=[project]/postcss.config.js:70:34)]
    [at async run (turbopack:///[turbopack-node]/child_process/evaluate.ts:89:23)]

Import trace:
  Client Component Browser:
    ./src/app/workspace.css [Client Component Browser]
    ./src/app/[locale]/layout.tsx [Server Component] @ http://localhost:3000/_next/static/chunks/node_modules_next_dist_1e8vcs8._.js:1052
[  155310ms] [ERROR] ./src/app/workspace.css
Error: Error evaluating Node.js code
CssSyntaxError: tailwindcss: C:\Users\janid\Downloads\mylms\lms\src\app\workspace.css:1:1: Cannot apply unknown utility class `text-body-strong`
    [at Input.error (turbopack:///[project]/node_modules/postcss/lib/input.js:135:16)]
    [at Root.error (turbopack:///[project]/node_modules/postcss/lib/node.js:166:32)]
    [at Object.Once (C:\Users\janid\Downloads\mylms\lms\node_modules\@tailwindcss\postcss\dist\index.js:10:7013)]
    [at process.processTicksAndRejections (node:internal/process/task_queues:104:5)]
    [at async LazyResult.runAsync (turbopack:///[project]/node_modules/postcss/lib/lazy-result.js:299:11)]
    [at async transform (turbopack:///[turbopack-node]/transforms/postcss.ts?config=[project]/postcss.config.js:70:34)]
    [at async run (turbopack:///[turbopack-node]/child_process/evaluate.ts:89:23)]

Import trace:
  Client Component Browser:
    ./src/app/workspace.css [Client Component Browser]
    ./src/app/[locale]/layout.tsx [Server Component] @ http://localhost:3000/_next/static/chunks/node_modules_next_dist_1e8vcs8._.js:1052
[  155371ms] [ERROR] ./src/app/workspace.css
Error: Error evaluating Node.js code
CssSyntaxError: tailwindcss: C:\Users\janid\Downloads\mylms\lms\src\app\workspace.css:1:1: Cannot apply unknown utility class `text-body-strong`
    [at Input.error (turbopack:///[project]/node_modules/postcss/lib/input.js:135:16)]
    [at Root.error (turbopack:///[project]/node_modules/postcss/lib/node.js:166:32)]
    [at Object.Once (C:\Users\janid\Downloads\mylms\lms\node_modules\@tailwindcss\postcss\dist\index.js:10:7013)]
    [at process.processTicksAndRejections (node:internal/process/task_queues:104:5)]
    [at async LazyResult.runAsync (turbopack:///[project]/node_modules/postcss/lib/lazy-result.js:299:11)]
    [at async transform (turbopack:///[turbopack-node]/transforms/postcss.ts?config=[project]/postcss.config.js:70:34)]
    [at async run (turbopack:///[turbopack-node]/child_process/evaluate.ts:89:23)]

Import trace:
  Client Component Browser:
    ./src/app/workspace.css [Client Component Browser]
    ./src/app/[locale]/layout.tsx [Server Component] @ http://localhost:3000/_next/static/chunks/node_modules_next_dist_1e8vcs8._.js:1052
[  155434ms] [ERROR] ./src/app/workspace.css
Error: Error evaluating Node.js code
CssSyntaxError: tailwindcss: C:\Users\janid\Downloads\mylms\lms\src\app\workspace.css:1:1: Cannot apply unknown utility class `text-body-strong`
    [at Input.error (turbopack:///[project]/node_modules/postcss/lib/input.js:135:16)]
    [at Root.error (turbopack:///[project]/node_modules/postcss/lib/node.js:166:32)]
    [at Object.Once (C:\Users\janid\Downloads\mylms\lms\node_modules\@tailwindcss\postcss\dist\index.js:10:7013)]
    [at process.processTicksAndRejections (node:internal/process/task_queues:104:5)]
    [at async LazyResult.runAsync (turbopack:///[project]/node_modules/postcss/lib/lazy-result.js:299:11)]
    [at async transform (turbopack:///[turbopack-node]/transforms/postcss.ts?config=[project]/postcss.config.js:70:34)]
    [at async run (turbopack:///[turbopack-node]/child_process/evaluate.ts:89:23)]

Import trace:
  Client Component Browser:
    ./src/app/workspace.css [Client Component Browser]
    ./src/app/[locale]/layout.tsx [Server Component] @ http://localhost:3000/_next/static/chunks/node_modules_next_dist_1e8vcs8._.js:1052
[  155497ms] [ERROR] ./src/app/workspace.css
Error: Error evaluating Node.js code
CssSyntaxError: tailwindcss: C:\Users\janid\Downloads\mylms\lms\src\app\workspace.css:1:1: Cannot apply unknown utility class `text-body-strong`
    [at Input.error (turbopack:///[project]/node_modules/postcss/lib/input.js:135:16)]
    [at Root.error (turbopack:///[project]/node_modules/postcss/lib/node.js:166:32)]
    [at Object.Once (C:\Users\janid\Downloads\mylms\lms\node_modules\@tailwindcss\postcss\dist\index.js:10:7013)]
    [at process.processTicksAndRejections (node:internal/process/task_queues:104:5)]
    [at async LazyResult.runAsync (turbopack:///[project]/node_modules/postcss/lib/lazy-result.js:299:11)]
    [at async transform (turbopack:///[turbopack-node]/transforms/postcss.ts?config=[project]/postcss.config.js:70:34)]
    [at async run (turbopack:///[turbopack-node]/child_process/evaluate.ts:89:23)]

Import trace:
  Client Component Browser:
    ./src/app/workspace.css [Client Component Browser]
    ./src/app/[locale]/layout.tsx [Server Component] @ http://localhost:3000/_next/static/chunks/node_modules_next_dist_1e8vcs8._.js:1052
[  155560ms] [ERROR] ./src/app/workspace.css
Error: Error evaluating Node.js code
CssSyntaxError: tailwindcss: C:\Users\janid\Downloads\mylms\lms\src\app\workspace.css:1:1: Cannot apply unknown utility class `text-body-strong`
    [at Input.error (turbopack:///[project]/node_modules/postcss/lib/input.js:135:16)]
    [at Root.error (turbopack:///[project]/node_modules/postcss/lib/node.js:166:32)]
    [at Object.Once (C:\Users\janid\Downloads\mylms\lms\node_modules\@tailwindcss\postcss\dist\index.js:10:7013)]
    [at process.processTicksAndRejections (node:internal/process/task_queues:104:5)]
    [at async LazyResult.runAsync (turbopack:///[project]/node_modules/postcss/lib/lazy-result.js:299:11)]
    [at async transform (turbopack:///[turbopack-node]/transforms/postcss.ts?config=[project]/postcss.config.js:70:34)]
    [at async run (turbopack:///[turbopack-node]/child_process/evaluate.ts:89:23)]

Import trace:
  Client Component Browser:
    ./src/app/workspace.css [Client Component Browser]
    ./src/app/[locale]/layout.tsx [Server Component] @ http://localhost:3000/_next/static/chunks/node_modules_next_dist_1e8vcs8._.js:1052
[  155622ms] [ERROR] ./src/app/workspace.css
Error: Error evaluating Node.js code
CssSyntaxError: tailwindcss: C:\Users\janid\Downloads\mylms\lms\src\app\workspace.css:1:1: Cannot apply unknown utility class `text-body-strong`
    [at Input.error (turbopack:///[project]/node_modules/postcss/lib/input.js:135:16)]
    [at Root.error (turbopack:///[project]/node_modules/postcss/lib/node.js:166:32)]
    [at Object.Once (C:\Users\janid\Downloads\mylms\lms\node_modules\@tailwindcss\postcss\dist\index.js:10:7013)]
    [at process.processTicksAndRejections (node:internal/process/task_queues:104:5)]
    [at async LazyResult.runAsync (turbopack:///[project]/node_modules/postcss/lib/lazy-result.js:299:11)]
    [at async transform (turbopack:///[turbopack-node]/transforms/postcss.ts?config=[project]/postcss.config.js:70:34)]
    [at async run (turbopack:///[turbopack-node]/child_process/evaluate.ts:89:23)]

Import trace:
  Client Component Browser:
    ./src/app/workspace.css [Client Component Browser]
    ./src/app/[locale]/layout.tsx [Server Component] @ http://localhost:3000/_next/static/chunks/node_modules_next_dist_1e8vcs8._.js:1052
[  155685ms] [ERROR] ./src/app/workspace.css
Error: Error evaluating Node.js code
CssSyntaxError: tailwindcss: C:\Users\janid\Downloads\mylms\lms\src\app\workspace.css:1:1: Cannot apply unknown utility class `text-body-strong`
    [at Input.error (turbopack:///[project]/node_modules/postcss/lib/input.js:135:16)]
    [at Root.error (turbopack:///[project]/node_modules/postcss/lib/node.js:166:32)]
    [at Object.Once (C:\Users\janid\Downloads\mylms\lms\node_modules\@tailwindcss\postcss\dist\index.js:10:7013)]
    [at process.processTicksAndRejections (node:internal/process/task_queues:104:5)]
    [at async LazyResult.runAsync (turbopack:///[project]/node_modules/postcss/lib/lazy-result.js:299:11)]
    [at async transform (turbopack:///[turbopack-node]/transforms/postcss.ts?config=[project]/postcss.config.js:70:34)]
    [at async run (turbopack:///[turbopack-node]/child_process/evaluate.ts:89:23)]

Import trace:
  Client Component Browser:
    ./src/app/workspace.css [Client Component Browser]
    ./src/app/[locale]/layout.tsx [Server Component] @ http://localhost:3000/_next/static/chunks/node_modules_next_dist_1e8vcs8._.js:1052
[  155747ms] [ERROR] ./src/app/workspace.css
Error: Error evaluating Node.js code
CssSyntaxError: tailwindcss: C:\Users\janid\Downloads\mylms\lms\src\app\workspace.css:1:1: Cannot apply unknown utility class `text-body-strong`
    [at Input.error (turbopack:///[project]/node_modules/postcss/lib/input.js:135:16)]
    [at Root.error (turbopack:///[project]/node_modules/postcss/lib/node.js:166:32)]
    [at Object.Once (C:\Users\janid\Downloads\mylms\lms\node_modules\@tailwindcss\postcss\dist\index.js:10:7013)]
    [at process.processTicksAndRejections (node:internal/process/task_queues:104:5)]
    [at async LazyResult.runAsync (turbopack:///[project]/node_modules/postcss/lib/lazy-result.js:299:11)]
    [at async transform (turbopack:///[turbopack-node]/transforms/postcss.ts?config=[project]/postcss.config.js:70:34)]
    [at async run (turbopack:///[turbopack-node]/child_process/evaluate.ts:89:23)]

Import trace:
  Client Component Browser:
    ./src/app/workspace.css [Client Component Browser]
    ./src/app/[locale]/layout.tsx [Server Component] @ http://localhost:3000/_next/static/chunks/node_modules_next_dist_1e8vcs8._.js:1052
[  155808ms] [ERROR] ./src/app/workspace.css
Error: Error evaluating Node.js code
CssSyntaxError: tailwindcss: C:\Users\janid\Downloads\mylms\lms\src\app\workspace.css:1:1: Cannot apply unknown utility class `text-body-strong`
    [at Input.error (turbopack:///[project]/node_modules/postcss/lib/input.js:135:16)]
    [at Root.error (turbopack:///[project]/node_modules/postcss/lib/node.js:166:32)]
    [at Object.Once (C:\Users\janid\Downloads\mylms\lms\node_modules\@tailwindcss\postcss\dist\index.js:10:7013)]
    [at process.processTicksAndRejections (node:internal/process/task_queues:104:5)]
    [at async LazyResult.runAsync (turbopack:///[project]/node_modules/postcss/lib/lazy-result.js:299:11)]
    [at async transform (turbopack:///[turbopack-node]/transforms/postcss.ts?config=[project]/postcss.config.js:70:34)]
    [at async run (turbopack:///[turbopack-node]/child_process/evaluate.ts:89:23)]

Import trace:
  Client Component Browser:
    ./src/app/workspace.css [Client Component Browser]
    ./src/app/[locale]/layout.tsx [Server Component] @ http://localhost:3000/_next/static/chunks/node_modules_next_dist_1e8vcs8._.js:1052
[  155872ms] [ERROR] ./src/app/workspace.css
Error: Error evaluating Node.js code
CssSyntaxError: tailwindcss: C:\Users\janid\Downloads\mylms\lms\src\app\workspace.css:1:1: Cannot apply unknown utility class `text-body-strong`
    [at Input.error (turbopack:///[project]/node_modules/postcss/lib/input.js:135:16)]
    [at Root.error (turbopack:///[project]/node_modules/postcss/lib/node.js:166:32)]
    [at Object.Once (C:\Users\janid\Downloads\mylms\lms\node_modules\@tailwindcss\postcss\dist\index.js:10:7013)]
    [at process.processTicksAndRejections (node:internal/process/task_queues:104:5)]
    [at async LazyResult.runAsync (turbopack:///[project]/node_modules/postcss/lib/lazy-result.js:299:11)]
    [at async transform (turbopack:///[turbopack-node]/transforms/postcss.ts?config=[project]/postcss.config.js:70:34)]
    [at async run (turbopack:///[turbopack-node]/child_process/evaluate.ts:89:23)]

Import trace:
  Client Component Browser:
    ./src/app/workspace.css [Client Component Browser]
    ./src/app/[locale]/layout.tsx [Server Component] @ http://localhost:3000/_next/static/chunks/node_modules_next_dist_1e8vcs8._.js:1052
[  155934ms] [ERROR] ./src/app/workspace.css
Error: Error evaluating Node.js code
CssSyntaxError: tailwindcss: C:\Users\janid\Downloads\mylms\lms\src\app\workspace.css:1:1: Cannot apply unknown utility class `text-body-strong`
    [at Input.error (turbopack:///[project]/node_modules/postcss/lib/input.js:135:16)]
    [at Root.error (turbopack:///[project]/node_modules/postcss/lib/node.js:166:32)]
    [at Object.Once (C:\Users\janid\Downloads\mylms\lms\node_modules\@tailwindcss\postcss\dist\index.js:10:7013)]
    [at process.processTicksAndRejections (node:internal/process/task_queues:104:5)]
    [at async LazyResult.runAsync (turbopack:///[project]/node_modules/postcss/lib/lazy-result.js:299:11)]
    [at async transform (turbopack:///[turbopack-node]/transforms/postcss.ts?config=[project]/postcss.config.js:70:34)]
    [at async run (turbopack:///[turbopack-node]/child_process/evaluate.ts:89:23)]

Import trace:
  Client Component Browser:
    ./src/app/workspace.css [Client Component Browser]
    ./src/app/[locale]/layout.tsx [Server Component] @ http://localhost:3000/_next/static/chunks/node_modules_next_dist_1e8vcs8._.js:1052
[  155996ms] [ERROR] ./src/app/workspace.css
Error: Error evaluating Node.js code
CssSyntaxError: tailwindcss: C:\Users\janid\Downloads\mylms\lms\src\app\workspace.css:1:1: Cannot apply unknown utility class `text-body-strong`
    [at Input.error (turbopack:///[project]/node_modules/postcss/lib/input.js:135:16)]
    [at Root.error (turbopack:///[project]/node_modules/postcss/lib/node.js:166:32)]
    [at Object.Once (C:\Users\janid\Downloads\mylms\lms\node_modules\@tailwindcss\postcss\dist\index.js:10:7013)]
    [at process.processTicksAndRejections (node:internal/process/task_queues:104:5)]
    [at async LazyResult.runAsync (turbopack:///[project]/node_modules/postcss/lib/lazy-result.js:299:11)]
    [at async transform (turbopack:///[turbopack-node]/transforms/postcss.ts?config=[project]/postcss.config.js:70:34)]
    [at async run (turbopack:///[turbopack-node]/child_process/evaluate.ts:89:23)]

Import trace:
  Client Component Browser:
    ./src/app/workspace.css [Client Component Browser]
    ./src/app/[locale]/layout.tsx [Server Component] @ http://localhost:3000/_next/static/chunks/node_modules_next_dist_1e8vcs8._.js:1052
[  156058ms] [ERROR] ./src/app/workspace.css
Error: Error evaluating Node.js code
CssSyntaxError: tailwindcss: C:\Users\janid\Downloads\mylms\lms\src\app\workspace.css:1:1: Cannot apply unknown utility class `text-body-strong`
    [at Input.error (turbopack:///[project]/node_modules/postcss/lib/input.js:135:16)]
    [at Root.error (turbopack:///[project]/node_modules/postcss/lib/node.js:166:32)]
    [at Object.Once (C:\Users\janid\Downloads\mylms\lms\node_modules\@tailwindcss\postcss\dist\index.js:10:7013)]
    [at process.processTicksAndRejections (node:internal/process/task_queues:104:5)]
    [at async LazyResult.runAsync (turbopack:///[project]/node_modules/postcss/lib/lazy-result.js:299:11)]
    [at async transform (turbopack:///[turbopack-node]/transforms/postcss.ts?config=[project]/postcss.config.js:70:34)]
    [at async run (turbopack:///[turbopack-node]/child_process/evaluate.ts:89:23)]

Import trace:
  Client Component Browser:
    ./src/app/workspace.css [Client Component Browser]
    ./src/app/[locale]/layout.tsx [Server Component] @ http://localhost:3000/_next/static/chunks/node_modules_next_dist_1e8vcs8._.js:1052
[  156121ms] [ERROR] ./src/app/workspace.css
Error: Error evaluating Node.js code
CssSyntaxError: tailwindcss: C:\Users\janid\Downloads\mylms\lms\src\app\workspace.css:1:1: Cannot apply unknown utility class `text-body-strong`
    [at Input.error (turbopack:///[project]/node_modules/postcss/lib/input.js:135:16)]
    [at Root.error (turbopack:///[project]/node_modules/postcss/lib/node.js:166:32)]
    [at Object.Once (C:\Users\janid\Downloads\mylms\lms\node_modules\@tailwindcss\postcss\dist\index.js:10:7013)]
    [at process.processTicksAndRejections (node:internal/process/task_queues:104:5)]
    [at async LazyResult.runAsync (turbopack:///[project]/node_modules/postcss/lib/lazy-result.js:299:11)]
    [at async transform (turbopack:///[turbopack-node]/transforms/postcss.ts?config=[project]/postcss.config.js:70:34)]
    [at async run (turbopack:///[turbopack-node]/child_process/evaluate.ts:89:23)]

Import trace:
  Client Component Browser:
    ./src/app/workspace.css [Client Component Browser]
    ./src/app/[locale]/layout.tsx [Server Component] @ http://localhost:3000/_next/static/chunks/node_modules_next_dist_1e8vcs8._.js:1052
[  156184ms] [ERROR] ./src/app/workspace.css
Error: Error evaluating Node.js code
CssSyntaxError: tailwindcss: C:\Users\janid\Downloads\mylms\lms\src\app\workspace.css:1:1: Cannot apply unknown utility class `text-body-strong`
    [at Input.error (turbopack:///[project]/node_modules/postcss/lib/input.js:135:16)]
    [at Root.error (turbopack:///[project]/node_modules/postcss/lib/node.js:166:32)]
    [at Object.Once (C:\Users\janid\Downloads\mylms\lms\node_modules\@tailwindcss\postcss\dist\index.js:10:7013)]
    [at process.processTicksAndRejections (node:internal/process/task_queues:104:5)]
    [at async LazyResult.runAsync (turbopack:///[project]/node_modules/postcss/lib/lazy-result.js:299:11)]
    [at async transform (turbopack:///[turbopack-node]/transforms/postcss.ts?config=[project]/postcss.config.js:70:34)]
    [at async run (turbopack:///[turbopack-node]/child_process/evaluate.ts:89:23)]

Import trace:
  Client Component Browser:
    ./src/app/workspace.css [Client Component Browser]
    ./src/app/[locale]/layout.tsx [Server Component] @ http://localhost:3000/_next/static/chunks/node_modules_next_dist_1e8vcs8._.js:1052
[  156247ms] [ERROR] ./src/app/workspace.css
Error: Error evaluating Node.js code
CssSyntaxError: tailwindcss: C:\Users\janid\Downloads\mylms\lms\src\app\workspace.css:1:1: Cannot apply unknown utility class `text-body-strong`
    [at Input.error (turbopack:///[project]/node_modules/postcss/lib/input.js:135:16)]
    [at Root.error (turbopack:///[project]/node_modules/postcss/lib/node.js:166:32)]
    [at Object.Once (C:\Users\janid\Downloads\mylms\lms\node_modules\@tailwindcss\postcss\dist\index.js:10:7013)]
    [at process.processTicksAndRejections (node:internal/process/task_queues:104:5)]
    [at async LazyResult.runAsync (turbopack:///[project]/node_modules/postcss/lib/lazy-result.js:299:11)]
    [at async transform (turbopack:///[turbopack-node]/transforms/postcss.ts?config=[project]/postcss.config.js:70:34)]
    [at async run (turbopack:///[turbopack-node]/child_process/evaluate.ts:89:23)]

Import trace:
  Client Component Browser:
    ./src/app/workspace.css [Client Component Browser]
    ./src/app/[locale]/layout.tsx [Server Component] @ http://localhost:3000/_next/static/chunks/node_modules_next_dist_1e8vcs8._.js:1052
[  156309ms] [ERROR] ./src/app/workspace.css
Error: Error evaluating Node.js code
CssSyntaxError: tailwindcss: C:\Users\janid\Downloads\mylms\lms\src\app\workspace.css:1:1: Cannot apply unknown utility class `text-body-strong`
    [at Input.error (turbopack:///[project]/node_modules/postcss/lib/input.js:135:16)]
    [at Root.error (turbopack:///[project]/node_modules/postcss/lib/node.js:166:32)]
    [at Object.Once (C:\Users\janid\Downloads\mylms\lms\node_modules\@tailwindcss\postcss\dist\index.js:10:7013)]
    [at process.processTicksAndRejections (node:internal/process/task_queues:104:5)]
    [at async LazyResult.runAsync (turbopack:///[project]/node_modules/postcss/lib/lazy-result.js:299:11)]
    [at async transform (turbopack:///[turbopack-node]/transforms/postcss.ts?config=[project]/postcss.config.js:70:34)]
    [at async run (turbopack:///[turbopack-node]/child_process/evaluate.ts:89:23)]

Import trace:
  Client Component Browser:
    ./src/app/workspace.css [Client Component Browser]
    ./src/app/[locale]/layout.tsx [Server Component] @ http://localhost:3000/_next/static/chunks/node_modules_next_dist_1e8vcs8._.js:1052
[  156372ms] [ERROR] ./src/app/workspace.css
Error: Error evaluating Node.js code
CssSyntaxError: tailwindcss: C:\Users\janid\Downloads\mylms\lms\src\app\workspace.css:1:1: Cannot apply unknown utility class `text-body-strong`
    [at Input.error (turbopack:///[project]/node_modules/postcss/lib/input.js:135:16)]
    [at Root.error (turbopack:///[project]/node_modules/postcss/lib/node.js:166:32)]
    [at Object.Once (C:\Users\janid\Downloads\mylms\lms\node_modules\@tailwindcss\postcss\dist\index.js:10:7013)]
    [at process.processTicksAndRejections (node:internal/process/task_queues:104:5)]
    [at async LazyResult.runAsync (turbopack:///[project]/node_modules/postcss/lib/lazy-result.js:299:11)]
    [at async transform (turbopack:///[turbopack-node]/transforms/postcss.ts?config=[project]/postcss.config.js:70:34)]
    [at async run (turbopack:///[turbopack-node]/child_process/evaluate.ts:89:23)]

Import trace:
  Client Component Browser:
    ./src/app/workspace.css [Client Component Browser]
    ./src/app/[locale]/layout.tsx [Server Component] @ http://localhost:3000/_next/static/chunks/node_modules_next_dist_1e8vcs8._.js:1052
[  156437ms] [ERROR] ./src/app/workspace.css
Error: Error evaluating Node.js code
CssSyntaxError: tailwindcss: C:\Users\janid\Downloads\mylms\lms\src\app\workspace.css:1:1: Cannot apply unknown utility class `text-body-strong`
    [at Input.error (turbopack:///[project]/node_modules/postcss/lib/input.js:135:16)]
    [at Root.error (turbopack:///[project]/node_modules/postcss/lib/node.js:166:32)]
    [at Object.Once (C:\Users\janid\Downloads\mylms\lms\node_modules\@tailwindcss\postcss\dist\index.js:10:7013)]
    [at process.processTicksAndRejections (node:internal/process/task_queues:104:5)]
    [at async LazyResult.runAsync (turbopack:///[project]/node_modules/postcss/lib/lazy-result.js:299:11)]
    [at async transform (turbopack:///[turbopack-node]/transforms/postcss.ts?config=[project]/postcss.config.js:70:34)]
    [at async run (turbopack:///[turbopack-node]/child_process/evaluate.ts:89:23)]

Import trace:
  Client Component Browser:
    ./src/app/workspace.css [Client Component Browser]
    ./src/app/[locale]/layout.tsx [Server Component] @ http://localhost:3000/_next/static/chunks/node_modules_next_dist_1e8vcs8._.js:1052
[  156498ms] [ERROR] ./src/app/workspace.css
Error: Error evaluating Node.js code
CssSyntaxError: tailwindcss: C:\Users\janid\Downloads\mylms\lms\src\app\workspace.css:1:1: Cannot apply unknown utility class `text-body-strong`
    [at Input.error (turbopack:///[project]/node_modules/postcss/lib/input.js:135:16)]
    [at Root.error (turbopack:///[project]/node_modules/postcss/lib/node.js:166:32)]
    [at Object.Once (C:\Users\janid\Downloads\mylms\lms\node_modules\@tailwindcss\postcss\dist\index.js:10:7013)]
    [at process.processTicksAndRejections (node:internal/process/task_queues:104:5)]
    [at async LazyResult.runAsync (turbopack:///[project]/node_modules/postcss/lib/lazy-result.js:299:11)]
    [at async transform (turbopack:///[turbopack-node]/transforms/postcss.ts?config=[project]/postcss.config.js:70:34)]
    [at async run (turbopack:///[turbopack-node]/child_process/evaluate.ts:89:23)]

Import trace:
  Client Component Browser:
    ./src/app/workspace.css [Client Component Browser]
    ./src/app/[locale]/layout.tsx [Server Component] @ http://localhost:3000/_next/static/chunks/node_modules_next_dist_1e8vcs8._.js:1052
[  156560ms] [ERROR] ./src/app/workspace.css
Error: Error evaluating Node.js code
CssSyntaxError: tailwindcss: C:\Users\janid\Downloads\mylms\lms\src\app\workspace.css:1:1: Cannot apply unknown utility class `text-body-strong`
    [at Input.error (turbopack:///[project]/node_modules/postcss/lib/input.js:135:16)]
    [at Root.error (turbopack:///[project]/node_modules/postcss/lib/node.js:166:32)]
    [at Object.Once (C:\Users\janid\Downloads\mylms\lms\node_modules\@tailwindcss\postcss\dist\index.js:10:7013)]
    [at process.processTicksAndRejections (node:internal/process/task_queues:104:5)]
    [at async LazyResult.runAsync (turbopack:///[project]/node_modules/postcss/lib/lazy-result.js:299:11)]
    [at async transform (turbopack:///[turbopack-node]/transforms/postcss.ts?config=[project]/postcss.config.js:70:34)]
    [at async run (turbopack:///[turbopack-node]/child_process/evaluate.ts:89:23)]

Import trace:
  Client Component Browser:
    ./src/app/workspace.css [Client Component Browser]
    ./src/app/[locale]/layout.tsx [Server Component] @ http://localhost:3000/_next/static/chunks/node_modules_next_dist_1e8vcs8._.js:1052
[  156622ms] [ERROR] ./src/app/workspace.css
Error: Error evaluating Node.js code
CssSyntaxError: tailwindcss: C:\Users\janid\Downloads\mylms\lms\src\app\workspace.css:1:1: Cannot apply unknown utility class `text-body-strong`
    [at Input.error (turbopack:///[project]/node_modules/postcss/lib/input.js:135:16)]
    [at Root.error (turbopack:///[project]/node_modules/postcss/lib/node.js:166:32)]
    [at Object.Once (C:\Users\janid\Downloads\mylms\lms\node_modules\@tailwindcss\postcss\dist\index.js:10:7013)]
    [at process.processTicksAndRejections (node:internal/process/task_queues:104:5)]
    [at async LazyResult.runAsync (turbopack:///[project]/node_modules/postcss/lib/lazy-result.js:299:11)]
    [at async transform (turbopack:///[turbopack-node]/transforms/postcss.ts?config=[project]/postcss.config.js:70:34)]
    [at async run (turbopack:///[turbopack-node]/child_process/evaluate.ts:89:23)]

Import trace:
  Client Component Browser:
    ./src/app/workspace.css [Client Component Browser]
    ./src/app/[locale]/layout.tsx [Server Component] @ http://localhost:3000/_next/static/chunks/node_modules_next_dist_1e8vcs8._.js:1052
[  156686ms] [ERROR] ./src/app/workspace.css
Error: Error evaluating Node.js code
CssSyntaxError: tailwindcss: C:\Users\janid\Downloads\mylms\lms\src\app\workspace.css:1:1: Cannot apply unknown utility class `text-body-strong`
    [at Input.error (turbopack:///[project]/node_modules/postcss/lib/input.js:135:16)]
    [at Root.error (turbopack:///[project]/node_modules/postcss/lib/node.js:166:32)]
    [at Object.Once (C:\Users\janid\Downloads\mylms\lms\node_modules\@tailwindcss\postcss\dist\index.js:10:7013)]
    [at process.processTicksAndRejections (node:internal/process/task_queues:104:5)]
    [at async LazyResult.runAsync (turbopack:///[project]/node_modules/postcss/lib/lazy-result.js:299:11)]
    [at async transform (turbopack:///[turbopack-node]/transforms/postcss.ts?config=[project]/postcss.config.js:70:34)]
    [at async run (turbopack:///[turbopack-node]/child_process/evaluate.ts:89:23)]

Import trace:
  Client Component Browser:
    ./src/app/workspace.css [Client Component Browser]
    ./src/app/[locale]/layout.tsx [Server Component] @ http://localhost:3000/_next/static/chunks/node_modules_next_dist_1e8vcs8._.js:1052
[  156748ms] [ERROR] ./src/app/workspace.css
Error: Error evaluating Node.js code
CssSyntaxError: tailwindcss: C:\Users\janid\Downloads\mylms\lms\src\app\workspace.css:1:1: Cannot apply unknown utility class `text-body-strong`
    [at Input.error (turbopack:///[project]/node_modules/postcss/lib/input.js:135:16)]
    [at Root.error (turbopack:///[project]/node_modules/postcss/lib/node.js:166:32)]
    [at Object.Once (C:\Users\janid\Downloads\mylms\lms\node_modules\@tailwindcss\postcss\dist\index.js:10:7013)]
    [at process.processTicksAndRejections (node:internal/process/task_queues:104:5)]
    [at async LazyResult.runAsync (turbopack:///[project]/node_modules/postcss/lib/lazy-result.js:299:11)]
    [at async transform (turbopack:///[turbopack-node]/transforms/postcss.ts?config=[project]/postcss.config.js:70:34)]
    [at async run (turbopack:///[turbopack-node]/child_process/evaluate.ts:89:23)]

Import trace:
  Client Component Browser:
    ./src/app/workspace.css [Client Component Browser]
    ./src/app/[locale]/layout.tsx [Server Component] @ http://localhost:3000/_next/static/chunks/node_modules_next_dist_1e8vcs8._.js:1052
[  156811ms] [ERROR] ./src/app/workspace.css
Error: Error evaluating Node.js code
CssSyntaxError: tailwindcss: C:\Users\janid\Downloads\mylms\lms\src\app\workspace.css:1:1: Cannot apply unknown utility class `text-body-strong`
    [at Input.error (turbopack:///[project]/node_modules/postcss/lib/input.js:135:16)]
    [at Root.error (turbopack:///[project]/node_modules/postcss/lib/node.js:166:32)]
    [at Object.Once (C:\Users\janid\Downloads\mylms\lms\node_modules\@tailwindcss\postcss\dist\index.js:10:7013)]
    [at process.processTicksAndRejections (node:internal/process/task_queues:104:5)]
    [at async LazyResult.runAsync (turbopack:///[project]/node_modules/postcss/lib/lazy-result.js:299:11)]
    [at async transform (turbopack:///[turbopack-node]/transforms/postcss.ts?config=[project]/postcss.config.js:70:34)]
    [at async run (turbopack:///[turbopack-node]/child_process/evaluate.ts:89:23)]

Import trace:
  Client Component Browser:
    ./src/app/workspace.css [Client Component Browser]
    ./src/app/[locale]/layout.tsx [Server Component] @ http://localhost:3000/_next/static/chunks/node_modules_next_dist_1e8vcs8._.js:1052
[  156873ms] [ERROR] ./src/app/workspace.css
Error: Error evaluating Node.js code
CssSyntaxError: tailwindcss: C:\Users\janid\Downloads\mylms\lms\src\app\workspace.css:1:1: Cannot apply unknown utility class `text-body-strong`
    [at Input.error (turbopack:///[project]/node_modules/postcss/lib/input.js:135:16)]
    [at Root.error (turbopack:///[project]/node_modules/postcss/lib/node.js:166:32)]
    [at Object.Once (C:\Users\janid\Downloads\mylms\lms\node_modules\@tailwindcss\postcss\dist\index.js:10:7013)]
    [at process.processTicksAndRejections (node:internal/process/task_queues:104:5)]
    [at async LazyResult.runAsync (turbopack:///[project]/node_modules/postcss/lib/lazy-result.js:299:11)]
    [at async transform (turbopack:///[turbopack-node]/transforms/postcss.ts?config=[project]/postcss.config.js:70:34)]
    [at async run (turbopack:///[turbopack-node]/child_process/evaluate.ts:89:23)]

Import trace:
  Client Component Browser:
    ./src/app/workspace.css [Client Component Browser]
    ./src/app/[locale]/layout.tsx [Server Component] @ http://localhost:3000/_next/static/chunks/node_modules_next_dist_1e8vcs8._.js:1052
[  156937ms] [ERROR] ./src/app/workspace.css
Error: Error evaluating Node.js code
CssSyntaxError: tailwindcss: C:\Users\janid\Downloads\mylms\lms\src\app\workspace.css:1:1: Cannot apply unknown utility class `text-body-strong`
    [at Input.error (turbopack:///[project]/node_modules/postcss/lib/input.js:135:16)]
    [at Root.error (turbopack:///[project]/node_modules/postcss/lib/node.js:166:32)]
    [at Object.Once (C:\Users\janid\Downloads\mylms\lms\node_modules\@tailwindcss\postcss\dist\index.js:10:7013)]
    [at process.processTicksAndRejections (node:internal/process/task_queues:104:5)]
    [at async LazyResult.runAsync (turbopack:///[project]/node_modules/postcss/lib/lazy-result.js:299:11)]
    [at async transform (turbopack:///[turbopack-node]/transforms/postcss.ts?config=[project]/postcss.config.js:70:34)]
    [at async run (turbopack:///[turbopack-node]/child_process/evaluate.ts:89:23)]

Import trace:
  Client Component Browser:
    ./src/app/workspace.css [Client Component Browser]
    ./src/app/[locale]/layout.tsx [Server Component] @ http://localhost:3000/_next/static/chunks/node_modules_next_dist_1e8vcs8._.js:1052
[  156999ms] [ERROR] ./src/app/workspace.css
Error: Error evaluating Node.js code
CssSyntaxError: tailwindcss: C:\Users\janid\Downloads\mylms\lms\src\app\workspace.css:1:1: Cannot apply unknown utility class `text-body-strong`
    [at Input.error (turbopack:///[project]/node_modules/postcss/lib/input.js:135:16)]
    [at Root.error (turbopack:///[project]/node_modules/postcss/lib/node.js:166:32)]
    [at Object.Once (C:\Users\janid\Downloads\mylms\lms\node_modules\@tailwindcss\postcss\dist\index.js:10:7013)]
    [at process.processTicksAndRejections (node:internal/process/task_queues:104:5)]
    [at async LazyResult.runAsync (turbopack:///[project]/node_modules/postcss/lib/lazy-result.js:299:11)]
    [at async transform (turbopack:///[turbopack-node]/transforms/postcss.ts?config=[project]/postcss.config.js:70:34)]
    [at async run (turbopack:///[turbopack-node]/child_process/evaluate.ts:89:23)]

Import trace:
  Client Component Browser:
    ./src/app/workspace.css [Client Component Browser]
    ./src/app/[locale]/layout.tsx [Server Component] @ http://localhost:3000/_next/static/chunks/node_modules_next_dist_1e8vcs8._.js:1052
[  157063ms] [ERROR] ./src/app/workspace.css
Error: Error evaluating Node.js code
CssSyntaxError: tailwindcss: C:\Users\janid\Downloads\mylms\lms\src\app\workspace.css:1:1: Cannot apply unknown utility class `text-body-strong`
    [at Input.error (turbopack:///[project]/node_modules/postcss/lib/input.js:135:16)]
    [at Root.error (turbopack:///[project]/node_modules/postcss/lib/node.js:166:32)]
    [at Object.Once (C:\Users\janid\Downloads\mylms\lms\node_modules\@tailwindcss\postcss\dist\index.js:10:7013)]
    [at process.processTicksAndRejections (node:internal/process/task_queues:104:5)]
    [at async LazyResult.runAsync (turbopack:///[project]/node_modules/postcss/lib/lazy-result.js:299:11)]
    [at async transform (turbopack:///[turbopack-node]/transforms/postcss.ts?config=[project]/postcss.config.js:70:34)]
    [at async run (turbopack:///[turbopack-node]/child_process/evaluate.ts:89:23)]

Import trace:
  Client Component Browser:
    ./src/app/workspace.css [Client Component Browser]
    ./src/app/[locale]/layout.tsx [Server Component] @ http://localhost:3000/_next/static/chunks/node_modules_next_dist_1e8vcs8._.js:1052
[  157127ms] [ERROR] ./src/app/workspace.css
Error: Error evaluating Node.js code
CssSyntaxError: tailwindcss: C:\Users\janid\Downloads\mylms\lms\src\app\workspace.css:1:1: Cannot apply unknown utility class `text-body-strong`
    [at Input.error (turbopack:///[project]/node_modules/postcss/lib/input.js:135:16)]
    [at Root.error (turbopack:///[project]/node_modules/postcss/lib/node.js:166:32)]
    [at Object.Once (C:\Users\janid\Downloads\mylms\lms\node_modules\@tailwindcss\postcss\dist\index.js:10:7013)]
    [at process.processTicksAndRejections (node:internal/process/task_queues:104:5)]
    [at async LazyResult.runAsync (turbopack:///[project]/node_modules/postcss/lib/lazy-result.js:299:11)]
    [at async transform (turbopack:///[turbopack-node]/transforms/postcss.ts?config=[project]/postcss.config.js:70:34)]
    [at async run (turbopack:///[turbopack-node]/child_process/evaluate.ts:89:23)]

Import trace:
  Client Component Browser:
    ./src/app/workspace.css [Client Component Browser]
    ./src/app/[locale]/layout.tsx [Server Component] @ http://localhost:3000/_next/static/chunks/node_modules_next_dist_1e8vcs8._.js:1052
[  157188ms] [ERROR] ./src/app/workspace.css
Error: Error evaluating Node.js code
CssSyntaxError: tailwindcss: C:\Users\janid\Downloads\mylms\lms\src\app\workspace.css:1:1: Cannot apply unknown utility class `text-body-strong`
    [at Input.error (turbopack:///[project]/node_modules/postcss/lib/input.js:135:16)]
    [at Root.error (turbopack:///[project]/node_modules/postcss/lib/node.js:166:32)]
    [at Object.Once (C:\Users\janid\Downloads\mylms\lms\node_modules\@tailwindcss\postcss\dist\index.js:10:7013)]
    [at process.processTicksAndRejections (node:internal/process/task_queues:104:5)]
    [at async LazyResult.runAsync (turbopack:///[project]/node_modules/postcss/lib/lazy-result.js:299:11)]
    [at async transform (turbopack:///[turbopack-node]/transforms/postcss.ts?config=[project]/postcss.config.js:70:34)]
    [at async run (turbopack:///[turbopack-node]/child_process/evaluate.ts:89:23)]

Import trace:
  Client Component Browser:
    ./src/app/workspace.css [Client Component Browser]
    ./src/app/[locale]/layout.tsx [Server Component] @ http://localhost:3000/_next/static/chunks/node_modules_next_dist_1e8vcs8._.js:1052
[  157251ms] [ERROR] ./src/app/workspace.css
Error: Error evaluating Node.js code
CssSyntaxError: tailwindcss: C:\Users\janid\Downloads\mylms\lms\src\app\workspace.css:1:1: Cannot apply unknown utility class `text-body-strong`
    [at Input.error (turbopack:///[project]/node_modules/postcss/lib/input.js:135:16)]
    [at Root.error (turbopack:///[project]/node_modules/postcss/lib/node.js:166:32)]
    [at Object.Once (C:\Users\janid\Downloads\mylms\lms\node_modules\@tailwindcss\postcss\dist\index.js:10:7013)]
    [at process.processTicksAndRejections (node:internal/process/task_queues:104:5)]
    [at async LazyResult.runAsync (turbopack:///[project]/node_modules/postcss/lib/lazy-result.js:299:11)]
    [at async transform (turbopack:///[turbopack-node]/transforms/postcss.ts?config=[project]/postcss.config.js:70:34)]
    [at async run (turbopack:///[turbopack-node]/child_process/evaluate.ts:89:23)]

Import trace:
  Client Component Browser:
    ./src/app/workspace.css [Client Component Browser]
    ./src/app/[locale]/layout.tsx [Server Component] @ http://localhost:3000/_next/static/chunks/node_modules_next_dist_1e8vcs8._.js:1052
[  157315ms] [ERROR] ./src/app/workspace.css
Error: Error evaluating Node.js code
CssSyntaxError: tailwindcss: C:\Users\janid\Downloads\mylms\lms\src\app\workspace.css:1:1: Cannot apply unknown utility class `text-body-strong`
    [at Input.error (turbopack:///[project]/node_modules/postcss/lib/input.js:135:16)]
    [at Root.error (turbopack:///[project]/node_modules/postcss/lib/node.js:166:32)]
    [at Object.Once (C:\Users\janid\Downloads\mylms\lms\node_modules\@tailwindcss\postcss\dist\index.js:10:7013)]
    [at process.processTicksAndRejections (node:internal/process/task_queues:104:5)]
    [at async LazyResult.runAsync (turbopack:///[project]/node_modules/postcss/lib/lazy-result.js:299:11)]
    [at async transform (turbopack:///[turbopack-node]/transforms/postcss.ts?config=[project]/postcss.config.js:70:34)]
    [at async run (turbopack:///[turbopack-node]/child_process/evaluate.ts:89:23)]

Import trace:
  Client Component Browser:
    ./src/app/workspace.css [Client Component Browser]
    ./src/app/[locale]/layout.tsx [Server Component] @ http://localhost:3000/_next/static/chunks/node_modules_next_dist_1e8vcs8._.js:1052
[  157378ms] [ERROR] ./src/app/workspace.css
Error: Error evaluating Node.js code
CssSyntaxError: tailwindcss: C:\Users\janid\Downloads\mylms\lms\src\app\workspace.css:1:1: Cannot apply unknown utility class `text-body-strong`
    [at Input.error (turbopack:///[project]/node_modules/postcss/lib/input.js:135:16)]
    [at Root.error (turbopack:///[project]/node_modules/postcss/lib/node.js:166:32)]
    [at Object.Once (C:\Users\janid\Downloads\mylms\lms\node_modules\@tailwindcss\postcss\dist\index.js:10:7013)]
    [at process.processTicksAndRejections (node:internal/process/task_queues:104:5)]
    [at async LazyResult.runAsync (turbopack:///[project]/node_modules/postcss/lib/lazy-result.js:299:11)]
    [at async transform (turbopack:///[turbopack-node]/transforms/postcss.ts?config=[project]/postcss.config.js:70:34)]
    [at async run (turbopack:///[turbopack-node]/child_process/evaluate.ts:89:23)]

Import trace:
  Client Component Browser:
    ./src/app/workspace.css [Client Component Browser]
    ./src/app/[locale]/layout.tsx [Server Component] @ http://localhost:3000/_next/static/chunks/node_modules_next_dist_1e8vcs8._.js:1052
[  157440ms] [ERROR] ./src/app/workspace.css
Error: Error evaluating Node.js code
CssSyntaxError: tailwindcss: C:\Users\janid\Downloads\mylms\lms\src\app\workspace.css:1:1: Cannot apply unknown utility class `text-body-strong`
    [at Input.error (turbopack:///[project]/node_modules/postcss/lib/input.js:135:16)]
    [at Root.error (turbopack:///[project]/node_modules/postcss/lib/node.js:166:32)]
    [at Object.Once (C:\Users\janid\Downloads\mylms\lms\node_modules\@tailwindcss\postcss\dist\index.js:10:7013)]
    [at process.processTicksAndRejections (node:internal/process/task_queues:104:5)]
    [at async LazyResult.runAsync (turbopack:///[project]/node_modules/postcss/lib/lazy-result.js:299:11)]
    [at async transform (turbopack:///[turbopack-node]/transforms/postcss.ts?config=[project]/postcss.config.js:70:34)]
    [at async run (turbopack:///[turbopack-node]/child_process/evaluate.ts:89:23)]

Import trace:
  Client Component Browser:
    ./src/app/workspace.css [Client Component Browser]
    ./src/app/[locale]/layout.tsx [Server Component] @ http://localhost:3000/_next/static/chunks/node_modules_next_dist_1e8vcs8._.js:1052
[  157503ms] [ERROR] ./src/app/workspace.css
Error: Error evaluating Node.js code
CssSyntaxError: tailwindcss: C:\Users\janid\Downloads\mylms\lms\src\app\workspace.css:1:1: Cannot apply unknown utility class `text-body-strong`
    [at Input.error (turbopack:///[project]/node_modules/postcss/lib/input.js:135:16)]
    [at Root.error (turbopack:///[project]/node_modules/postcss/lib/node.js:166:32)]
    [at Object.Once (C:\Users\janid\Downloads\mylms\lms\node_modules\@tailwindcss\postcss\dist\index.js:10:7013)]
    [at process.processTicksAndRejections (node:internal/process/task_queues:104:5)]
    [at async LazyResult.runAsync (turbopack:///[project]/node_modules/postcss/lib/lazy-result.js:299:11)]
    [at async transform (turbopack:///[turbopack-node]/transforms/postcss.ts?config=[project]/postcss.config.js:70:34)]
    [at async run (turbopack:///[turbopack-node]/child_process/evaluate.ts:89:23)]

Import trace:
  Client Component Browser:
    ./src/app/workspace.css [Client Component Browser]
    ./src/app/[locale]/layout.tsx [Server Component] @ http://localhost:3000/_next/static/chunks/node_modules_next_dist_1e8vcs8._.js:1052
[  157564ms] [ERROR] ./src/app/workspace.css
Error: Error evaluating Node.js code
CssSyntaxError: tailwindcss: C:\Users\janid\Downloads\mylms\lms\src\app\workspace.css:1:1: Cannot apply unknown utility class `text-body-strong`
    [at Input.error (turbopack:///[project]/node_modules/postcss/lib/input.js:135:16)]
    [at Root.error (turbopack:///[project]/node_modules/postcss/lib/node.js:166:32)]
    [at Object.Once (C:\Users\janid\Downloads\mylms\lms\node_modules\@tailwindcss\postcss\dist\index.js:10:7013)]
    [at process.processTicksAndRejections (node:internal/process/task_queues:104:5)]
    [at async LazyResult.runAsync (turbopack:///[project]/node_modules/postcss/lib/lazy-result.js:299:11)]
    [at async transform (turbopack:///[turbopack-node]/transforms/postcss.ts?config=[project]/postcss.config.js:70:34)]
    [at async run (turbopack:///[turbopack-node]/child_process/evaluate.ts:89:23)]

Import trace:
  Client Component Browser:
    ./src/app/workspace.css [Client Component Browser]
    ./src/app/[locale]/layout.tsx [Server Component] @ http://localhost:3000/_next/static/chunks/node_modules_next_dist_1e8vcs8._.js:1052
[  157628ms] [ERROR] ./src/app/workspace.css
Error: Error evaluating Node.js code
CssSyntaxError: tailwindcss: C:\Users\janid\Downloads\mylms\lms\src\app\workspace.css:1:1: Cannot apply unknown utility class `text-body-strong`
    [at Input.error (turbopack:///[project]/node_modules/postcss/lib/input.js:135:16)]
    [at Root.error (turbopack:///[project]/node_modules/postcss/lib/node.js:166:32)]
    [at Object.Once (C:\Users\janid\Downloads\mylms\lms\node_modules\@tailwindcss\postcss\dist\index.js:10:7013)]
    [at process.processTicksAndRejections (node:internal/process/task_queues:104:5)]
    [at async LazyResult.runAsync (turbopack:///[project]/node_modules/postcss/lib/lazy-result.js:299:11)]
    [at async transform (turbopack:///[turbopack-node]/transforms/postcss.ts?config=[project]/postcss.config.js:70:34)]
    [at async run (turbopack:///[turbopack-node]/child_process/evaluate.ts:89:23)]

Import trace:
  Client Component Browser:
    ./src/app/workspace.css [Client Component Browser]
    ./src/app/[locale]/layout.tsx [Server Component] @ http://localhost:3000/_next/static/chunks/node_modules_next_dist_1e8vcs8._.js:1052
[  157690ms] [ERROR] ./src/app/workspace.css
Error: Error evaluating Node.js code
CssSyntaxError: tailwindcss: C:\Users\janid\Downloads\mylms\lms\src\app\workspace.css:1:1: Cannot apply unknown utility class `text-body-strong`
    [at Input.error (turbopack:///[project]/node_modules/postcss/lib/input.js:135:16)]
    [at Root.error (turbopack:///[project]/node_modules/postcss/lib/node.js:166:32)]
    [at Object.Once (C:\Users\janid\Downloads\mylms\lms\node_modules\@tailwindcss\postcss\dist\index.js:10:7013)]
    [at process.processTicksAndRejections (node:internal/process/task_queues:104:5)]
    [at async LazyResult.runAsync (turbopack:///[project]/node_modules/postcss/lib/lazy-result.js:299:11)]
    [at async transform (turbopack:///[turbopack-node]/transforms/postcss.ts?config=[project]/postcss.config.js:70:34)]
    [at async run (turbopack:///[turbopack-node]/child_process/evaluate.ts:89:23)]

Import trace:
  Client Component Browser:
    ./src/app/workspace.css [Client Component Browser]
    ./src/app/[locale]/layout.tsx [Server Component] @ http://localhost:3000/_next/static/chunks/node_modules_next_dist_1e8vcs8._.js:1052
[  157754ms] [ERROR] ./src/app/workspace.css
Error: Error evaluating Node.js code
CssSyntaxError: tailwindcss: C:\Users\janid\Downloads\mylms\lms\src\app\workspace.css:1:1: Cannot apply unknown utility class `text-body-strong`
    [at Input.error (turbopack:///[project]/node_modules/postcss/lib/input.js:135:16)]
    [at Root.error (turbopack:///[project]/node_modules/postcss/lib/node.js:166:32)]
    [at Object.Once (C:\Users\janid\Downloads\mylms\lms\node_modules\@tailwindcss\postcss\dist\index.js:10:7013)]
    [at process.processTicksAndRejections (node:internal/process/task_queues:104:5)]
    [at async LazyResult.runAsync (turbopack:///[project]/node_modules/postcss/lib/lazy-result.js:299:11)]
    [at async transform (turbopack:///[turbopack-node]/transforms/postcss.ts?config=[project]/postcss.config.js:70:34)]
    [at async run (turbopack:///[turbopack-node]/child_process/evaluate.ts:89:23)]

Import trace:
  Client Component Browser:
    ./src/app/workspace.css [Client Component Browser]
    ./src/app/[locale]/layout.tsx [Server Component] @ http://localhost:3000/_next/static/chunks/node_modules_next_dist_1e8vcs8._.js:1052
[  157821ms] [ERROR] ./src/app/workspace.css
Error: Error evaluating Node.js code
CssSyntaxError: tailwindcss: C:\Users\janid\Downloads\mylms\lms\src\app\workspace.css:1:1: Cannot apply unknown utility class `text-body-strong`
    [at Input.error (turbopack:///[project]/node_modules/postcss/lib/input.js:135:16)]
    [at Root.error (turbopack:///[project]/node_modules/postcss/lib/node.js:166:32)]
    [at Object.Once (C:\Users\janid\Downloads\mylms\lms\node_modules\@tailwindcss\postcss\dist\index.js:10:7013)]
    [at process.processTicksAndRejections (node:internal/process/task_queues:104:5)]
    [at async LazyResult.runAsync (turbopack:///[project]/node_modules/postcss/lib/lazy-result.js:299:11)]
    [at async transform (turbopack:///[turbopack-node]/transforms/postcss.ts?config=[project]/postcss.config.js:70:34)]
    [at async run (turbopack:///[turbopack-node]/child_process/evaluate.ts:89:23)]

Import trace:
  Client Component Browser:
    ./src/app/workspace.css [Client Component Browser]
    ./src/app/[locale]/layout.tsx [Server Component] @ http://localhost:3000/_next/static/chunks/node_modules_next_dist_1e8vcs8._.js:1052
[  157881ms] [ERROR] ./src/app/workspace.css
Error: Error evaluating Node.js code
CssSyntaxError: tailwindcss: C:\Users\janid\Downloads\mylms\lms\src\app\workspace.css:1:1: Cannot apply unknown utility class `text-body-strong`
    [at Input.error (turbopack:///[project]/node_modules/postcss/lib/input.js:135:16)]
    [at Root.error (turbopack:///[project]/node_modules/postcss/lib/node.js:166:32)]
    [at Object.Once (C:\Users\janid\Downloads\mylms\lms\node_modules\@tailwindcss\postcss\dist\index.js:10:7013)]
    [at process.processTicksAndRejections (node:internal/process/task_queues:104:5)]
    [at async LazyResult.runAsync (turbopack:///[project]/node_modules/postcss/lib/lazy-result.js:299:11)]
    [at async transform (turbopack:///[turbopack-node]/transforms/postcss.ts?config=[project]/postcss.config.js:70:34)]
    [at async run (turbopack:///[turbopack-node]/child_process/evaluate.ts:89:23)]

Import trace:
  Client Component Browser:
    ./src/app/workspace.css [Client Component Browser]
    ./src/app/[locale]/layout.tsx [Server Component] @ http://localhost:3000/_next/static/chunks/node_modules_next_dist_1e8vcs8._.js:1052
[  157943ms] [ERROR] ./src/app/workspace.css
Error: Error evaluating Node.js code
CssSyntaxError: tailwindcss: C:\Users\janid\Downloads\mylms\lms\src\app\workspace.css:1:1: Cannot apply unknown utility class `text-body-strong`
    [at Input.error (turbopack:///[project]/node_modules/postcss/lib/input.js:135:16)]
    [at Root.error (turbopack:///[project]/node_modules/postcss/lib/node.js:166:32)]
    [at Object.Once (C:\Users\janid\Downloads\mylms\lms\node_modules\@tailwindcss\postcss\dist\index.js:10:7013)]
    [at process.processTicksAndRejections (node:internal/process/task_queues:104:5)]
    [at async LazyResult.runAsync (turbopack:///[project]/node_modules/postcss/lib/lazy-result.js:299:11)]
    [at async transform (turbopack:///[turbopack-node]/transforms/postcss.ts?config=[project]/postcss.config.js:70:34)]
    [at async run (turbopack:///[turbopack-node]/child_process/evaluate.ts:89:23)]

Import trace:
  Client Component Browser:
    ./src/app/workspace.css [Client Component Browser]
    ./src/app/[locale]/layout.tsx [Server Component] @ http://localhost:3000/_next/static/chunks/node_modules_next_dist_1e8vcs8._.js:1052
[  158005ms] [ERROR] ./src/app/workspace.css
Error: Error evaluating Node.js code
CssSyntaxError: tailwindcss: C:\Users\janid\Downloads\mylms\lms\src\app\workspace.css:1:1: Cannot apply unknown utility class `text-body-strong`
    [at Input.error (turbopack:///[project]/node_modules/postcss/lib/input.js:135:16)]
    [at Root.error (turbopack:///[project]/node_modules/postcss/lib/node.js:166:32)]
    [at Object.Once (C:\Users\janid\Downloads\mylms\lms\node_modules\@tailwindcss\postcss\dist\index.js:10:7013)]
    [at process.processTicksAndRejections (node:internal/process/task_queues:104:5)]
    [at async LazyResult.runAsync (turbopack:///[project]/node_modules/postcss/lib/lazy-result.js:299:11)]
    [at async transform (turbopack:///[turbopack-node]/transforms/postcss.ts?config=[project]/postcss.config.js:70:34)]
    [at async run (turbopack:///[turbopack-node]/child_process/evaluate.ts:89:23)]

Import trace:
  Client Component Browser:
    ./src/app/workspace.css [Client Component Browser]
    ./src/app/[locale]/layout.tsx [Server Component] @ http://localhost:3000/_next/static/chunks/node_modules_next_dist_1e8vcs8._.js:1052
[  158069ms] [ERROR] ./src/app/workspace.css
Error: Error evaluating Node.js code
CssSyntaxError: tailwindcss: C:\Users\janid\Downloads\mylms\lms\src\app\workspace.css:1:1: Cannot apply unknown utility class `text-body-strong`
    [at Input.error (turbopack:///[project]/node_modules/postcss/lib/input.js:135:16)]
    [at Root.error (turbopack:///[project]/node_modules/postcss/lib/node.js:166:32)]
    [at Object.Once (C:\Users\janid\Downloads\mylms\lms\node_modules\@tailwindcss\postcss\dist\index.js:10:7013)]
    [at process.processTicksAndRejections (node:internal/process/task_queues:104:5)]
    [at async LazyResult.runAsync (turbopack:///[project]/node_modules/postcss/lib/lazy-result.js:299:11)]
    [at async transform (turbopack:///[turbopack-node]/transforms/postcss.ts?config=[project]/postcss.config.js:70:34)]
    [at async run (turbopack:///[turbopack-node]/child_process/evaluate.ts:89:23)]

Import trace:
  Client Component Browser:
    ./src/app/workspace.css [Client Component Browser]
    ./src/app/[locale]/layout.tsx [Server Component] @ http://localhost:3000/_next/static/chunks/node_modules_next_dist_1e8vcs8._.js:1052
[  158131ms] [ERROR] ./src/app/workspace.css
Error: Error evaluating Node.js code
CssSyntaxError: tailwindcss: C:\Users\janid\Downloads\mylms\lms\src\app\workspace.css:1:1: Cannot apply unknown utility class `text-body-strong`
    [at Input.error (turbopack:///[project]/node_modules/postcss/lib/input.js:135:16)]
    [at Root.error (turbopack:///[project]/node_modules/postcss/lib/node.js:166:32)]
    [at Object.Once (C:\Users\janid\Downloads\mylms\lms\node_modules\@tailwindcss\postcss\dist\index.js:10:7013)]
    [at process.processTicksAndRejections (node:internal/process/task_queues:104:5)]
    [at async LazyResult.runAsync (turbopack:///[project]/node_modules/postcss/lib/lazy-result.js:299:11)]
    [at async transform (turbopack:///[turbopack-node]/transforms/postcss.ts?config=[project]/postcss.config.js:70:34)]
    [at async run (turbopack:///[turbopack-node]/child_process/evaluate.ts:89:23)]

Import trace:
  Client Component Browser:
    ./src/app/workspace.css [Client Component Browser]
    ./src/app/[locale]/layout.tsx [Server Component] @ http://localhost:3000/_next/static/chunks/node_modules_next_dist_1e8vcs8._.js:1052
[  158195ms] [ERROR] ./src/app/workspace.css
Error: Error evaluating Node.js code
CssSyntaxError: tailwindcss: C:\Users\janid\Downloads\mylms\lms\src\app\workspace.css:1:1: Cannot apply unknown utility class `text-body-strong`
    [at Input.error (turbopack:///[project]/node_modules/postcss/lib/input.js:135:16)]
    [at Root.error (turbopack:///[project]/node_modules/postcss/lib/node.js:166:32)]
    [at Object.Once (C:\Users\janid\Downloads\mylms\lms\node_modules\@tailwindcss\postcss\dist\index.js:10:7013)]
    [at process.processTicksAndRejections (node:internal/process/task_queues:104:5)]
    [at async LazyResult.runAsync (turbopack:///[project]/node_modules/postcss/lib/lazy-result.js:299:11)]
    [at async transform (turbopack:///[turbopack-node]/transforms/postcss.ts?config=[project]/postcss.config.js:70:34)]
    [at async run (turbopack:///[turbopack-node]/child_process/evaluate.ts:89:23)]

Import trace:
  Client Component Browser:
    ./src/app/workspace.css [Client Component Browser]
    ./src/app/[locale]/layout.tsx [Server Component] @ http://localhost:3000/_next/static/chunks/node_modules_next_dist_1e8vcs8._.js:1052
[  158258ms] [ERROR] ./src/app/workspace.css
Error: Error evaluating Node.js code
CssSyntaxError: tailwindcss: C:\Users\janid\Downloads\mylms\lms\src\app\workspace.css:1:1: Cannot apply unknown utility class `text-body-strong`
    [at Input.error (turbopack:///[project]/node_modules/postcss/lib/input.js:135:16)]
    [at Root.error (turbopack:///[project]/node_modules/postcss/lib/node.js:166:32)]
    [at Object.Once (C:\Users\janid\Downloads\mylms\lms\node_modules\@tailwindcss\postcss\dist\index.js:10:7013)]
    [at process.processTicksAndRejections (node:internal/process/task_queues:104:5)]
    [at async LazyResult.runAsync (turbopack:///[project]/node_modules/postcss/lib/lazy-result.js:299:11)]
    [at async transform (turbopack:///[turbopack-node]/transforms/postcss.ts?config=[project]/postcss.config.js:70:34)]
    [at async run (turbopack:///[turbopack-node]/child_process/evaluate.ts:89:23)]

Import trace:
  Client Component Browser:
    ./src/app/workspace.css [Client Component Browser]
    ./src/app/[locale]/layout.tsx [Server Component] @ http://localhost:3000/_next/static/chunks/node_modules_next_dist_1e8vcs8._.js:1052
[  158320ms] [ERROR] ./src/app/workspace.css
Error: Error evaluating Node.js code
CssSyntaxError: tailwindcss: C:\Users\janid\Downloads\mylms\lms\src\app\workspace.css:1:1: Cannot apply unknown utility class `text-body-strong`
    [at Input.error (turbopack:///[project]/node_modules/postcss/lib/input.js:135:16)]
    [at Root.error (turbopack:///[project]/node_modules/postcss/lib/node.js:166:32)]
    [at Object.Once (C:\Users\janid\Downloads\mylms\lms\node_modules\@tailwindcss\postcss\dist\index.js:10:7013)]
    [at process.processTicksAndRejections (node:internal/process/task_queues:104:5)]
    [at async LazyResult.runAsync (turbopack:///[project]/node_modules/postcss/lib/lazy-result.js:299:11)]
    [at async transform (turbopack:///[turbopack-node]/transforms/postcss.ts?config=[project]/postcss.config.js:70:34)]
    [at async run (turbopack:///[turbopack-node]/child_process/evaluate.ts:89:23)]

Import trace:
  Client Component Browser:
    ./src/app/workspace.css [Client Component Browser]
    ./src/app/[locale]/layout.tsx [Server Component] @ http://localhost:3000/_next/static/chunks/node_modules_next_dist_1e8vcs8._.js:1052
[  158383ms] [ERROR] ./src/app/workspace.css
Error: Error evaluating Node.js code
CssSyntaxError: tailwindcss: C:\Users\janid\Downloads\mylms\lms\src\app\workspace.css:1:1: Cannot apply unknown utility class `text-body-strong`
    [at Input.error (turbopack:///[project]/node_modules/postcss/lib/input.js:135:16)]
    [at Root.error (turbopack:///[project]/node_modules/postcss/lib/node.js:166:32)]
    [at Object.Once (C:\Users\janid\Downloads\mylms\lms\node_modules\@tailwindcss\postcss\dist\index.js:10:7013)]
    [at process.processTicksAndRejections (node:internal/process/task_queues:104:5)]
    [at async LazyResult.runAsync (turbopack:///[project]/node_modules/postcss/lib/lazy-result.js:299:11)]
    [at async transform (turbopack:///[turbopack-node]/transforms/postcss.ts?config=[project]/postcss.config.js:70:34)]
    [at async run (turbopack:///[turbopack-node]/child_process/evaluate.ts:89:23)]

Import trace:
  Client Component Browser:
    ./src/app/workspace.css [Client Component Browser]
    ./src/app/[locale]/layout.tsx [Server Component] @ http://localhost:3000/_next/static/chunks/node_modules_next_dist_1e8vcs8._.js:1052
[  158446ms] [ERROR] ./src/app/workspace.css
Error: Error evaluating Node.js code
CssSyntaxError: tailwindcss: C:\Users\janid\Downloads\mylms\lms\src\app\workspace.css:1:1: Cannot apply unknown utility class `text-body-strong`
    [at Input.error (turbopack:///[project]/node_modules/postcss/lib/input.js:135:16)]
    [at Root.error (turbopack:///[project]/node_modules/postcss/lib/node.js:166:32)]
    [at Object.Once (C:\Users\janid\Downloads\mylms\lms\node_modules\@tailwindcss\postcss\dist\index.js:10:7013)]
    [at process.processTicksAndRejections (node:internal/process/task_queues:104:5)]
    [at async LazyResult.runAsync (turbopack:///[project]/node_modules/postcss/lib/lazy-result.js:299:11)]
    [at async transform (turbopack:///[turbopack-node]/transforms/postcss.ts?config=[project]/postcss.config.js:70:34)]
    [at async run (turbopack:///[turbopack-node]/child_process/evaluate.ts:89:23)]

Import trace:
  Client Component Browser:
    ./src/app/workspace.css [Client Component Browser]
    ./src/app/[locale]/layout.tsx [Server Component] @ http://localhost:3000/_next/static/chunks/node_modules_next_dist_1e8vcs8._.js:1052
[  158509ms] [ERROR] ./src/app/workspace.css
Error: Error evaluating Node.js code
CssSyntaxError: tailwindcss: C:\Users\janid\Downloads\mylms\lms\src\app\workspace.css:1:1: Cannot apply unknown utility class `text-body-strong`
    [at Input.error (turbopack:///[project]/node_modules/postcss/lib/input.js:135:16)]
    [at Root.error (turbopack:///[project]/node_modules/postcss/lib/node.js:166:32)]
    [at Object.Once (C:\Users\janid\Downloads\mylms\lms\node_modules\@tailwindcss\postcss\dist\index.js:10:7013)]
    [at process.processTicksAndRejections (node:internal/process/task_queues:104:5)]
    [at async LazyResult.runAsync (turbopack:///[project]/node_modules/postcss/lib/lazy-result.js:299:11)]
    [at async transform (turbopack:///[turbopack-node]/transforms/postcss.ts?config=[project]/postcss.config.js:70:34)]
    [at async run (turbopack:///[turbopack-node]/child_process/evaluate.ts:89:23)]

Import trace:
  Client Component Browser:
    ./src/app/workspace.css [Client Component Browser]
    ./src/app/[locale]/layout.tsx [Server Component] @ http://localhost:3000/_next/static/chunks/node_modules_next_dist_1e8vcs8._.js:1052
[  158570ms] [ERROR] ./src/app/workspace.css
Error: Error evaluating Node.js code
CssSyntaxError: tailwindcss: C:\Users\janid\Downloads\mylms\lms\src\app\workspace.css:1:1: Cannot apply unknown utility class `text-body-strong`
    [at Input.error (turbopack:///[project]/node_modules/postcss/lib/input.js:135:16)]
    [at Root.error (turbopack:///[project]/node_modules/postcss/lib/node.js:166:32)]
    [at Object.Once (C:\Users\janid\Downloads\mylms\lms\node_modules\@tailwindcss\postcss\dist\index.js:10:7013)]
    [at process.processTicksAndRejections (node:internal/process/task_queues:104:5)]
    [at async LazyResult.runAsync (turbopack:///[project]/node_modules/postcss/lib/lazy-result.js:299:11)]
    [at async transform (turbopack:///[turbopack-node]/transforms/postcss.ts?config=[project]/postcss.config.js:70:34)]
    [at async run (turbopack:///[turbopack-node]/child_process/evaluate.ts:89:23)]

Import trace:
  Client Component Browser:
    ./src/app/workspace.css [Client Component Browser]
    ./src/app/[locale]/layout.tsx [Server Component] @ http://localhost:3000/_next/static/chunks/node_modules_next_dist_1e8vcs8._.js:1052
[  158633ms] [ERROR] ./src/app/workspace.css
Error: Error evaluating Node.js code
CssSyntaxError: tailwindcss: C:\Users\janid\Downloads\mylms\lms\src\app\workspace.css:1:1: Cannot apply unknown utility class `text-body-strong`
    [at Input.error (turbopack:///[project]/node_modules/postcss/lib/input.js:135:16)]
    [at Root.error (turbopack:///[project]/node_modules/postcss/lib/node.js:166:32)]
    [at Object.Once (C:\Users\janid\Downloads\mylms\lms\node_modules\@tailwindcss\postcss\dist\index.js:10:7013)]
    [at process.processTicksAndRejections (node:internal/process/task_queues:104:5)]
    [at async LazyResult.runAsync (turbopack:///[project]/node_modules/postcss/lib/lazy-result.js:299:11)]
    [at async transform (turbopack:///[turbopack-node]/transforms/postcss.ts?config=[project]/postcss.config.js:70:34)]
    [at async run (turbopack:///[turbopack-node]/child_process/evaluate.ts:89:23)]

Import trace:
  Client Component Browser:
    ./src/app/workspace.css [Client Component Browser]
    ./src/app/[locale]/layout.tsx [Server Component] @ http://localhost:3000/_next/static/chunks/node_modules_next_dist_1e8vcs8._.js:1052
[  158696ms] [ERROR] ./src/app/workspace.css
Error: Error evaluating Node.js code
CssSyntaxError: tailwindcss: C:\Users\janid\Downloads\mylms\lms\src\app\workspace.css:1:1: Cannot apply unknown utility class `text-body-strong`
    [at Input.error (turbopack:///[project]/node_modules/postcss/lib/input.js:135:16)]
    [at Root.error (turbopack:///[project]/node_modules/postcss/lib/node.js:166:32)]
    [at Object.Once (C:\Users\janid\Downloads\mylms\lms\node_modules\@tailwindcss\postcss\dist\index.js:10:7013)]
    [at process.processTicksAndRejections (node:internal/process/task_queues:104:5)]
    [at async LazyResult.runAsync (turbopack:///[project]/node_modules/postcss/lib/lazy-result.js:299:11)]
    [at async transform (turbopack:///[turbopack-node]/transforms/postcss.ts?config=[project]/postcss.config.js:70:34)]
    [at async run (turbopack:///[turbopack-node]/child_process/evaluate.ts:89:23)]

Import trace:
  Client Component Browser:
    ./src/app/workspace.css [Client Component Browser]
    ./src/app/[locale]/layout.tsx [Server Component] @ http://localhost:3000/_next/static/chunks/node_modules_next_dist_1e8vcs8._.js:1052
[  158759ms] [ERROR] ./src/app/workspace.css
Error: Error evaluating Node.js code
CssSyntaxError: tailwindcss: C:\Users\janid\Downloads\mylms\lms\src\app\workspace.css:1:1: Cannot apply unknown utility class `text-body-strong`
    [at Input.error (turbopack:///[project]/node_modules/postcss/lib/input.js:135:16)]
    [at Root.error (turbopack:///[project]/node_modules/postcss/lib/node.js:166:32)]
    [at Object.Once (C:\Users\janid\Downloads\mylms\lms\node_modules\@tailwindcss\postcss\dist\index.js:10:7013)]
    [at process.processTicksAndRejections (node:internal/process/task_queues:104:5)]
    [at async LazyResult.runAsync (turbopack:///[project]/node_modules/postcss/lib/lazy-result.js:299:11)]
    [at async transform (turbopack:///[turbopack-node]/transforms/postcss.ts?config=[project]/postcss.config.js:70:34)]
    [at async run (turbopack:///[turbopack-node]/child_process/evaluate.ts:89:23)]

Import trace:
  Client Component Browser:
    ./src/app/workspace.css [Client Component Browser]
    ./src/app/[locale]/layout.tsx [Server Component] @ http://localhost:3000/_next/static/chunks/node_modules_next_dist_1e8vcs8._.js:1052
[  158822ms] [ERROR] ./src/app/workspace.css
Error: Error evaluating Node.js code
CssSyntaxError: tailwindcss: C:\Users\janid\Downloads\mylms\lms\src\app\workspace.css:1:1: Cannot apply unknown utility class `text-body-strong`
    [at Input.error (turbopack:///[project]/node_modules/postcss/lib/input.js:135:16)]
    [at Root.error (turbopack:///[project]/node_modules/postcss/lib/node.js:166:32)]
    [at Object.Once (C:\Users\janid\Downloads\mylms\lms\node_modules\@tailwindcss\postcss\dist\index.js:10:7013)]
    [at process.processTicksAndRejections (node:internal/process/task_queues:104:5)]
    [at async LazyResult.runAsync (turbopack:///[project]/node_modules/postcss/lib/lazy-result.js:299:11)]
    [at async transform (turbopack:///[turbopack-node]/transforms/postcss.ts?config=[project]/postcss.config.js:70:34)]
    [at async run (turbopack:///[turbopack-node]/child_process/evaluate.ts:89:23)]

Import trace:
  Client Component Browser:
    ./src/app/workspace.css [Client Component Browser]
    ./src/app/[locale]/layout.tsx [Server Component] @ http://localhost:3000/_next/static/chunks/node_modules_next_dist_1e8vcs8._.js:1052
[  158884ms] [ERROR] ./src/app/workspace.css
Error: Error evaluating Node.js code
CssSyntaxError: tailwindcss: C:\Users\janid\Downloads\mylms\lms\src\app\workspace.css:1:1: Cannot apply unknown utility class `text-body-strong`
    [at Input.error (turbopack:///[project]/node_modules/postcss/lib/input.js:135:16)]
    [at Root.error (turbopack:///[project]/node_modules/postcss/lib/node.js:166:32)]
    [at Object.Once (C:\Users\janid\Downloads\mylms\lms\node_modules\@tailwindcss\postcss\dist\index.js:10:7013)]
    [at process.processTicksAndRejections (node:internal/process/task_queues:104:5)]
    [at async LazyResult.runAsync (turbopack:///[project]/node_modules/postcss/lib/lazy-result.js:299:11)]
    [at async transform (turbopack:///[turbopack-node]/transforms/postcss.ts?config=[project]/postcss.config.js:70:34)]
    [at async run (turbopack:///[turbopack-node]/child_process/evaluate.ts:89:23)]

Import trace:
  Client Component Browser:
    ./src/app/workspace.css [Client Component Browser]
    ./src/app/[locale]/layout.tsx [Server Component] @ http://localhost:3000/_next/static/chunks/node_modules_next_dist_1e8vcs8._.js:1052
[  158946ms] [ERROR] ./src/app/workspace.css
Error: Error evaluating Node.js code
CssSyntaxError: tailwindcss: C:\Users\janid\Downloads\mylms\lms\src\app\workspace.css:1:1: Cannot apply unknown utility class `text-body-strong`
    [at Input.error (turbopack:///[project]/node_modules/postcss/lib/input.js:135:16)]
    [at Root.error (turbopack:///[project]/node_modules/postcss/lib/node.js:166:32)]
    [at Object.Once (C:\Users\janid\Downloads\mylms\lms\node_modules\@tailwindcss\postcss\dist\index.js:10:7013)]
    [at process.processTicksAndRejections (node:internal/process/task_queues:104:5)]
    [at async LazyResult.runAsync (turbopack:///[project]/node_modules/postcss/lib/lazy-result.js:299:11)]
    [at async transform (turbopack:///[turbopack-node]/transforms/postcss.ts?config=[project]/postcss.config.js:70:34)]
    [at async run (turbopack:///[turbopack-node]/child_process/evaluate.ts:89:23)]

Import trace:
  Client Component Browser:
    ./src/app/workspace.css [Client Component Browser]
    ./src/app/[locale]/layout.tsx [Server Component] @ http://localhost:3000/_next/static/chunks/node_modules_next_dist_1e8vcs8._.js:1052
[  159008ms] [ERROR] ./src/app/workspace.css
Error: Error evaluating Node.js code
CssSyntaxError: tailwindcss: C:\Users\janid\Downloads\mylms\lms\src\app\workspace.css:1:1: Cannot apply unknown utility class `text-body-strong`
    [at Input.error (turbopack:///[project]/node_modules/postcss/lib/input.js:135:16)]
    [at Root.error (turbopack:///[project]/node_modules/postcss/lib/node.js:166:32)]
    [at Object.Once (C:\Users\janid\Downloads\mylms\lms\node_modules\@tailwindcss\postcss\dist\index.js:10:7013)]
    [at process.processTicksAndRejections (node:internal/process/task_queues:104:5)]
    [at async LazyResult.runAsync (turbopack:///[project]/node_modules/postcss/lib/lazy-result.js:299:11)]
    [at async transform (turbopack:///[turbopack-node]/transforms/postcss.ts?config=[project]/postcss.config.js:70:34)]
    [at async run (turbopack:///[turbopack-node]/child_process/evaluate.ts:89:23)]

Import trace:
  Client Component Browser:
    ./src/app/workspace.css [Client Component Browser]
    ./src/app/[locale]/layout.tsx [Server Component] @ http://localhost:3000/_next/static/chunks/node_modules_next_dist_1e8vcs8._.js:1052
[  159070ms] [ERROR] ./src/app/workspace.css
Error: Error evaluating Node.js code
CssSyntaxError: tailwindcss: C:\Users\janid\Downloads\mylms\lms\src\app\workspace.css:1:1: Cannot apply unknown utility class `text-body-strong`
    [at Input.error (turbopack:///[project]/node_modules/postcss/lib/input.js:135:16)]
    [at Root.error (turbopack:///[project]/node_modules/postcss/lib/node.js:166:32)]
    [at Object.Once (C:\Users\janid\Downloads\mylms\lms\node_modules\@tailwindcss\postcss\dist\index.js:10:7013)]
    [at process.processTicksAndRejections (node:internal/process/task_queues:104:5)]
    [at async LazyResult.runAsync (turbopack:///[project]/node_modules/postcss/lib/lazy-result.js:299:11)]
    [at async transform (turbopack:///[turbopack-node]/transforms/postcss.ts?config=[project]/postcss.config.js:70:34)]
    [at async run (turbopack:///[turbopack-node]/child_process/evaluate.ts:89:23)]

Import trace:
  Client Component Browser:
    ./src/app/workspace.css [Client Component Browser]
    ./src/app/[locale]/layout.tsx [Server Component] @ http://localhost:3000/_next/static/chunks/node_modules_next_dist_1e8vcs8._.js:1052
[  159133ms] [ERROR] ./src/app/workspace.css
Error: Error evaluating Node.js code
CssSyntaxError: tailwindcss: C:\Users\janid\Downloads\mylms\lms\src\app\workspace.css:1:1: Cannot apply unknown utility class `text-body-strong`
    [at Input.error (turbopack:///[project]/node_modules/postcss/lib/input.js:135:16)]
    [at Root.error (turbopack:///[project]/node_modules/postcss/lib/node.js:166:32)]
    [at Object.Once (C:\Users\janid\Downloads\mylms\lms\node_modules\@tailwindcss\postcss\dist\index.js:10:7013)]
    [at process.processTicksAndRejections (node:internal/process/task_queues:104:5)]
    [at async LazyResult.runAsync (turbopack:///[project]/node_modules/postcss/lib/lazy-result.js:299:11)]
    [at async transform (turbopack:///[turbopack-node]/transforms/postcss.ts?config=[project]/postcss.config.js:70:34)]
    [at async run (turbopack:///[turbopack-node]/child_process/evaluate.ts:89:23)]

Import trace:
  Client Component Browser:
    ./src/app/workspace.css [Client Component Browser]
    ./src/app/[locale]/layout.tsx [Server Component] @ http://localhost:3000/_next/static/chunks/node_modules_next_dist_1e8vcs8._.js:1052
[  159196ms] [ERROR] ./src/app/workspace.css
Error: Error evaluating Node.js code
CssSyntaxError: tailwindcss: C:\Users\janid\Downloads\mylms\lms\src\app\workspace.css:1:1: Cannot apply unknown utility class `text-body-strong`
    [at Input.error (turbopack:///[project]/node_modules/postcss/lib/input.js:135:16)]
    [at Root.error (turbopack:///[project]/node_modules/postcss/lib/node.js:166:32)]
    [at Object.Once (C:\Users\janid\Downloads\mylms\lms\node_modules\@tailwindcss\postcss\dist\index.js:10:7013)]
    [at process.processTicksAndRejections (node:internal/process/task_queues:104:5)]
    [at async LazyResult.runAsync (turbopack:///[project]/node_modules/postcss/lib/lazy-result.js:299:11)]
    [at async transform (turbopack:///[turbopack-node]/transforms/postcss.ts?config=[project]/postcss.config.js:70:34)]
    [at async run (turbopack:///[turbopack-node]/child_process/evaluate.ts:89:23)]

Import trace:
  Client Component Browser:
    ./src/app/workspace.css [Client Component Browser]
    ./src/app/[locale]/layout.tsx [Server Component] @ http://localhost:3000/_next/static/chunks/node_modules_next_dist_1e8vcs8._.js:1052
[  159259ms] [ERROR] ./src/app/workspace.css
Error: Error evaluating Node.js code
CssSyntaxError: tailwindcss: C:\Users\janid\Downloads\mylms\lms\src\app\workspace.css:1:1: Cannot apply unknown utility class `text-body-strong`
    [at Input.error (turbopack:///[project]/node_modules/postcss/lib/input.js:135:16)]
    [at Root.error (turbopack:///[project]/node_modules/postcss/lib/node.js:166:32)]
    [at Object.Once (C:\Users\janid\Downloads\mylms\lms\node_modules\@tailwindcss\postcss\dist\index.js:10:7013)]
    [at process.processTicksAndRejections (node:internal/process/task_queues:104:5)]
    [at async LazyResult.runAsync (turbopack:///[project]/node_modules/postcss/lib/lazy-result.js:299:11)]
    [at async transform (turbopack:///[turbopack-node]/transforms/postcss.ts?config=[project]/postcss.config.js:70:34)]
    [at async run (turbopack:///[turbopack-node]/child_process/evaluate.ts:89:23)]

Import trace:
  Client Component Browser:
    ./src/app/workspace.css [Client Component Browser]
    ./src/app/[locale]/layout.tsx [Server Component] @ http://localhost:3000/_next/static/chunks/node_modules_next_dist_1e8vcs8._.js:1052
[  159321ms] [ERROR] ./src/app/workspace.css
Error: Error evaluating Node.js code
CssSyntaxError: tailwindcss: C:\Users\janid\Downloads\mylms\lms\src\app\workspace.css:1:1: Cannot apply unknown utility class `text-body-strong`
    [at Input.error (turbopack:///[project]/node_modules/postcss/lib/input.js:135:16)]
    [at Root.error (turbopack:///[project]/node_modules/postcss/lib/node.js:166:32)]
    [at Object.Once (C:\Users\janid\Downloads\mylms\lms\node_modules\@tailwindcss\postcss\dist\index.js:10:7013)]
    [at process.processTicksAndRejections (node:internal/process/task_queues:104:5)]
    [at async LazyResult.runAsync (turbopack:///[project]/node_modules/postcss/lib/lazy-result.js:299:11)]
    [at async transform (turbopack:///[turbopack-node]/transforms/postcss.ts?config=[project]/postcss.config.js:70:34)]
    [at async run (turbopack:///[turbopack-node]/child_process/evaluate.ts:89:23)]

Import trace:
  Client Component Browser:
    ./src/app/workspace.css [Client Component Browser]
    ./src/app/[locale]/layout.tsx [Server Component] @ http://localhost:3000/_next/static/chunks/node_modules_next_dist_1e8vcs8._.js:1052
[  159383ms] [ERROR] ./src/app/workspace.css
Error: Error evaluating Node.js code
CssSyntaxError: tailwindcss: C:\Users\janid\Downloads\mylms\lms\src\app\workspace.css:1:1: Cannot apply unknown utility class `text-body-strong`
    [at Input.error (turbopack:///[project]/node_modules/postcss/lib/input.js:135:16)]
    [at Root.error (turbopack:///[project]/node_modules/postcss/lib/node.js:166:32)]
    [at Object.Once (C:\Users\janid\Downloads\mylms\lms\node_modules\@tailwindcss\postcss\dist\index.js:10:7013)]
    [at process.processTicksAndRejections (node:internal/process/task_queues:104:5)]
    [at async LazyResult.runAsync (turbopack:///[project]/node_modules/postcss/lib/lazy-result.js:299:11)]
    [at async transform (turbopack:///[turbopack-node]/transforms/postcss.ts?config=[project]/postcss.config.js:70:34)]
    [at async run (turbopack:///[turbopack-node]/child_process/evaluate.ts:89:23)]

Import trace:
  Client Component Browser:
    ./src/app/workspace.css [Client Component Browser]
    ./src/app/[locale]/layout.tsx [Server Component] @ http://localhost:3000/_next/static/chunks/node_modules_next_dist_1e8vcs8._.js:1052
[  159446ms] [ERROR] ./src/app/workspace.css
Error: Error evaluating Node.js code
CssSyntaxError: tailwindcss: C:\Users\janid\Downloads\mylms\lms\src\app\workspace.css:1:1: Cannot apply unknown utility class `text-body-strong`
    [at Input.error (turbopack:///[project]/node_modules/postcss/lib/input.js:135:16)]
    [at Root.error (turbopack:///[project]/node_modules/postcss/lib/node.js:166:32)]
    [at Object.Once (C:\Users\janid\Downloads\mylms\lms\node_modules\@tailwindcss\postcss\dist\index.js:10:7013)]
    [at process.processTicksAndRejections (node:internal/process/task_queues:104:5)]
    [at async LazyResult.runAsync (turbopack:///[project]/node_modules/postcss/lib/lazy-result.js:299:11)]
    [at async transform (turbopack:///[turbopack-node]/transforms/postcss.ts?config=[project]/postcss.config.js:70:34)]
    [at async run (turbopack:///[turbopack-node]/child_process/evaluate.ts:89:23)]

Import trace:
  Client Component Browser:
    ./src/app/workspace.css [Client Component Browser]
    ./src/app/[locale]/layout.tsx [Server Component] @ http://localhost:3000/_next/static/chunks/node_modules_next_dist_1e8vcs8._.js:1052
[  159509ms] [ERROR] ./src/app/workspace.css
Error: Error evaluating Node.js code
CssSyntaxError: tailwindcss: C:\Users\janid\Downloads\mylms\lms\src\app\workspace.css:1:1: Cannot apply unknown utility class `text-body-strong`
    [at Input.error (turbopack:///[project]/node_modules/postcss/lib/input.js:135:16)]
    [at Root.error (turbopack:///[project]/node_modules/postcss/lib/node.js:166:32)]
    [at Object.Once (C:\Users\janid\Downloads\mylms\lms\node_modules\@tailwindcss\postcss\dist\index.js:10:7013)]
    [at process.processTicksAndRejections (node:internal/process/task_queues:104:5)]
    [at async LazyResult.runAsync (turbopack:///[project]/node_modules/postcss/lib/lazy-result.js:299:11)]
    [at async transform (turbopack:///[turbopack-node]/transforms/postcss.ts?config=[project]/postcss.config.js:70:34)]
    [at async run (turbopack:///[turbopack-node]/child_process/evaluate.ts:89:23)]

Import trace:
  Client Component Browser:
    ./src/app/workspace.css [Client Component Browser]
    ./src/app/[locale]/layout.tsx [Server Component] @ http://localhost:3000/_next/static/chunks/node_modules_next_dist_1e8vcs8._.js:1052
[  159572ms] [ERROR] ./src/app/workspace.css
Error: Error evaluating Node.js code
CssSyntaxError: tailwindcss: C:\Users\janid\Downloads\mylms\lms\src\app\workspace.css:1:1: Cannot apply unknown utility class `text-body-strong`
    [at Input.error (turbopack:///[project]/node_modules/postcss/lib/input.js:135:16)]
    [at Root.error (turbopack:///[project]/node_modules/postcss/lib/node.js:166:32)]
    [at Object.Once (C:\Users\janid\Downloads\mylms\lms\node_modules\@tailwindcss\postcss\dist\index.js:10:7013)]
    [at process.processTicksAndRejections (node:internal/process/task_queues:104:5)]
    [at async LazyResult.runAsync (turbopack:///[project]/node_modules/postcss/lib/lazy-result.js:299:11)]
    [at async transform (turbopack:///[turbopack-node]/transforms/postcss.ts?config=[project]/postcss.config.js:70:34)]
    [at async run (turbopack:///[turbopack-node]/child_process/evaluate.ts:89:23)]

Import trace:
  Client Component Browser:
    ./src/app/workspace.css [Client Component Browser]
    ./src/app/[locale]/layout.tsx [Server Component] @ http://localhost:3000/_next/static/chunks/node_modules_next_dist_1e8vcs8._.js:1052
[  159635ms] [ERROR] ./src/app/workspace.css
Error: Error evaluating Node.js code
CssSyntaxError: tailwindcss: C:\Users\janid\Downloads\mylms\lms\src\app\workspace.css:1:1: Cannot apply unknown utility class `text-body-strong`
    [at Input.error (turbopack:///[project]/node_modules/postcss/lib/input.js:135:16)]
    [at Root.error (turbopack:///[project]/node_modules/postcss/lib/node.js:166:32)]
    [at Object.Once (C:\Users\janid\Downloads\mylms\lms\node_modules\@tailwindcss\postcss\dist\index.js:10:7013)]
    [at process.processTicksAndRejections (node:internal/process/task_queues:104:5)]
    [at async LazyResult.runAsync (turbopack:///[project]/node_modules/postcss/lib/lazy-result.js:299:11)]
    [at async transform (turbopack:///[turbopack-node]/transforms/postcss.ts?config=[project]/postcss.config.js:70:34)]
    [at async run (turbopack:///[turbopack-node]/child_process/evaluate.ts:89:23)]

Import trace:
  Client Component Browser:
    ./src/app/workspace.css [Client Component Browser]
    ./src/app/[locale]/layout.tsx [Server Component] @ http://localhost:3000/_next/static/chunks/node_modules_next_dist_1e8vcs8._.js:1052
[  159697ms] [ERROR] ./src/app/workspace.css
Error: Error evaluating Node.js code
CssSyntaxError: tailwindcss: C:\Users\janid\Downloads\mylms\lms\src\app\workspace.css:1:1: Cannot apply unknown utility class `text-body-strong`
    [at Input.error (turbopack:///[project]/node_modules/postcss/lib/input.js:135:16)]
    [at Root.error (turbopack:///[project]/node_modules/postcss/lib/node.js:166:32)]
    [at Object.Once (C:\Users\janid\Downloads\mylms\lms\node_modules\@tailwindcss\postcss\dist\index.js:10:7013)]
    [at process.processTicksAndRejections (node:internal/process/task_queues:104:5)]
    [at async LazyResult.runAsync (turbopack:///[project]/node_modules/postcss/lib/lazy-result.js:299:11)]
    [at async transform (turbopack:///[turbopack-node]/transforms/postcss.ts?config=[project]/postcss.config.js:70:34)]
    [at async run (turbopack:///[turbopack-node]/child_process/evaluate.ts:89:23)]

Import trace:
  Client Component Browser:
    ./src/app/workspace.css [Client Component Browser]
    ./src/app/[locale]/layout.tsx [Server Component] @ http://localhost:3000/_next/static/chunks/node_modules_next_dist_1e8vcs8._.js:1052
[  159760ms] [ERROR] ./src/app/workspace.css
Error: Error evaluating Node.js code
CssSyntaxError: tailwindcss: C:\Users\janid\Downloads\mylms\lms\src\app\workspace.css:1:1: Cannot apply unknown utility class `text-body-strong`
    [at Input.error (turbopack:///[project]/node_modules/postcss/lib/input.js:135:16)]
    [at Root.error (turbopack:///[project]/node_modules/postcss/lib/node.js:166:32)]
    [at Object.Once (C:\Users\janid\Downloads\mylms\lms\node_modules\@tailwindcss\postcss\dist\index.js:10:7013)]
    [at process.processTicksAndRejections (node:internal/process/task_queues:104:5)]
    [at async LazyResult.runAsync (turbopack:///[project]/node_modules/postcss/lib/lazy-result.js:299:11)]
    [at async transform (turbopack:///[turbopack-node]/transforms/postcss.ts?config=[project]/postcss.config.js:70:34)]
    [at async run (turbopack:///[turbopack-node]/child_process/evaluate.ts:89:23)]

Import trace:
  Client Component Browser:
    ./src/app/workspace.css [Client Component Browser]
    ./src/app/[locale]/layout.tsx [Server Component] @ http://localhost:3000/_next/static/chunks/node_modules_next_dist_1e8vcs8._.js:1052
[  159822ms] [ERROR] ./src/app/workspace.css
Error: Error evaluating Node.js code
CssSyntaxError: tailwindcss: C:\Users\janid\Downloads\mylms\lms\src\app\workspace.css:1:1: Cannot apply unknown utility class `text-body-strong`
    [at Input.error (turbopack:///[project]/node_modules/postcss/lib/input.js:135:16)]
    [at Root.error (turbopack:///[project]/node_modules/postcss/lib/node.js:166:32)]
    [at Object.Once (C:\Users\janid\Downloads\mylms\lms\node_modules\@tailwindcss\postcss\dist\index.js:10:7013)]
    [at process.processTicksAndRejections (node:internal/process/task_queues:104:5)]
    [at async LazyResult.runAsync (turbopack:///[project]/node_modules/postcss/lib/lazy-result.js:299:11)]
    [at async transform (turbopack:///[turbopack-node]/transforms/postcss.ts?config=[project]/postcss.config.js:70:34)]
    [at async run (turbopack:///[turbopack-node]/child_process/evaluate.ts:89:23)]

Import trace:
  Client Component Browser:
    ./src/app/workspace.css [Client Component Browser]
    ./src/app/[locale]/layout.tsx [Server Component] @ http://localhost:3000/_next/static/chunks/node_modules_next_dist_1e8vcs8._.js:1052
[  159885ms] [ERROR] ./src/app/workspace.css
Error: Error evaluating Node.js code
CssSyntaxError: tailwindcss: C:\Users\janid\Downloads\mylms\lms\src\app\workspace.css:1:1: Cannot apply unknown utility class `text-body-strong`
    [at Input.error (turbopack:///[project]/node_modules/postcss/lib/input.js:135:16)]
    [at Root.error (turbopack:///[project]/node_modules/postcss/lib/node.js:166:32)]
    [at Object.Once (C:\Users\janid\Downloads\mylms\lms\node_modules\@tailwindcss\postcss\dist\index.js:10:7013)]
    [at process.processTicksAndRejections (node:internal/process/task_queues:104:5)]
    [at async LazyResult.runAsync (turbopack:///[project]/node_modules/postcss/lib/lazy-result.js:299:11)]
    [at async transform (turbopack:///[turbopack-node]/transforms/postcss.ts?config=[project]/postcss.config.js:70:34)]
    [at async run (turbopack:///[turbopack-node]/child_process/evaluate.ts:89:23)]

Import trace:
  Client Component Browser:
    ./src/app/workspace.css [Client Component Browser]
    ./src/app/[locale]/layout.tsx [Server Component] @ http://localhost:3000/_next/static/chunks/node_modules_next_dist_1e8vcs8._.js:1052
[  159947ms] [ERROR] ./src/app/workspace.css
Error: Error evaluating Node.js code
CssSyntaxError: tailwindcss: C:\Users\janid\Downloads\mylms\lms\src\app\workspace.css:1:1: Cannot apply unknown utility class `text-body-strong`
    [at Input.error (turbopack:///[project]/node_modules/postcss/lib/input.js:135:16)]
    [at Root.error (turbopack:///[project]/node_modules/postcss/lib/node.js:166:32)]
    [at Object.Once (C:\Users\janid\Downloads\mylms\lms\node_modules\@tailwindcss\postcss\dist\index.js:10:7013)]
    [at process.processTicksAndRejections (node:internal/process/task_queues:104:5)]
    [at async LazyResult.runAsync (turbopack:///[project]/node_modules/postcss/lib/lazy-result.js:299:11)]
    [at async transform (turbopack:///[turbopack-node]/transforms/postcss.ts?config=[project]/postcss.config.js:70:34)]
    [at async run (turbopack:///[turbopack-node]/child_process/evaluate.ts:89:23)]

Import trace:
  Client Component Browser:
    ./src/app/workspace.css [Client Component Browser]
    ./src/app/[locale]/layout.tsx [Server Component] @ http://localhost:3000/_next/static/chunks/node_modules_next_dist_1e8vcs8._.js:1052
[  160010ms] [ERROR] ./src/app/workspace.css
Error: Error evaluating Node.js code
CssSyntaxError: tailwindcss: C:\Users\janid\Downloads\mylms\lms\src\app\workspace.css:1:1: Cannot apply unknown utility class `text-body-strong`
    [at Input.error (turbopack:///[project]/node_modules/postcss/lib/input.js:135:16)]
    [at Root.error (turbopack:///[project]/node_modules/postcss/lib/node.js:166:32)]
    [at Object.Once (C:\Users\janid\Downloads\mylms\lms\node_modules\@tailwindcss\postcss\dist\index.js:10:7013)]
    [at process.processTicksAndRejections (node:internal/process/task_queues:104:5)]
    [at async LazyResult.runAsync (turbopack:///[project]/node_modules/postcss/lib/lazy-result.js:299:11)]
    [at async transform (turbopack:///[turbopack-node]/transforms/postcss.ts?config=[project]/postcss.config.js:70:34)]
    [at async run (turbopack:///[turbopack-node]/child_process/evaluate.ts:89:23)]

Import trace:
  Client Component Browser:
    ./src/app/workspace.css [Client Component Browser]
    ./src/app/[locale]/layout.tsx [Server Component] @ http://localhost:3000/_next/static/chunks/node_modules_next_dist_1e8vcs8._.js:1052
[  160073ms] [ERROR] ./src/app/workspace.css
Error: Error evaluating Node.js code
CssSyntaxError: tailwindcss: C:\Users\janid\Downloads\mylms\lms\src\app\workspace.css:1:1: Cannot apply unknown utility class `text-body-strong`
    [at Input.error (turbopack:///[project]/node_modules/postcss/lib/input.js:135:16)]
    [at Root.error (turbopack:///[project]/node_modules/postcss/lib/node.js:166:32)]
    [at Object.Once (C:\Users\janid\Downloads\mylms\lms\node_modules\@tailwindcss\postcss\dist\index.js:10:7013)]
    [at process.processTicksAndRejections (node:internal/process/task_queues:104:5)]
    [at async LazyResult.runAsync (turbopack:///[project]/node_modules/postcss/lib/lazy-result.js:299:11)]
    [at async transform (turbopack:///[turbopack-node]/transforms/postcss.ts?config=[project]/postcss.config.js:70:34)]
    [at async run (turbopack:///[turbopack-node]/child_process/evaluate.ts:89:23)]

Import trace:
  Client Component Browser:
    ./src/app/workspace.css [Client Component Browser]
    ./src/app/[locale]/layout.tsx [Server Component] @ http://localhost:3000/_next/static/chunks/node_modules_next_dist_1e8vcs8._.js:1052
[  160135ms] [ERROR] ./src/app/workspace.css
Error: Error evaluating Node.js code
CssSyntaxError: tailwindcss: C:\Users\janid\Downloads\mylms\lms\src\app\workspace.css:1:1: Cannot apply unknown utility class `text-body-strong`
    [at Input.error (turbopack:///[project]/node_modules/postcss/lib/input.js:135:16)]
    [at Root.error (turbopack:///[project]/node_modules/postcss/lib/node.js:166:32)]
    [at Object.Once (C:\Users\janid\Downloads\mylms\lms\node_modules\@tailwindcss\postcss\dist\index.js:10:7013)]
    [at process.processTicksAndRejections (node:internal/process/task_queues:104:5)]
    [at async LazyResult.runAsync (turbopack:///[project]/node_modules/postcss/lib/lazy-result.js:299:11)]
    [at async transform (turbopack:///[turbopack-node]/transforms/postcss.ts?config=[project]/postcss.config.js:70:34)]
    [at async run (turbopack:///[turbopack-node]/child_process/evaluate.ts:89:23)]

Import trace:
  Client Component Browser:
    ./src/app/workspace.css [Client Component Browser]
    ./src/app/[locale]/layout.tsx [Server Component] @ http://localhost:3000/_next/static/chunks/node_modules_next_dist_1e8vcs8._.js:1052
[  160197ms] [ERROR] ./src/app/workspace.css
Error: Error evaluating Node.js code
CssSyntaxError: tailwindcss: C:\Users\janid\Downloads\mylms\lms\src\app\workspace.css:1:1: Cannot apply unknown utility class `text-body-strong`
    [at Input.error (turbopack:///[project]/node_modules/postcss/lib/input.js:135:16)]
    [at Root.error (turbopack:///[project]/node_modules/postcss/lib/node.js:166:32)]
    [at Object.Once (C:\Users\janid\Downloads\mylms\lms\node_modules\@tailwindcss\postcss\dist\index.js:10:7013)]
    [at process.processTicksAndRejections (node:internal/process/task_queues:104:5)]
    [at async LazyResult.runAsync (turbopack:///[project]/node_modules/postcss/lib/lazy-result.js:299:11)]
    [at async transform (turbopack:///[turbopack-node]/transforms/postcss.ts?config=[project]/postcss.config.js:70:34)]
    [at async run (turbopack:///[turbopack-node]/child_process/evaluate.ts:89:23)]

Import trace:
  Client Component Browser:
    ./src/app/workspace.css [Client Component Browser]
    ./src/app/[locale]/layout.tsx [Server Component] @ http://localhost:3000/_next/static/chunks/node_modules_next_dist_1e8vcs8._.js:1052
[  160258ms] [ERROR] ./src/app/workspace.css
Error: Error evaluating Node.js code
CssSyntaxError: tailwindcss: C:\Users\janid\Downloads\mylms\lms\src\app\workspace.css:1:1: Cannot apply unknown utility class `text-body-strong`
    [at Input.error (turbopack:///[project]/node_modules/postcss/lib/input.js:135:16)]
    [at Root.error (turbopack:///[project]/node_modules/postcss/lib/node.js:166:32)]
    [at Object.Once (C:\Users\janid\Downloads\mylms\lms\node_modules\@tailwindcss\postcss\dist\index.js:10:7013)]
    [at process.processTicksAndRejections (node:internal/process/task_queues:104:5)]
    [at async LazyResult.runAsync (turbopack:///[project]/node_modules/postcss/lib/lazy-result.js:299:11)]
    [at async transform (turbopack:///[turbopack-node]/transforms/postcss.ts?config=[project]/postcss.config.js:70:34)]
    [at async run (turbopack:///[turbopack-node]/child_process/evaluate.ts:89:23)]

Import trace:
  Client Component Browser:
    ./src/app/workspace.css [Client Component Browser]
    ./src/app/[locale]/layout.tsx [Server Component] @ http://localhost:3000/_next/static/chunks/node_modules_next_dist_1e8vcs8._.js:1052
[  160321ms] [ERROR] ./src/app/workspace.css
Error: Error evaluating Node.js code
CssSyntaxError: tailwindcss: C:\Users\janid\Downloads\mylms\lms\src\app\workspace.css:1:1: Cannot apply unknown utility class `text-body-strong`
    [at Input.error (turbopack:///[project]/node_modules/postcss/lib/input.js:135:16)]
    [at Root.error (turbopack:///[project]/node_modules/postcss/lib/node.js:166:32)]
    [at Object.Once (C:\Users\janid\Downloads\mylms\lms\node_modules\@tailwindcss\postcss\dist\index.js:10:7013)]
    [at process.processTicksAndRejections (node:internal/process/task_queues:104:5)]
    [at async LazyResult.runAsync (turbopack:///[project]/node_modules/postcss/lib/lazy-result.js:299:11)]
    [at async transform (turbopack:///[turbopack-node]/transforms/postcss.ts?config=[project]/postcss.config.js:70:34)]
    [at async run (turbopack:///[turbopack-node]/child_process/evaluate.ts:89:23)]

Import trace:
  Client Component Browser:
    ./src/app/workspace.css [Client Component Browser]
    ./src/app/[locale]/layout.tsx [Server Component] @ http://localhost:3000/_next/static/chunks/node_modules_next_dist_1e8vcs8._.js:1052
[  160384ms] [ERROR] ./src/app/workspace.css
Error: Error evaluating Node.js code
CssSyntaxError: tailwindcss: C:\Users\janid\Downloads\mylms\lms\src\app\workspace.css:1:1: Cannot apply unknown utility class `text-body-strong`
    [at Input.error (turbopack:///[project]/node_modules/postcss/lib/input.js:135:16)]
    [at Root.error (turbopack:///[project]/node_modules/postcss/lib/node.js:166:32)]
    [at Object.Once (C:\Users\janid\Downloads\mylms\lms\node_modules\@tailwindcss\postcss\dist\index.js:10:7013)]
    [at process.processTicksAndRejections (node:internal/process/task_queues:104:5)]
    [at async LazyResult.runAsync (turbopack:///[project]/node_modules/postcss/lib/lazy-result.js:299:11)]
    [at async transform (turbopack:///[turbopack-node]/transforms/postcss.ts?config=[project]/postcss.config.js:70:34)]
    [at async run (turbopack:///[turbopack-node]/child_process/evaluate.ts:89:23)]

Import trace:
  Client Component Browser:
    ./src/app/workspace.css [Client Component Browser]
    ./src/app/[locale]/layout.tsx [Server Component] @ http://localhost:3000/_next/static/chunks/node_modules_next_dist_1e8vcs8._.js:1052
[  160446ms] [ERROR] ./src/app/workspace.css
Error: Error evaluating Node.js code
CssSyntaxError: tailwindcss: C:\Users\janid\Downloads\mylms\lms\src\app\workspace.css:1:1: Cannot apply unknown utility class `text-body-strong`
    [at Input.error (turbopack:///[project]/node_modules/postcss/lib/input.js:135:16)]
    [at Root.error (turbopack:///[project]/node_modules/postcss/lib/node.js:166:32)]
    [at Object.Once (C:\Users\janid\Downloads\mylms\lms\node_modules\@tailwindcss\postcss\dist\index.js:10:7013)]
    [at process.processTicksAndRejections (node:internal/process/task_queues:104:5)]
    [at async LazyResult.runAsync (turbopack:///[project]/node_modules/postcss/lib/lazy-result.js:299:11)]
    [at async transform (turbopack:///[turbopack-node]/transforms/postcss.ts?config=[project]/postcss.config.js:70:34)]
    [at async run (turbopack:///[turbopack-node]/child_process/evaluate.ts:89:23)]

Import trace:
  Client Component Browser:
    ./src/app/workspace.css [Client Component Browser]
    ./src/app/[locale]/layout.tsx [Server Component] @ http://localhost:3000/_next/static/chunks/node_modules_next_dist_1e8vcs8._.js:1052
[  160509ms] [ERROR] ./src/app/workspace.css
Error: Error evaluating Node.js code
CssSyntaxError: tailwindcss: C:\Users\janid\Downloads\mylms\lms\src\app\workspace.css:1:1: Cannot apply unknown utility class `text-body-strong`
    [at Input.error (turbopack:///[project]/node_modules/postcss/lib/input.js:135:16)]
    [at Root.error (turbopack:///[project]/node_modules/postcss/lib/node.js:166:32)]
    [at Object.Once (C:\Users\janid\Downloads\mylms\lms\node_modules\@tailwindcss\postcss\dist\index.js:10:7013)]
    [at process.processTicksAndRejections (node:internal/process/task_queues:104:5)]
    [at async LazyResult.runAsync (turbopack:///[project]/node_modules/postcss/lib/lazy-result.js:299:11)]
    [at async transform (turbopack:///[turbopack-node]/transforms/postcss.ts?config=[project]/postcss.config.js:70:34)]
    [at async run (turbopack:///[turbopack-node]/child_process/evaluate.ts:89:23)]

Import trace:
  Client Component Browser:
    ./src/app/workspace.css [Client Component Browser]
    ./src/app/[locale]/layout.tsx [Server Component] @ http://localhost:3000/_next/static/chunks/node_modules_next_dist_1e8vcs8._.js:1052
[  160572ms] [ERROR] ./src/app/workspace.css
Error: Error evaluating Node.js code
CssSyntaxError: tailwindcss: C:\Users\janid\Downloads\mylms\lms\src\app\workspace.css:1:1: Cannot apply unknown utility class `text-body-strong`
    [at Input.error (turbopack:///[project]/node_modules/postcss/lib/input.js:135:16)]
    [at Root.error (turbopack:///[project]/node_modules/postcss/lib/node.js:166:32)]
    [at Object.Once (C:\Users\janid\Downloads\mylms\lms\node_modules\@tailwindcss\postcss\dist\index.js:10:7013)]
    [at process.processTicksAndRejections (node:internal/process/task_queues:104:5)]
    [at async LazyResult.runAsync (turbopack:///[project]/node_modules/postcss/lib/lazy-result.js:299:11)]
    [at async transform (turbopack:///[turbopack-node]/transforms/postcss.ts?config=[project]/postcss.config.js:70:34)]
    [at async run (turbopack:///[turbopack-node]/child_process/evaluate.ts:89:23)]

Import trace:
  Client Component Browser:
    ./src/app/workspace.css [Client Component Browser]
    ./src/app/[locale]/layout.tsx [Server Component] @ http://localhost:3000/_next/static/chunks/node_modules_next_dist_1e8vcs8._.js:1052
[  160634ms] [ERROR] ./src/app/workspace.css
Error: Error evaluating Node.js code
CssSyntaxError: tailwindcss: C:\Users\janid\Downloads\mylms\lms\src\app\workspace.css:1:1: Cannot apply unknown utility class `text-body-strong`
    [at Input.error (turbopack:///[project]/node_modules/postcss/lib/input.js:135:16)]
    [at Root.error (turbopack:///[project]/node_modules/postcss/lib/node.js:166:32)]
    [at Object.Once (C:\Users\janid\Downloads\mylms\lms\node_modules\@tailwindcss\postcss\dist\index.js:10:7013)]
    [at process.processTicksAndRejections (node:internal/process/task_queues:104:5)]
    [at async LazyResult.runAsync (turbopack:///[project]/node_modules/postcss/lib/lazy-result.js:299:11)]
    [at async transform (turbopack:///[turbopack-node]/transforms/postcss.ts?config=[project]/postcss.config.js:70:34)]
    [at async run (turbopack:///[turbopack-node]/child_process/evaluate.ts:89:23)]

Import trace:
  Client Component Browser:
    ./src/app/workspace.css [Client Component Browser]
    ./src/app/[locale]/layout.tsx [Server Component] @ http://localhost:3000/_next/static/chunks/node_modules_next_dist_1e8vcs8._.js:1052
[  160695ms] [ERROR] ./src/app/workspace.css
Error: Error evaluating Node.js code
CssSyntaxError: tailwindcss: C:\Users\janid\Downloads\mylms\lms\src\app\workspace.css:1:1: Cannot apply unknown utility class `text-body-strong`
    [at Input.error (turbopack:///[project]/node_modules/postcss/lib/input.js:135:16)]
    [at Root.error (turbopack:///[project]/node_modules/postcss/lib/node.js:166:32)]
    [at Object.Once (C:\Users\janid\Downloads\mylms\lms\node_modules\@tailwindcss\postcss\dist\index.js:10:7013)]
    [at process.processTicksAndRejections (node:internal/process/task_queues:104:5)]
    [at async LazyResult.runAsync (turbopack:///[project]/node_modules/postcss/lib/lazy-result.js:299:11)]
    [at async transform (turbopack:///[turbopack-node]/transforms/postcss.ts?config=[project]/postcss.config.js:70:34)]
    [at async run (turbopack:///[turbopack-node]/child_process/evaluate.ts:89:23)]

Import trace:
  Client Component Browser:
    ./src/app/workspace.css [Client Component Browser]
    ./src/app/[locale]/layout.tsx [Server Component] @ http://localhost:3000/_next/static/chunks/node_modules_next_dist_1e8vcs8._.js:1052
[  160757ms] [ERROR] ./src/app/workspace.css
Error: Error evaluating Node.js code
CssSyntaxError: tailwindcss: C:\Users\janid\Downloads\mylms\lms\src\app\workspace.css:1:1: Cannot apply unknown utility class `text-body-strong`
    [at Input.error (turbopack:///[project]/node_modules/postcss/lib/input.js:135:16)]
    [at Root.error (turbopack:///[project]/node_modules/postcss/lib/node.js:166:32)]
    [at Object.Once (C:\Users\janid\Downloads\mylms\lms\node_modules\@tailwindcss\postcss\dist\index.js:10:7013)]
    [at process.processTicksAndRejections (node:internal/process/task_queues:104:5)]
    [at async LazyResult.runAsync (turbopack:///[project]/node_modules/postcss/lib/lazy-result.js:299:11)]
    [at async transform (turbopack:///[turbopack-node]/transforms/postcss.ts?config=[project]/postcss.config.js:70:34)]
    [at async run (turbopack:///[turbopack-node]/child_process/evaluate.ts:89:23)]

Import trace:
  Client Component Browser:
    ./src/app/workspace.css [Client Component Browser]
    ./src/app/[locale]/layout.tsx [Server Component] @ http://localhost:3000/_next/static/chunks/node_modules_next_dist_1e8vcs8._.js:1052
[  160821ms] [ERROR] ./src/app/workspace.css
Error: Error evaluating Node.js code
CssSyntaxError: tailwindcss: C:\Users\janid\Downloads\mylms\lms\src\app\workspace.css:1:1: Cannot apply unknown utility class `text-body-strong`
    [at Input.error (turbopack:///[project]/node_modules/postcss/lib/input.js:135:16)]
    [at Root.error (turbopack:///[project]/node_modules/postcss/lib/node.js:166:32)]
    [at Object.Once (C:\Users\janid\Downloads\mylms\lms\node_modules\@tailwindcss\postcss\dist\index.js:10:7013)]
    [at process.processTicksAndRejections (node:internal/process/task_queues:104:5)]
    [at async LazyResult.runAsync (turbopack:///[project]/node_modules/postcss/lib/lazy-result.js:299:11)]
    [at async transform (turbopack:///[turbopack-node]/transforms/postcss.ts?config=[project]/postcss.config.js:70:34)]
    [at async run (turbopack:///[turbopack-node]/child_process/evaluate.ts:89:23)]

Import trace:
  Client Component Browser:
    ./src/app/workspace.css [Client Component Browser]
    ./src/app/[locale]/layout.tsx [Server Component] @ http://localhost:3000/_next/static/chunks/node_modules_next_dist_1e8vcs8._.js:1052
[  160882ms] [ERROR] ./src/app/workspace.css
Error: Error evaluating Node.js code
CssSyntaxError: tailwindcss: C:\Users\janid\Downloads\mylms\lms\src\app\workspace.css:1:1: Cannot apply unknown utility class `text-body-strong`
    [at Input.error (turbopack:///[project]/node_modules/postcss/lib/input.js:135:16)]
    [at Root.error (turbopack:///[project]/node_modules/postcss/lib/node.js:166:32)]
    [at Object.Once (C:\Users\janid\Downloads\mylms\lms\node_modules\@tailwindcss\postcss\dist\index.js:10:7013)]
    [at process.processTicksAndRejections (node:internal/process/task_queues:104:5)]
    [at async LazyResult.runAsync (turbopack:///[project]/node_modules/postcss/lib/lazy-result.js:299:11)]
    [at async transform (turbopack:///[turbopack-node]/transforms/postcss.ts?config=[project]/postcss.config.js:70:34)]
    [at async run (turbopack:///[turbopack-node]/child_process/evaluate.ts:89:23)]

Import trace:
  Client Component Browser:
    ./src/app/workspace.css [Client Component Browser]
    ./src/app/[locale]/layout.tsx [Server Component] @ http://localhost:3000/_next/static/chunks/node_modules_next_dist_1e8vcs8._.js:1052
[  160960ms] [ERROR] ./src/app/workspace.css
Error: Error evaluating Node.js code
CssSyntaxError: tailwindcss: C:\Users\janid\Downloads\mylms\lms\src\app\workspace.css:1:1: Cannot apply unknown utility class `text-body-strong`
    [at Input.error (turbopack:///[project]/node_modules/postcss/lib/input.js:135:16)]
    [at Root.error (turbopack:///[project]/node_modules/postcss/lib/node.js:166:32)]
    [at Object.Once (C:\Users\janid\Downloads\mylms\lms\node_modules\@tailwindcss\postcss\dist\index.js:10:7013)]
    [at process.processTicksAndRejections (node:internal/process/task_queues:104:5)]
    [at async LazyResult.runAsync (turbopack:///[project]/node_modules/postcss/lib/lazy-result.js:299:11)]
    [at async transform (turbopack:///[turbopack-node]/transforms/postcss.ts?config=[project]/postcss.config.js:70:34)]
    [at async run (turbopack:///[turbopack-node]/child_process/evaluate.ts:89:23)]

Import trace:
  Client Component Browser:
    ./src/app/workspace.css [Client Component Browser]
    ./src/app/[locale]/layout.tsx [Server Component] @ http://localhost:3000/_next/static/chunks/node_modules_next_dist_1e8vcs8._.js:1052
[  161022ms] [ERROR] ./src/app/workspace.css
Error: Error evaluating Node.js code
CssSyntaxError: tailwindcss: C:\Users\janid\Downloads\mylms\lms\src\app\workspace.css:1:1: Cannot apply unknown utility class `text-body-strong`
    [at Input.error (turbopack:///[project]/node_modules/postcss/lib/input.js:135:16)]
    [at Root.error (turbopack:///[project]/node_modules/postcss/lib/node.js:166:32)]
    [at Object.Once (C:\Users\janid\Downloads\mylms\lms\node_modules\@tailwindcss\postcss\dist\index.js:10:7013)]
    [at process.processTicksAndRejections (node:internal/process/task_queues:104:5)]
    [at async LazyResult.runAsync (turbopack:///[project]/node_modules/postcss/lib/lazy-result.js:299:11)]
    [at async transform (turbopack:///[turbopack-node]/transforms/postcss.ts?config=[project]/postcss.config.js:70:34)]
    [at async run (turbopack:///[turbopack-node]/child_process/evaluate.ts:89:23)]

Import trace:
  Client Component Browser:
    ./src/app/workspace.css [Client Component Browser]
    ./src/app/[locale]/layout.tsx [Server Component] @ http://localhost:3000/_next/static/chunks/node_modules_next_dist_1e8vcs8._.js:1052
[  161083ms] [ERROR] ./src/app/workspace.css
Error: Error evaluating Node.js code
CssSyntaxError: tailwindcss: C:\Users\janid\Downloads\mylms\lms\src\app\workspace.css:1:1: Cannot apply unknown utility class `text-body-strong`
    [at Input.error (turbopack:///[project]/node_modules/postcss/lib/input.js:135:16)]
    [at Root.error (turbopack:///[project]/node_modules/postcss/lib/node.js:166:32)]
    [at Object.Once (C:\Users\janid\Downloads\mylms\lms\node_modules\@tailwindcss\postcss\dist\index.js:10:7013)]
    [at process.processTicksAndRejections (node:internal/process/task_queues:104:5)]
    [at async LazyResult.runAsync (turbopack:///[project]/node_modules/postcss/lib/lazy-result.js:299:11)]
    [at async transform (turbopack:///[turbopack-node]/transforms/postcss.ts?config=[project]/postcss.config.js:70:34)]
    [at async run (turbopack:///[turbopack-node]/child_process/evaluate.ts:89:23)]

Import trace:
  Client Component Browser:
    ./src/app/workspace.css [Client Component Browser]
    ./src/app/[locale]/layout.tsx [Server Component] @ http://localhost:3000/_next/static/chunks/node_modules_next_dist_1e8vcs8._.js:1052
[  161148ms] [ERROR] ./src/app/workspace.css
Error: Error evaluating Node.js code
CssSyntaxError: tailwindcss: C:\Users\janid\Downloads\mylms\lms\src\app\workspace.css:1:1: Cannot apply unknown utility class `text-body-strong`
    [at Input.error (turbopack:///[project]/node_modules/postcss/lib/input.js:135:16)]
    [at Root.error (turbopack:///[project]/node_modules/postcss/lib/node.js:166:32)]
    [at Object.Once (C:\Users\janid\Downloads\mylms\lms\node_modules\@tailwindcss\postcss\dist\index.js:10:7013)]
    [at process.processTicksAndRejections (node:internal/process/task_queues:104:5)]
    [at async LazyResult.runAsync (turbopack:///[project]/node_modules/postcss/lib/lazy-result.js:299:11)]
    [at async transform (turbopack:///[turbopack-node]/transforms/postcss.ts?config=[project]/postcss.config.js:70:34)]
    [at async run (turbopack:///[turbopack-node]/child_process/evaluate.ts:89:23)]

Import trace:
  Client Component Browser:
    ./src/app/workspace.css [Client Component Browser]
    ./src/app/[locale]/layout.tsx [Server Component] @ http://localhost:3000/_next/static/chunks/node_modules_next_dist_1e8vcs8._.js:1052
[  161210ms] [ERROR] ./src/app/workspace.css
Error: Error evaluating Node.js code
CssSyntaxError: tailwindcss: C:\Users\janid\Downloads\mylms\lms\src\app\workspace.css:1:1: Cannot apply unknown utility class `text-body-strong`
    [at Input.error (turbopack:///[project]/node_modules/postcss/lib/input.js:135:16)]
    [at Root.error (turbopack:///[project]/node_modules/postcss/lib/node.js:166:32)]
    [at Object.Once (C:\Users\janid\Downloads\mylms\lms\node_modules\@tailwindcss\postcss\dist\index.js:10:7013)]
    [at process.processTicksAndRejections (node:internal/process/task_queues:104:5)]
    [at async LazyResult.runAsync (turbopack:///[project]/node_modules/postcss/lib/lazy-result.js:299:11)]
    [at async transform (turbopack:///[turbopack-node]/transforms/postcss.ts?config=[project]/postcss.config.js:70:34)]
    [at async run (turbopack:///[turbopack-node]/child_process/evaluate.ts:89:23)]

Import trace:
  Client Component Browser:
    ./src/app/workspace.css [Client Component Browser]
    ./src/app/[locale]/layout.tsx [Server Component] @ http://localhost:3000/_next/static/chunks/node_modules_next_dist_1e8vcs8._.js:1052
[  161273ms] [ERROR] ./src/app/workspace.css
Error: Error evaluating Node.js code
CssSyntaxError: tailwindcss: C:\Users\janid\Downloads\mylms\lms\src\app\workspace.css:1:1: Cannot apply unknown utility class `text-body-strong`
    [at Input.error (turbopack:///[project]/node_modules/postcss/lib/input.js:135:16)]
    [at Root.error (turbopack:///[project]/node_modules/postcss/lib/node.js:166:32)]
    [at Object.Once (C:\Users\janid\Downloads\mylms\lms\node_modules\@tailwindcss\postcss\dist\index.js:10:7013)]
    [at process.processTicksAndRejections (node:internal/process/task_queues:104:5)]
    [at async LazyResult.runAsync (turbopack:///[project]/node_modules/postcss/lib/lazy-result.js:299:11)]
    [at async transform (turbopack:///[turbopack-node]/transforms/postcss.ts?config=[project]/postcss.config.js:70:34)]
    [at async run (turbopack:///[turbopack-node]/child_process/evaluate.ts:89:23)]

Import trace:
  Client Component Browser:
    ./src/app/workspace.css [Client Component Browser]
    ./src/app/[locale]/layout.tsx [Server Component] @ http://localhost:3000/_next/static/chunks/node_modules_next_dist_1e8vcs8._.js:1052
[  161333ms] [ERROR] ./src/app/workspace.css
Error: Error evaluating Node.js code
CssSyntaxError: tailwindcss: C:\Users\janid\Downloads\mylms\lms\src\app\workspace.css:1:1: Cannot apply unknown utility class `text-body-strong`
    [at Input.error (turbopack:///[project]/node_modules/postcss/lib/input.js:135:16)]
    [at Root.error (turbopack:///[project]/node_modules/postcss/lib/node.js:166:32)]
    [at Object.Once (C:\Users\janid\Downloads\mylms\lms\node_modules\@tailwindcss\postcss\dist\index.js:10:7013)]
    [at process.processTicksAndRejections (node:internal/process/task_queues:104:5)]
    [at async LazyResult.runAsync (turbopack:///[project]/node_modules/postcss/lib/lazy-result.js:299:11)]
    [at async transform (turbopack:///[turbopack-node]/transforms/postcss.ts?config=[project]/postcss.config.js:70:34)]
    [at async run (turbopack:///[turbopack-node]/child_process/evaluate.ts:89:23)]

Import trace:
  Client Component Browser:
    ./src/app/workspace.css [Client Component Browser]
    ./src/app/[locale]/layout.tsx [Server Component] @ http://localhost:3000/_next/static/chunks/node_modules_next_dist_1e8vcs8._.js:1052
[  161396ms] [ERROR] ./src/app/workspace.css
Error: Error evaluating Node.js code
CssSyntaxError: tailwindcss: C:\Users\janid\Downloads\mylms\lms\src\app\workspace.css:1:1: Cannot apply unknown utility class `text-body-strong`
    [at Input.error (turbopack:///[project]/node_modules/postcss/lib/input.js:135:16)]
    [at Root.error (turbopack:///[project]/node_modules/postcss/lib/node.js:166:32)]
    [at Object.Once (C:\Users\janid\Downloads\mylms\lms\node_modules\@tailwindcss\postcss\dist\index.js:10:7013)]
    [at process.processTicksAndRejections (node:internal/process/task_queues:104:5)]
    [at async LazyResult.runAsync (turbopack:///[project]/node_modules/postcss/lib/lazy-result.js:299:11)]
    [at async transform (turbopack:///[turbopack-node]/transforms/postcss.ts?config=[project]/postcss.config.js:70:34)]
    [at async run (turbopack:///[turbopack-node]/child_process/evaluate.ts:89:23)]

Import trace:
  Client Component Browser:
    ./src/app/workspace.css [Client Component Browser]
    ./src/app/[locale]/layout.tsx [Server Component] @ http://localhost:3000/_next/static/chunks/node_modules_next_dist_1e8vcs8._.js:1052
[  161459ms] [ERROR] ./src/app/workspace.css
Error: Error evaluating Node.js code
CssSyntaxError: tailwindcss: C:\Users\janid\Downloads\mylms\lms\src\app\workspace.css:1:1: Cannot apply unknown utility class `text-body-strong`
    [at Input.error (turbopack:///[project]/node_modules/postcss/lib/input.js:135:16)]
    [at Root.error (turbopack:///[project]/node_modules/postcss/lib/node.js:166:32)]
    [at Object.Once (C:\Users\janid\Downloads\mylms\lms\node_modules\@tailwindcss\postcss\dist\index.js:10:7013)]
    [at process.processTicksAndRejections (node:internal/process/task_queues:104:5)]
    [at async LazyResult.runAsync (turbopack:///[project]/node_modules/postcss/lib/lazy-result.js:299:11)]
    [at async transform (turbopack:///[turbopack-node]/transforms/postcss.ts?config=[project]/postcss.config.js:70:34)]
    [at async run (turbopack:///[turbopack-node]/child_process/evaluate.ts:89:23)]

Import trace:
  Client Component Browser:
    ./src/app/workspace.css [Client Component Browser]
    ./src/app/[locale]/layout.tsx [Server Component] @ http://localhost:3000/_next/static/chunks/node_modules_next_dist_1e8vcs8._.js:1052
[  161522ms] [ERROR] ./src/app/workspace.css
Error: Error evaluating Node.js code
CssSyntaxError: tailwindcss: C:\Users\janid\Downloads\mylms\lms\src\app\workspace.css:1:1: Cannot apply unknown utility class `text-body-strong`
    [at Input.error (turbopack:///[project]/node_modules/postcss/lib/input.js:135:16)]
    [at Root.error (turbopack:///[project]/node_modules/postcss/lib/node.js:166:32)]
    [at Object.Once (C:\Users\janid\Downloads\mylms\lms\node_modules\@tailwindcss\postcss\dist\index.js:10:7013)]
    [at process.processTicksAndRejections (node:internal/process/task_queues:104:5)]
    [at async LazyResult.runAsync (turbopack:///[project]/node_modules/postcss/lib/lazy-result.js:299:11)]
    [at async transform (turbopack:///[turbopack-node]/transforms/postcss.ts?config=[project]/postcss.config.js:70:34)]
    [at async run (turbopack:///[turbopack-node]/child_process/evaluate.ts:89:23)]

Import trace:
  Client Component Browser:
    ./src/app/workspace.css [Client Component Browser]
    ./src/app/[locale]/layout.tsx [Server Component] @ http://localhost:3000/_next/static/chunks/node_modules_next_dist_1e8vcs8._.js:1052
[  161583ms] [ERROR] ./src/app/workspace.css
Error: Error evaluating Node.js code
CssSyntaxError: tailwindcss: C:\Users\janid\Downloads\mylms\lms\src\app\workspace.css:1:1: Cannot apply unknown utility class `text-body-strong`
    [at Input.error (turbopack:///[project]/node_modules/postcss/lib/input.js:135:16)]
    [at Root.error (turbopack:///[project]/node_modules/postcss/lib/node.js:166:32)]
    [at Object.Once (C:\Users\janid\Downloads\mylms\lms\node_modules\@tailwindcss\postcss\dist\index.js:10:7013)]
    [at process.processTicksAndRejections (node:internal/process/task_queues:104:5)]
    [at async LazyResult.runAsync (turbopack:///[project]/node_modules/postcss/lib/lazy-result.js:299:11)]
    [at async transform (turbopack:///[turbopack-node]/transforms/postcss.ts?config=[project]/postcss.config.js:70:34)]
    [at async run (turbopack:///[turbopack-node]/child_process/evaluate.ts:89:23)]

Import trace:
  Client Component Browser:
    ./src/app/workspace.css [Client Component Browser]
    ./src/app/[locale]/layout.tsx [Server Component] @ http://localhost:3000/_next/static/chunks/node_modules_next_dist_1e8vcs8._.js:1052
[  161645ms] [ERROR] ./src/app/workspace.css
Error: Error evaluating Node.js code
CssSyntaxError: tailwindcss: C:\Users\janid\Downloads\mylms\lms\src\app\workspace.css:1:1: Cannot apply unknown utility class `text-body-strong`
    [at Input.error (turbopack:///[project]/node_modules/postcss/lib/input.js:135:16)]
    [at Root.error (turbopack:///[project]/node_modules/postcss/lib/node.js:166:32)]
    [at Object.Once (C:\Users\janid\Downloads\mylms\lms\node_modules\@tailwindcss\postcss\dist\index.js:10:7013)]
    [at process.processTicksAndRejections (node:internal/process/task_queues:104:5)]
    [at async LazyResult.runAsync (turbopack:///[project]/node_modules/postcss/lib/lazy-result.js:299:11)]
    [at async transform (turbopack:///[turbopack-node]/transforms/postcss.ts?config=[project]/postcss.config.js:70:34)]
    [at async run (turbopack:///[turbopack-node]/child_process/evaluate.ts:89:23)]

Import trace:
  Client Component Browser:
    ./src/app/workspace.css [Client Component Browser]
    ./src/app/[locale]/layout.tsx [Server Component] @ http://localhost:3000/_next/static/chunks/node_modules_next_dist_1e8vcs8._.js:1052
[  161707ms] [ERROR] ./src/app/workspace.css
Error: Error evaluating Node.js code
CssSyntaxError: tailwindcss: C:\Users\janid\Downloads\mylms\lms\src\app\workspace.css:1:1: Cannot apply unknown utility class `text-body-strong`
    [at Input.error (turbopack:///[project]/node_modules/postcss/lib/input.js:135:16)]
    [at Root.error (turbopack:///[project]/node_modules/postcss/lib/node.js:166:32)]
    [at Object.Once (C:\Users\janid\Downloads\mylms\lms\node_modules\@tailwindcss\postcss\dist\index.js:10:7013)]
    [at process.processTicksAndRejections (node:internal/process/task_queues:104:5)]
    [at async LazyResult.runAsync (turbopack:///[project]/node_modules/postcss/lib/lazy-result.js:299:11)]
    [at async transform (turbopack:///[turbopack-node]/transforms/postcss.ts?config=[project]/postcss.config.js:70:34)]
    [at async run (turbopack:///[turbopack-node]/child_process/evaluate.ts:89:23)]

Import trace:
  Client Component Browser:
    ./src/app/workspace.css [Client Component Browser]
    ./src/app/[locale]/layout.tsx [Server Component] @ http://localhost:3000/_next/static/chunks/node_modules_next_dist_1e8vcs8._.js:1052
[  161768ms] [ERROR] ./src/app/workspace.css
Error: Error evaluating Node.js code
CssSyntaxError: tailwindcss: C:\Users\janid\Downloads\mylms\lms\src\app\workspace.css:1:1: Cannot apply unknown utility class `text-body-strong`
    [at Input.error (turbopack:///[project]/node_modules/postcss/lib/input.js:135:16)]
    [at Root.error (turbopack:///[project]/node_modules/postcss/lib/node.js:166:32)]
    [at Object.Once (C:\Users\janid\Downloads\mylms\lms\node_modules\@tailwindcss\postcss\dist\index.js:10:7013)]
    [at process.processTicksAndRejections (node:internal/process/task_queues:104:5)]
    [at async LazyResult.runAsync (turbopack:///[project]/node_modules/postcss/lib/lazy-result.js:299:11)]
    [at async transform (turbopack:///[turbopack-node]/transforms/postcss.ts?config=[project]/postcss.config.js:70:34)]
    [at async run (turbopack:///[turbopack-node]/child_process/evaluate.ts:89:23)]

Import trace:
  Client Component Browser:
    ./src/app/workspace.css [Client Component Browser]
    ./src/app/[locale]/layout.tsx [Server Component] @ http://localhost:3000/_next/static/chunks/node_modules_next_dist_1e8vcs8._.js:1052
[  161831ms] [ERROR] ./src/app/workspace.css
Error: Error evaluating Node.js code
CssSyntaxError: tailwindcss: C:\Users\janid\Downloads\mylms\lms\src\app\workspace.css:1:1: Cannot apply unknown utility class `text-body-strong`
    [at Input.error (turbopack:///[project]/node_modules/postcss/lib/input.js:135:16)]
    [at Root.error (turbopack:///[project]/node_modules/postcss/lib/node.js:166:32)]
    [at Object.Once (C:\Users\janid\Downloads\mylms\lms\node_modules\@tailwindcss\postcss\dist\index.js:10:7013)]
    [at process.processTicksAndRejections (node:internal/process/task_queues:104:5)]
    [at async LazyResult.runAsync (turbopack:///[project]/node_modules/postcss/lib/lazy-result.js:299:11)]
    [at async transform (turbopack:///[turbopack-node]/transforms/postcss.ts?config=[project]/postcss.config.js:70:34)]
    [at async run (turbopack:///[turbopack-node]/child_process/evaluate.ts:89:23)]

Import trace:
  Client Component Browser:
    ./src/app/workspace.css [Client Component Browser]
    ./src/app/[locale]/layout.tsx [Server Component] @ http://localhost:3000/_next/static/chunks/node_modules_next_dist_1e8vcs8._.js:1052
[  161893ms] [ERROR] ./src/app/workspace.css
Error: Error evaluating Node.js code
CssSyntaxError: tailwindcss: C:\Users\janid\Downloads\mylms\lms\src\app\workspace.css:1:1: Cannot apply unknown utility class `text-body-strong`
    [at Input.error (turbopack:///[project]/node_modules/postcss/lib/input.js:135:16)]
    [at Root.error (turbopack:///[project]/node_modules/postcss/lib/node.js:166:32)]
    [at Object.Once (C:\Users\janid\Downloads\mylms\lms\node_modules\@tailwindcss\postcss\dist\index.js:10:7013)]
    [at process.processTicksAndRejections (node:internal/process/task_queues:104:5)]
    [at async LazyResult.runAsync (turbopack:///[project]/node_modules/postcss/lib/lazy-result.js:299:11)]
    [at async transform (turbopack:///[turbopack-node]/transforms/postcss.ts?config=[project]/postcss.config.js:70:34)]
    [at async run (turbopack:///[turbopack-node]/child_process/evaluate.ts:89:23)]

Import trace:
  Client Component Browser:
    ./src/app/workspace.css [Client Component Browser]
    ./src/app/[locale]/layout.tsx [Server Component] @ http://localhost:3000/_next/static/chunks/node_modules_next_dist_1e8vcs8._.js:1052
[  161956ms] [ERROR] ./src/app/workspace.css
Error: Error evaluating Node.js code
CssSyntaxError: tailwindcss: C:\Users\janid\Downloads\mylms\lms\src\app\workspace.css:1:1: Cannot apply unknown utility class `text-body-strong`
    [at Input.error (turbopack:///[project]/node_modules/postcss/lib/input.js:135:16)]
    [at Root.error (turbopack:///[project]/node_modules/postcss/lib/node.js:166:32)]
    [at Object.Once (C:\Users\janid\Downloads\mylms\lms\node_modules\@tailwindcss\postcss\dist\index.js:10:7013)]
    [at process.processTicksAndRejections (node:internal/process/task_queues:104:5)]
    [at async LazyResult.runAsync (turbopack:///[project]/node_modules/postcss/lib/lazy-result.js:299:11)]
    [at async transform (turbopack:///[turbopack-node]/transforms/postcss.ts?config=[project]/postcss.config.js:70:34)]
    [at async run (turbopack:///[turbopack-node]/child_process/evaluate.ts:89:23)]

Import trace:
  Client Component Browser:
    ./src/app/workspace.css [Client Component Browser]
    ./src/app/[locale]/layout.tsx [Server Component] @ http://localhost:3000/_next/static/chunks/node_modules_next_dist_1e8vcs8._.js:1052
[  162018ms] [ERROR] ./src/app/workspace.css
Error: Error evaluating Node.js code
CssSyntaxError: tailwindcss: C:\Users\janid\Downloads\mylms\lms\src\app\workspace.css:1:1: Cannot apply unknown utility class `text-body-strong`
    [at Input.error (turbopack:///[project]/node_modules/postcss/lib/input.js:135:16)]
    [at Root.error (turbopack:///[project]/node_modules/postcss/lib/node.js:166:32)]
    [at Object.Once (C:\Users\janid\Downloads\mylms\lms\node_modules\@tailwindcss\postcss\dist\index.js:10:7013)]
    [at process.processTicksAndRejections (node:internal/process/task_queues:104:5)]
    [at async LazyResult.runAsync (turbopack:///[project]/node_modules/postcss/lib/lazy-result.js:299:11)]
    [at async transform (turbopack:///[turbopack-node]/transforms/postcss.ts?config=[project]/postcss.config.js:70:34)]
    [at async run (turbopack:///[turbopack-node]/child_process/evaluate.ts:89:23)]

Import trace:
  Client Component Browser:
    ./src/app/workspace.css [Client Component Browser]
    ./src/app/[locale]/layout.tsx [Server Component] @ http://localhost:3000/_next/static/chunks/node_modules_next_dist_1e8vcs8._.js:1052
[  162082ms] [ERROR] ./src/app/workspace.css
Error: Error evaluating Node.js code
CssSyntaxError: tailwindcss: C:\Users\janid\Downloads\mylms\lms\src\app\workspace.css:1:1: Cannot apply unknown utility class `text-body-strong`
    [at Input.error (turbopack:///[project]/node_modules/postcss/lib/input.js:135:16)]
    [at Root.error (turbopack:///[project]/node_modules/postcss/lib/node.js:166:32)]
    [at Object.Once (C:\Users\janid\Downloads\mylms\lms\node_modules\@tailwindcss\postcss\dist\index.js:10:7013)]
    [at process.processTicksAndRejections (node:internal/process/task_queues:104:5)]
    [at async LazyResult.runAsync (turbopack:///[project]/node_modules/postcss/lib/lazy-result.js:299:11)]
    [at async transform (turbopack:///[turbopack-node]/transforms/postcss.ts?config=[project]/postcss.config.js:70:34)]
    [at async run (turbopack:///[turbopack-node]/child_process/evaluate.ts:89:23)]

Import trace:
  Client Component Browser:
    ./src/app/workspace.css [Client Component Browser]
    ./src/app/[locale]/layout.tsx [Server Component] @ http://localhost:3000/_next/static/chunks/node_modules_next_dist_1e8vcs8._.js:1052
[  162144ms] [ERROR] ./src/app/workspace.css
Error: Error evaluating Node.js code
CssSyntaxError: tailwindcss: C:\Users\janid\Downloads\mylms\lms\src\app\workspace.css:1:1: Cannot apply unknown utility class `text-body-strong`
    [at Input.error (turbopack:///[project]/node_modules/postcss/lib/input.js:135:16)]
    [at Root.error (turbopack:///[project]/node_modules/postcss/lib/node.js:166:32)]
    [at Object.Once (C:\Users\janid\Downloads\mylms\lms\node_modules\@tailwindcss\postcss\dist\index.js:10:7013)]
    [at process.processTicksAndRejections (node:internal/process/task_queues:104:5)]
    [at async LazyResult.runAsync (turbopack:///[project]/node_modules/postcss/lib/lazy-result.js:299:11)]
    [at async transform (turbopack:///[turbopack-node]/transforms/postcss.ts?config=[project]/postcss.config.js:70:34)]
    [at async run (turbopack:///[turbopack-node]/child_process/evaluate.ts:89:23)]

Import trace:
  Client Component Browser:
    ./src/app/workspace.css [Client Component Browser]
    ./src/app/[locale]/layout.tsx [Server Component] @ http://localhost:3000/_next/static/chunks/node_modules_next_dist_1e8vcs8._.js:1052
[  162206ms] [ERROR] ./src/app/workspace.css
Error: Error evaluating Node.js code
CssSyntaxError: tailwindcss: C:\Users\janid\Downloads\mylms\lms\src\app\workspace.css:1:1: Cannot apply unknown utility class `text-body-strong`
    [at Input.error (turbopack:///[project]/node_modules/postcss/lib/input.js:135:16)]
    [at Root.error (turbopack:///[project]/node_modules/postcss/lib/node.js:166:32)]
    [at Object.Once (C:\Users\janid\Downloads\mylms\lms\node_modules\@tailwindcss\postcss\dist\index.js:10:7013)]
    [at process.processTicksAndRejections (node:internal/process/task_queues:104:5)]
    [at async LazyResult.runAsync (turbopack:///[project]/node_modules/postcss/lib/lazy-result.js:299:11)]
    [at async transform (turbopack:///[turbopack-node]/transforms/postcss.ts?config=[project]/postcss.config.js:70:34)]
    [at async run (turbopack:///[turbopack-node]/child_process/evaluate.ts:89:23)]

Import trace:
  Client Component Browser:
    ./src/app/workspace.css [Client Component Browser]
    ./src/app/[locale]/layout.tsx [Server Component] @ http://localhost:3000/_next/static/chunks/node_modules_next_dist_1e8vcs8._.js:1052
[  162268ms] [ERROR] ./src/app/workspace.css
Error: Error evaluating Node.js code
CssSyntaxError: tailwindcss: C:\Users\janid\Downloads\mylms\lms\src\app\workspace.css:1:1: Cannot apply unknown utility class `text-body-strong`
    [at Input.error (turbopack:///[project]/node_modules/postcss/lib/input.js:135:16)]
    [at Root.error (turbopack:///[project]/node_modules/postcss/lib/node.js:166:32)]
    [at Object.Once (C:\Users\janid\Downloads\mylms\lms\node_modules\@tailwindcss\postcss\dist\index.js:10:7013)]
    [at process.processTicksAndRejections (node:internal/process/task_queues:104:5)]
    [at async LazyResult.runAsync (turbopack:///[project]/node_modules/postcss/lib/lazy-result.js:299:11)]
    [at async transform (turbopack:///[turbopack-node]/transforms/postcss.ts?config=[project]/postcss.config.js:70:34)]
    [at async run (turbopack:///[turbopack-node]/child_process/evaluate.ts:89:23)]

Import trace:
  Client Component Browser:
    ./src/app/workspace.css [Client Component Browser]
    ./src/app/[locale]/layout.tsx [Server Component] @ http://localhost:3000/_next/static/chunks/node_modules_next_dist_1e8vcs8._.js:1052
[  162330ms] [ERROR] ./src/app/workspace.css
Error: Error evaluating Node.js code
CssSyntaxError: tailwindcss: C:\Users\janid\Downloads\mylms\lms\src\app\workspace.css:1:1: Cannot apply unknown utility class `text-body-strong`
    [at Input.error (turbopack:///[project]/node_modules/postcss/lib/input.js:135:16)]
    [at Root.error (turbopack:///[project]/node_modules/postcss/lib/node.js:166:32)]
    [at Object.Once (C:\Users\janid\Downloads\mylms\lms\node_modules\@tailwindcss\postcss\dist\index.js:10:7013)]
    [at process.processTicksAndRejections (node:internal/process/task_queues:104:5)]
    [at async LazyResult.runAsync (turbopack:///[project]/node_modules/postcss/lib/lazy-result.js:299:11)]
    [at async transform (turbopack:///[turbopack-node]/transforms/postcss.ts?config=[project]/postcss.config.js:70:34)]
    [at async run (turbopack:///[turbopack-node]/child_process/evaluate.ts:89:23)]

Import trace:
  Client Component Browser:
    ./src/app/workspace.css [Client Component Browser]
    ./src/app/[locale]/layout.tsx [Server Component] @ http://localhost:3000/_next/static/chunks/node_modules_next_dist_1e8vcs8._.js:1052
[  162392ms] [ERROR] ./src/app/workspace.css
Error: Error evaluating Node.js code
CssSyntaxError: tailwindcss: C:\Users\janid\Downloads\mylms\lms\src\app\workspace.css:1:1: Cannot apply unknown utility class `text-body-strong`
    [at Input.error (turbopack:///[project]/node_modules/postcss/lib/input.js:135:16)]
    [at Root.error (turbopack:///[project]/node_modules/postcss/lib/node.js:166:32)]
    [at Object.Once (C:\Users\janid\Downloads\mylms\lms\node_modules\@tailwindcss\postcss\dist\index.js:10:7013)]
    [at process.processTicksAndRejections (node:internal/process/task_queues:104:5)]
    [at async LazyResult.runAsync (turbopack:///[project]/node_modules/postcss/lib/lazy-result.js:299:11)]
    [at async transform (turbopack:///[turbopack-node]/transforms/postcss.ts?config=[project]/postcss.config.js:70:34)]
    [at async run (turbopack:///[turbopack-node]/child_process/evaluate.ts:89:23)]

Import trace:
  Client Component Browser:
    ./src/app/workspace.css [Client Component Browser]
    ./src/app/[locale]/layout.tsx [Server Component] @ http://localhost:3000/_next/static/chunks/node_modules_next_dist_1e8vcs8._.js:1052
[  162455ms] [ERROR] ./src/app/workspace.css
Error: Error evaluating Node.js code
CssSyntaxError: tailwindcss: C:\Users\janid\Downloads\mylms\lms\src\app\workspace.css:1:1: Cannot apply unknown utility class `text-body-strong`
    [at Input.error (turbopack:///[project]/node_modules/postcss/lib/input.js:135:16)]
    [at Root.error (turbopack:///[project]/node_modules/postcss/lib/node.js:166:32)]
    [at Object.Once (C:\Users\janid\Downloads\mylms\lms\node_modules\@tailwindcss\postcss\dist\index.js:10:7013)]
    [at process.processTicksAndRejections (node:internal/process/task_queues:104:5)]
    [at async LazyResult.runAsync (turbopack:///[project]/node_modules/postcss/lib/lazy-result.js:299:11)]
    [at async transform (turbopack:///[turbopack-node]/transforms/postcss.ts?config=[project]/postcss.config.js:70:34)]
    [at async run (turbopack:///[turbopack-node]/child_process/evaluate.ts:89:23)]

Import trace:
  Client Component Browser:
    ./src/app/workspace.css [Client Component Browser]
    ./src/app/[locale]/layout.tsx [Server Component] @ http://localhost:3000/_next/static/chunks/node_modules_next_dist_1e8vcs8._.js:1052
[  162516ms] [ERROR] ./src/app/workspace.css
Error: Error evaluating Node.js code
CssSyntaxError: tailwindcss: C:\Users\janid\Downloads\mylms\lms\src\app\workspace.css:1:1: Cannot apply unknown utility class `text-body-strong`
    [at Input.error (turbopack:///[project]/node_modules/postcss/lib/input.js:135:16)]
    [at Root.error (turbopack:///[project]/node_modules/postcss/lib/node.js:166:32)]
    [at Object.Once (C:\Users\janid\Downloads\mylms\lms\node_modules\@tailwindcss\postcss\dist\index.js:10:7013)]
    [at process.processTicksAndRejections (node:internal/process/task_queues:104:5)]
    [at async LazyResult.runAsync (turbopack:///[project]/node_modules/postcss/lib/lazy-result.js:299:11)]
    [at async transform (turbopack:///[turbopack-node]/transforms/postcss.ts?config=[project]/postcss.config.js:70:34)]
    [at async run (turbopack:///[turbopack-node]/child_process/evaluate.ts:89:23)]

Import trace:
  Client Component Browser:
    ./src/app/workspace.css [Client Component Browser]
    ./src/app/[locale]/layout.tsx [Server Component] @ http://localhost:3000/_next/static/chunks/node_modules_next_dist_1e8vcs8._.js:1052
[  162578ms] [ERROR] ./src/app/workspace.css
Error: Error evaluating Node.js code
CssSyntaxError: tailwindcss: C:\Users\janid\Downloads\mylms\lms\src\app\workspace.css:1:1: Cannot apply unknown utility class `text-body-strong`
    [at Input.error (turbopack:///[project]/node_modules/postcss/lib/input.js:135:16)]
    [at Root.error (turbopack:///[project]/node_modules/postcss/lib/node.js:166:32)]
    [at Object.Once (C:\Users\janid\Downloads\mylms\lms\node_modules\@tailwindcss\postcss\dist\index.js:10:7013)]
    [at process.processTicksAndRejections (node:internal/process/task_queues:104:5)]
    [at async LazyResult.runAsync (turbopack:///[project]/node_modules/postcss/lib/lazy-result.js:299:11)]
    [at async transform (turbopack:///[turbopack-node]/transforms/postcss.ts?config=[project]/postcss.config.js:70:34)]
    [at async run (turbopack:///[turbopack-node]/child_process/evaluate.ts:89:23)]

Import trace:
  Client Component Browser:
    ./src/app/workspace.css [Client Component Browser]
    ./src/app/[locale]/layout.tsx [Server Component] @ http://localhost:3000/_next/static/chunks/node_modules_next_dist_1e8vcs8._.js:1052
[  162640ms] [ERROR] ./src/app/workspace.css
Error: Error evaluating Node.js code
CssSyntaxError: tailwindcss: C:\Users\janid\Downloads\mylms\lms\src\app\workspace.css:1:1: Cannot apply unknown utility class `text-body-strong`
    [at Input.error (turbopack:///[project]/node_modules/postcss/lib/input.js:135:16)]
    [at Root.error (turbopack:///[project]/node_modules/postcss/lib/node.js:166:32)]
    [at Object.Once (C:\Users\janid\Downloads\mylms\lms\node_modules\@tailwindcss\postcss\dist\index.js:10:7013)]
    [at process.processTicksAndRejections (node:internal/process/task_queues:104:5)]
    [at async LazyResult.runAsync (turbopack:///[project]/node_modules/postcss/lib/lazy-result.js:299:11)]
    [at async transform (turbopack:///[turbopack-node]/transforms/postcss.ts?config=[project]/postcss.config.js:70:34)]
    [at async run (turbopack:///[turbopack-node]/child_process/evaluate.ts:89:23)]

Import trace:
  Client Component Browser:
    ./src/app/workspace.css [Client Component Browser]
    ./src/app/[locale]/layout.tsx [Server Component] @ http://localhost:3000/_next/static/chunks/node_modules_next_dist_1e8vcs8._.js:1052
[  162703ms] [ERROR] ./src/app/workspace.css
Error: Error evaluating Node.js code
CssSyntaxError: tailwindcss: C:\Users\janid\Downloads\mylms\lms\src\app\workspace.css:1:1: Cannot apply unknown utility class `text-body-strong`
    [at Input.error (turbopack:///[project]/node_modules/postcss/lib/input.js:135:16)]
    [at Root.error (turbopack:///[project]/node_modules/postcss/lib/node.js:166:32)]
    [at Object.Once (C:\Users\janid\Downloads\mylms\lms\node_modules\@tailwindcss\postcss\dist\index.js:10:7013)]
    [at process.processTicksAndRejections (node:internal/process/task_queues:104:5)]
    [at async LazyResult.runAsync (turbopack:///[project]/node_modules/postcss/lib/lazy-result.js:299:11)]
    [at async transform (turbopack:///[turbopack-node]/transforms/postcss.ts?config=[project]/postcss.config.js:70:34)]
    [at async run (turbopack:///[turbopack-node]/child_process/evaluate.ts:89:23)]

Import trace:
  Client Component Browser:
    ./src/app/workspace.css [Client Component Browser]
    ./src/app/[locale]/layout.tsx [Server Component] @ http://localhost:3000/_next/static/chunks/node_modules_next_dist_1e8vcs8._.js:1052
[  162766ms] [ERROR] ./src/app/workspace.css
Error: Error evaluating Node.js code
CssSyntaxError: tailwindcss: C:\Users\janid\Downloads\mylms\lms\src\app\workspace.css:1:1: Cannot apply unknown utility class `text-body-strong`
    [at Input.error (turbopack:///[project]/node_modules/postcss/lib/input.js:135:16)]
    [at Root.error (turbopack:///[project]/node_modules/postcss/lib/node.js:166:32)]
    [at Object.Once (C:\Users\janid\Downloads\mylms\lms\node_modules\@tailwindcss\postcss\dist\index.js:10:7013)]
    [at process.processTicksAndRejections (node:internal/process/task_queues:104:5)]
    [at async LazyResult.runAsync (turbopack:///[project]/node_modules/postcss/lib/lazy-result.js:299:11)]
    [at async transform (turbopack:///[turbopack-node]/transforms/postcss.ts?config=[project]/postcss.config.js:70:34)]
    [at async run (turbopack:///[turbopack-node]/child_process/evaluate.ts:89:23)]

Import trace:
  Client Component Browser:
    ./src/app/workspace.css [Client Component Browser]
    ./src/app/[locale]/layout.tsx [Server Component] @ http://localhost:3000/_next/static/chunks/node_modules_next_dist_1e8vcs8._.js:1052
[  162827ms] [ERROR] ./src/app/workspace.css
Error: Error evaluating Node.js code
CssSyntaxError: tailwindcss: C:\Users\janid\Downloads\mylms\lms\src\app\workspace.css:1:1: Cannot apply unknown utility class `text-body-strong`
    [at Input.error (turbopack:///[project]/node_modules/postcss/lib/input.js:135:16)]
    [at Root.error (turbopack:///[project]/node_modules/postcss/lib/node.js:166:32)]
    [at Object.Once (C:\Users\janid\Downloads\mylms\lms\node_modules\@tailwindcss\postcss\dist\index.js:10:7013)]
    [at process.processTicksAndRejections (node:internal/process/task_queues:104:5)]
    [at async LazyResult.runAsync (turbopack:///[project]/node_modules/postcss/lib/lazy-result.js:299:11)]
    [at async transform (turbopack:///[turbopack-node]/transforms/postcss.ts?config=[project]/postcss.config.js:70:34)]
    [at async run (turbopack:///[turbopack-node]/child_process/evaluate.ts:89:23)]

Import trace:
  Client Component Browser:
    ./src/app/workspace.css [Client Component Browser]
    ./src/app/[locale]/layout.tsx [Server Component] @ http://localhost:3000/_next/static/chunks/node_modules_next_dist_1e8vcs8._.js:1052
[  162891ms] [ERROR] ./src/app/workspace.css
Error: Error evaluating Node.js code
CssSyntaxError: tailwindcss: C:\Users\janid\Downloads\mylms\lms\src\app\workspace.css:1:1: Cannot apply unknown utility class `text-body-strong`
    [at Input.error (turbopack:///[project]/node_modules/postcss/lib/input.js:135:16)]
    [at Root.error (turbopack:///[project]/node_modules/postcss/lib/node.js:166:32)]
    [at Object.Once (C:\Users\janid\Downloads\mylms\lms\node_modules\@tailwindcss\postcss\dist\index.js:10:7013)]
    [at process.processTicksAndRejections (node:internal/process/task_queues:104:5)]
    [at async LazyResult.runAsync (turbopack:///[project]/node_modules/postcss/lib/lazy-result.js:299:11)]
    [at async transform (turbopack:///[turbopack-node]/transforms/postcss.ts?config=[project]/postcss.config.js:70:34)]
    [at async run (turbopack:///[turbopack-node]/child_process/evaluate.ts:89:23)]

Import trace:
  Client Component Browser:
    ./src/app/workspace.css [Client Component Browser]
    ./src/app/[locale]/layout.tsx [Server Component] @ http://localhost:3000/_next/static/chunks/node_modules_next_dist_1e8vcs8._.js:1052
[  162953ms] [ERROR] ./src/app/workspace.css
Error: Error evaluating Node.js code
CssSyntaxError: tailwindcss: C:\Users\janid\Downloads\mylms\lms\src\app\workspace.css:1:1: Cannot apply unknown utility class `text-body-strong`
    [at Input.error (turbopack:///[project]/node_modules/postcss/lib/input.js:135:16)]
    [at Root.error (turbopack:///[project]/node_modules/postcss/lib/node.js:166:32)]
    [at Object.Once (C:\Users\janid\Downloads\mylms\lms\node_modules\@tailwindcss\postcss\dist\index.js:10:7013)]
    [at process.processTicksAndRejections (node:internal/process/task_queues:104:5)]
    [at async LazyResult.runAsync (turbopack:///[project]/node_modules/postcss/lib/lazy-result.js:299:11)]
    [at async transform (turbopack:///[turbopack-node]/transforms/postcss.ts?config=[project]/postcss.config.js:70:34)]
    [at async run (turbopack:///[turbopack-node]/child_process/evaluate.ts:89:23)]

Import trace:
  Client Component Browser:
    ./src/app/workspace.css [Client Component Browser]
    ./src/app/[locale]/layout.tsx [Server Component] @ http://localhost:3000/_next/static/chunks/node_modules_next_dist_1e8vcs8._.js:1052
[  163016ms] [ERROR] ./src/app/workspace.css
Error: Error evaluating Node.js code
CssSyntaxError: tailwindcss: C:\Users\janid\Downloads\mylms\lms\src\app\workspace.css:1:1: Cannot apply unknown utility class `text-body-strong`
    [at Input.error (turbopack:///[project]/node_modules/postcss/lib/input.js:135:16)]
    [at Root.error (turbopack:///[project]/node_modules/postcss/lib/node.js:166:32)]
    [at Object.Once (C:\Users\janid\Downloads\mylms\lms\node_modules\@tailwindcss\postcss\dist\index.js:10:7013)]
    [at process.processTicksAndRejections (node:internal/process/task_queues:104:5)]
    [at async LazyResult.runAsync (turbopack:///[project]/node_modules/postcss/lib/lazy-result.js:299:11)]
    [at async transform (turbopack:///[turbopack-node]/transforms/postcss.ts?config=[project]/postcss.config.js:70:34)]
    [at async run (turbopack:///[turbopack-node]/child_process/evaluate.ts:89:23)]

Import trace:
  Client Component Browser:
    ./src/app/workspace.css [Client Component Browser]
    ./src/app/[locale]/layout.tsx [Server Component] @ http://localhost:3000/_next/static/chunks/node_modules_next_dist_1e8vcs8._.js:1052
[  163077ms] [ERROR] ./src/app/workspace.css
Error: Error evaluating Node.js code
CssSyntaxError: tailwindcss: C:\Users\janid\Downloads\mylms\lms\src\app\workspace.css:1:1: Cannot apply unknown utility class `text-body-strong`
    [at Input.error (turbopack:///[project]/node_modules/postcss/lib/input.js:135:16)]
    [at Root.error (turbopack:///[project]/node_modules/postcss/lib/node.js:166:32)]
    [at Object.Once (C:\Users\janid\Downloads\mylms\lms\node_modules\@tailwindcss\postcss\dist\index.js:10:7013)]
    [at process.processTicksAndRejections (node:internal/process/task_queues:104:5)]
    [at async LazyResult.runAsync (turbopack:///[project]/node_modules/postcss/lib/lazy-result.js:299:11)]
    [at async transform (turbopack:///[turbopack-node]/transforms/postcss.ts?config=[project]/postcss.config.js:70:34)]
    [at async run (turbopack:///[turbopack-node]/child_process/evaluate.ts:89:23)]

Import trace:
  Client Component Browser:
    ./src/app/workspace.css [Client Component Browser]
    ./src/app/[locale]/layout.tsx [Server Component] @ http://localhost:3000/_next/static/chunks/node_modules_next_dist_1e8vcs8._.js:1052
[  163140ms] [ERROR] ./src/app/workspace.css
Error: Error evaluating Node.js code
CssSyntaxError: tailwindcss: C:\Users\janid\Downloads\mylms\lms\src\app\workspace.css:1:1: Cannot apply unknown utility class `text-body-strong`
    [at Input.error (turbopack:///[project]/node_modules/postcss/lib/input.js:135:16)]
    [at Root.error (turbopack:///[project]/node_modules/postcss/lib/node.js:166:32)]
    [at Object.Once (C:\Users\janid\Downloads\mylms\lms\node_modules\@tailwindcss\postcss\dist\index.js:10:7013)]
    [at process.processTicksAndRejections (node:internal/process/task_queues:104:5)]
    [at async LazyResult.runAsync (turbopack:///[project]/node_modules/postcss/lib/lazy-result.js:299:11)]
    [at async transform (turbopack:///[turbopack-node]/transforms/postcss.ts?config=[project]/postcss.config.js:70:34)]
    [at async run (turbopack:///[turbopack-node]/child_process/evaluate.ts:89:23)]

Import trace:
  Client Component Browser:
    ./src/app/workspace.css [Client Component Browser]
    ./src/app/[locale]/layout.tsx [Server Component] @ http://localhost:3000/_next/static/chunks/node_modules_next_dist_1e8vcs8._.js:1052
[  163201ms] [ERROR] ./src/app/workspace.css
Error: Error evaluating Node.js code
CssSyntaxError: tailwindcss: C:\Users\janid\Downloads\mylms\lms\src\app\workspace.css:1:1: Cannot apply unknown utility class `text-body-strong`
    [at Input.error (turbopack:///[project]/node_modules/postcss/lib/input.js:135:16)]
    [at Root.error (turbopack:///[project]/node_modules/postcss/lib/node.js:166:32)]
    [at Object.Once (C:\Users\janid\Downloads\mylms\lms\node_modules\@tailwindcss\postcss\dist\index.js:10:7013)]
    [at process.processTicksAndRejections (node:internal/process/task_queues:104:5)]
    [at async LazyResult.runAsync (turbopack:///[project]/node_modules/postcss/lib/lazy-result.js:299:11)]
    [at async transform (turbopack:///[turbopack-node]/transforms/postcss.ts?config=[project]/postcss.config.js:70:34)]
    [at async run (turbopack:///[turbopack-node]/child_process/evaluate.ts:89:23)]

Import trace:
  Client Component Browser:
    ./src/app/workspace.css [Client Component Browser]
    ./src/app/[locale]/layout.tsx [Server Component] @ http://localhost:3000/_next/static/chunks/node_modules_next_dist_1e8vcs8._.js:1052
[  163265ms] [ERROR] ./src/app/workspace.css
Error: Error evaluating Node.js code
CssSyntaxError: tailwindcss: C:\Users\janid\Downloads\mylms\lms\src\app\workspace.css:1:1: Cannot apply unknown utility class `text-body-strong`
    [at Input.error (turbopack:///[project]/node_modules/postcss/lib/input.js:135:16)]
    [at Root.error (turbopack:///[project]/node_modules/postcss/lib/node.js:166:32)]
    [at Object.Once (C:\Users\janid\Downloads\mylms\lms\node_modules\@tailwindcss\postcss\dist\index.js:10:7013)]
    [at process.processTicksAndRejections (node:internal/process/task_queues:104:5)]
    [at async LazyResult.runAsync (turbopack:///[project]/node_modules/postcss/lib/lazy-result.js:299:11)]
    [at async transform (turbopack:///[turbopack-node]/transforms/postcss.ts?config=[project]/postcss.config.js:70:34)]
    [at async run (turbopack:///[turbopack-node]/child_process/evaluate.ts:89:23)]

Import trace:
  Client Component Browser:
    ./src/app/workspace.css [Client Component Browser]
    ./src/app/[locale]/layout.tsx [Server Component] @ http://localhost:3000/_next/static/chunks/node_modules_next_dist_1e8vcs8._.js:1052
[  163326ms] [ERROR] ./src/app/workspace.css
Error: Error evaluating Node.js code
CssSyntaxError: tailwindcss: C:\Users\janid\Downloads\mylms\lms\src\app\workspace.css:1:1: Cannot apply unknown utility class `text-body-strong`
    [at Input.error (turbopack:///[project]/node_modules/postcss/lib/input.js:135:16)]
    [at Root.error (turbopack:///[project]/node_modules/postcss/lib/node.js:166:32)]
    [at Object.Once (C:\Users\janid\Downloads\mylms\lms\node_modules\@tailwindcss\postcss\dist\index.js:10:7013)]
    [at process.processTicksAndRejections (node:internal/process/task_queues:104:5)]
    [at async LazyResult.runAsync (turbopack:///[project]/node_modules/postcss/lib/lazy-result.js:299:11)]
    [at async transform (turbopack:///[turbopack-node]/transforms/postcss.ts?config=[project]/postcss.config.js:70:34)]
    [at async run (turbopack:///[turbopack-node]/child_process/evaluate.ts:89:23)]

Import trace:
  Client Component Browser:
    ./src/app/workspace.css [Client Component Browser]
    ./src/app/[locale]/layout.tsx [Server Component] @ http://localhost:3000/_next/static/chunks/node_modules_next_dist_1e8vcs8._.js:1052
[  163389ms] [ERROR] ./src/app/workspace.css
Error: Error evaluating Node.js code
CssSyntaxError: tailwindcss: C:\Users\janid\Downloads\mylms\lms\src\app\workspace.css:1:1: Cannot apply unknown utility class `text-body-strong`
    [at Input.error (turbopack:///[project]/node_modules/postcss/lib/input.js:135:16)]
    [at Root.error (turbopack:///[project]/node_modules/postcss/lib/node.js:166:32)]
    [at Object.Once (C:\Users\janid\Downloads\mylms\lms\node_modules\@tailwindcss\postcss\dist\index.js:10:7013)]
    [at process.processTicksAndRejections (node:internal/process/task_queues:104:5)]
    [at async LazyResult.runAsync (turbopack:///[project]/node_modules/postcss/lib/lazy-result.js:299:11)]
    [at async transform (turbopack:///[turbopack-node]/transforms/postcss.ts?config=[project]/postcss.config.js:70:34)]
    [at async run (turbopack:///[turbopack-node]/child_process/evaluate.ts:89:23)]

Import trace:
  Client Component Browser:
    ./src/app/workspace.css [Client Component Browser]
    ./src/app/[locale]/layout.tsx [Server Component] @ http://localhost:3000/_next/static/chunks/node_modules_next_dist_1e8vcs8._.js:1052
[  163452ms] [ERROR] ./src/app/workspace.css
Error: Error evaluating Node.js code
CssSyntaxError: tailwindcss: C:\Users\janid\Downloads\mylms\lms\src\app\workspace.css:1:1: Cannot apply unknown utility class `text-body-strong`
    [at Input.error (turbopack:///[project]/node_modules/postcss/lib/input.js:135:16)]
    [at Root.error (turbopack:///[project]/node_modules/postcss/lib/node.js:166:32)]
    [at Object.Once (C:\Users\janid\Downloads\mylms\lms\node_modules\@tailwindcss\postcss\dist\index.js:10:7013)]
    [at process.processTicksAndRejections (node:internal/process/task_queues:104:5)]
    [at async LazyResult.runAsync (turbopack:///[project]/node_modules/postcss/lib/lazy-result.js:299:11)]
    [at async transform (turbopack:///[turbopack-node]/transforms/postcss.ts?config=[project]/postcss.config.js:70:34)]
    [at async run (turbopack:///[turbopack-node]/child_process/evaluate.ts:89:23)]

Import trace:
  Client Component Browser:
    ./src/app/workspace.css [Client Component Browser]
    ./src/app/[locale]/layout.tsx [Server Component] @ http://localhost:3000/_next/static/chunks/node_modules_next_dist_1e8vcs8._.js:1052
[  163514ms] [ERROR] ./src/app/workspace.css
Error: Error evaluating Node.js code
CssSyntaxError: tailwindcss: C:\Users\janid\Downloads\mylms\lms\src\app\workspace.css:1:1: Cannot apply unknown utility class `text-body-strong`
    [at Input.error (turbopack:///[project]/node_modules/postcss/lib/input.js:135:16)]
    [at Root.error (turbopack:///[project]/node_modules/postcss/lib/node.js:166:32)]
    [at Object.Once (C:\Users\janid\Downloads\mylms\lms\node_modules\@tailwindcss\postcss\dist\index.js:10:7013)]
    [at process.processTicksAndRejections (node:internal/process/task_queues:104:5)]
    [at async LazyResult.runAsync (turbopack:///[project]/node_modules/postcss/lib/lazy-result.js:299:11)]
    [at async transform (turbopack:///[turbopack-node]/transforms/postcss.ts?config=[project]/postcss.config.js:70:34)]
    [at async run (turbopack:///[turbopack-node]/child_process/evaluate.ts:89:23)]

Import trace:
  Client Component Browser:
    ./src/app/workspace.css [Client Component Browser]
    ./src/app/[locale]/layout.tsx [Server Component] @ http://localhost:3000/_next/static/chunks/node_modules_next_dist_1e8vcs8._.js:1052
[  163576ms] [ERROR] ./src/app/workspace.css
Error: Error evaluating Node.js code
CssSyntaxError: tailwindcss: C:\Users\janid\Downloads\mylms\lms\src\app\workspace.css:1:1: Cannot apply unknown utility class `text-body-strong`
    [at Input.error (turbopack:///[project]/node_modules/postcss/lib/input.js:135:16)]
    [at Root.error (turbopack:///[project]/node_modules/postcss/lib/node.js:166:32)]
    [at Object.Once (C:\Users\janid\Downloads\mylms\lms\node_modules\@tailwindcss\postcss\dist\index.js:10:7013)]
    [at process.processTicksAndRejections (node:internal/process/task_queues:104:5)]
    [at async LazyResult.runAsync (turbopack:///[project]/node_modules/postcss/lib/lazy-result.js:299:11)]
    [at async transform (turbopack:///[turbopack-node]/transforms/postcss.ts?config=[project]/postcss.config.js:70:34)]
    [at async run (turbopack:///[turbopack-node]/child_process/evaluate.ts:89:23)]

Import trace:
  Client Component Browser:
    ./src/app/workspace.css [Client Component Browser]
    ./src/app/[locale]/layout.tsx [Server Component] @ http://localhost:3000/_next/static/chunks/node_modules_next_dist_1e8vcs8._.js:1052
[  163638ms] [ERROR] ./src/app/workspace.css
Error: Error evaluating Node.js code
CssSyntaxError: tailwindcss: C:\Users\janid\Downloads\mylms\lms\src\app\workspace.css:1:1: Cannot apply unknown utility class `text-body-strong`
    [at Input.error (turbopack:///[project]/node_modules/postcss/lib/input.js:135:16)]
    [at Root.error (turbopack:///[project]/node_modules/postcss/lib/node.js:166:32)]
    [at Object.Once (C:\Users\janid\Downloads\mylms\lms\node_modules\@tailwindcss\postcss\dist\index.js:10:7013)]
    [at process.processTicksAndRejections (node:internal/process/task_queues:104:5)]
    [at async LazyResult.runAsync (turbopack:///[project]/node_modules/postcss/lib/lazy-result.js:299:11)]
    [at async transform (turbopack:///[turbopack-node]/transforms/postcss.ts?config=[project]/postcss.config.js:70:34)]
    [at async run (turbopack:///[turbopack-node]/child_process/evaluate.ts:89:23)]

Import trace:
  Client Component Browser:
    ./src/app/workspace.css [Client Component Browser]
    ./src/app/[locale]/layout.tsx [Server Component] @ http://localhost:3000/_next/static/chunks/node_modules_next_dist_1e8vcs8._.js:1052
[  163700ms] [ERROR] ./src/app/workspace.css
Error: Error evaluating Node.js code
CssSyntaxError: tailwindcss: C:\Users\janid\Downloads\mylms\lms\src\app\workspace.css:1:1: Cannot apply unknown utility class `text-body-strong`
    [at Input.error (turbopack:///[project]/node_modules/postcss/lib/input.js:135:16)]
    [at Root.error (turbopack:///[project]/node_modules/postcss/lib/node.js:166:32)]
    [at Object.Once (C:\Users\janid\Downloads\mylms\lms\node_modules\@tailwindcss\postcss\dist\index.js:10:7013)]
    [at process.processTicksAndRejections (node:internal/process/task_queues:104:5)]
    [at async LazyResult.runAsync (turbopack:///[project]/node_modules/postcss/lib/lazy-result.js:299:11)]
    [at async transform (turbopack:///[turbopack-node]/transforms/postcss.ts?config=[project]/postcss.config.js:70:34)]
    [at async run (turbopack:///[turbopack-node]/child_process/evaluate.ts:89:23)]

Import trace:
  Client Component Browser:
    ./src/app/workspace.css [Client Component Browser]
    ./src/app/[locale]/layout.tsx [Server Component] @ http://localhost:3000/_next/static/chunks/node_modules_next_dist_1e8vcs8._.js:1052
[  163763ms] [ERROR] ./src/app/workspace.css
Error: Error evaluating Node.js code
CssSyntaxError: tailwindcss: C:\Users\janid\Downloads\mylms\lms\src\app\workspace.css:1:1: Cannot apply unknown utility class `text-body-strong`
    [at Input.error (turbopack:///[project]/node_modules/postcss/lib/input.js:135:16)]
    [at Root.error (turbopack:///[project]/node_modules/postcss/lib/node.js:166:32)]
    [at Object.Once (C:\Users\janid\Downloads\mylms\lms\node_modules\@tailwindcss\postcss\dist\index.js:10:7013)]
    [at process.processTicksAndRejections (node:internal/process/task_queues:104:5)]
    [at async LazyResult.runAsync (turbopack:///[project]/node_modules/postcss/lib/lazy-result.js:299:11)]
    [at async transform (turbopack:///[turbopack-node]/transforms/postcss.ts?config=[project]/postcss.config.js:70:34)]
    [at async run (turbopack:///[turbopack-node]/child_process/evaluate.ts:89:23)]

Import trace:
  Client Component Browser:
    ./src/app/workspace.css [Client Component Browser]
    ./src/app/[locale]/layout.tsx [Server Component] @ http://localhost:3000/_next/static/chunks/node_modules_next_dist_1e8vcs8._.js:1052
[  163829ms] [ERROR] ./src/app/workspace.css
Error: Error evaluating Node.js code
CssSyntaxError: tailwindcss: C:\Users\janid\Downloads\mylms\lms\src\app\workspace.css:1:1: Cannot apply unknown utility class `text-body-strong`
    [at Input.error (turbopack:///[project]/node_modules/postcss/lib/input.js:135:16)]
    [at Root.error (turbopack:///[project]/node_modules/postcss/lib/node.js:166:32)]
    [at Object.Once (C:\Users\janid\Downloads\mylms\lms\node_modules\@tailwindcss\postcss\dist\index.js:10:7013)]
    [at process.processTicksAndRejections (node:internal/process/task_queues:104:5)]
    [at async LazyResult.runAsync (turbopack:///[project]/node_modules/postcss/lib/lazy-result.js:299:11)]
    [at async transform (turbopack:///[turbopack-node]/transforms/postcss.ts?config=[project]/postcss.config.js:70:34)]
    [at async run (turbopack:///[turbopack-node]/child_process/evaluate.ts:89:23)]

Import trace:
  Client Component Browser:
    ./src/app/workspace.css [Client Component Browser]
    ./src/app/[locale]/layout.tsx [Server Component] @ http://localhost:3000/_next/static/chunks/node_modules_next_dist_1e8vcs8._.js:1052
[  163889ms] [ERROR] ./src/app/workspace.css
Error: Error evaluating Node.js code
CssSyntaxError: tailwindcss: C:\Users\janid\Downloads\mylms\lms\src\app\workspace.css:1:1: Cannot apply unknown utility class `text-body-strong`
    [at Input.error (turbopack:///[project]/node_modules/postcss/lib/input.js:135:16)]
    [at Root.error (turbopack:///[project]/node_modules/postcss/lib/node.js:166:32)]
    [at Object.Once (C:\Users\janid\Downloads\mylms\lms\node_modules\@tailwindcss\postcss\dist\index.js:10:7013)]
    [at process.processTicksAndRejections (node:internal/process/task_queues:104:5)]
    [at async LazyResult.runAsync (turbopack:///[project]/node_modules/postcss/lib/lazy-result.js:299:11)]
    [at async transform (turbopack:///[turbopack-node]/transforms/postcss.ts?config=[project]/postcss.config.js:70:34)]
    [at async run (turbopack:///[turbopack-node]/child_process/evaluate.ts:89:23)]

Import trace:
  Client Component Browser:
    ./src/app/workspace.css [Client Component Browser]
    ./src/app/[locale]/layout.tsx [Server Component] @ http://localhost:3000/_next/static/chunks/node_modules_next_dist_1e8vcs8._.js:1052
[  163952ms] [ERROR] ./src/app/workspace.css
Error: Error evaluating Node.js code
CssSyntaxError: tailwindcss: C:\Users\janid\Downloads\mylms\lms\src\app\workspace.css:1:1: Cannot apply unknown utility class `text-body-strong`
    [at Input.error (turbopack:///[project]/node_modules/postcss/lib/input.js:135:16)]
    [at Root.error (turbopack:///[project]/node_modules/postcss/lib/node.js:166:32)]
    [at Object.Once (C:\Users\janid\Downloads\mylms\lms\node_modules\@tailwindcss\postcss\dist\index.js:10:7013)]
    [at process.processTicksAndRejections (node:internal/process/task_queues:104:5)]
    [at async LazyResult.runAsync (turbopack:///[project]/node_modules/postcss/lib/lazy-result.js:299:11)]
    [at async transform (turbopack:///[turbopack-node]/transforms/postcss.ts?config=[project]/postcss.config.js:70:34)]
    [at async run (turbopack:///[turbopack-node]/child_process/evaluate.ts:89:23)]

Import trace:
  Client Component Browser:
    ./src/app/workspace.css [Client Component Browser]
    ./src/app/[locale]/layout.tsx [Server Component] @ http://localhost:3000/_next/static/chunks/node_modules_next_dist_1e8vcs8._.js:1052
[  164015ms] [ERROR] ./src/app/workspace.css
Error: Error evaluating Node.js code
CssSyntaxError: tailwindcss: C:\Users\janid\Downloads\mylms\lms\src\app\workspace.css:1:1: Cannot apply unknown utility class `text-body-strong`
    [at Input.error (turbopack:///[project]/node_modules/postcss/lib/input.js:135:16)]
    [at Root.error (turbopack:///[project]/node_modules/postcss/lib/node.js:166:32)]
    [at Object.Once (C:\Users\janid\Downloads\mylms\lms\node_modules\@tailwindcss\postcss\dist\index.js:10:7013)]
    [at process.processTicksAndRejections (node:internal/process/task_queues:104:5)]
    [at async LazyResult.runAsync (turbopack:///[project]/node_modules/postcss/lib/lazy-result.js:299:11)]
    [at async transform (turbopack:///[turbopack-node]/transforms/postcss.ts?config=[project]/postcss.config.js:70:34)]
    [at async run (turbopack:///[turbopack-node]/child_process/evaluate.ts:89:23)]

Import trace:
  Client Component Browser:
    ./src/app/workspace.css [Client Component Browser]
    ./src/app/[locale]/layout.tsx [Server Component] @ http://localhost:3000/_next/static/chunks/node_modules_next_dist_1e8vcs8._.js:1052
[  164079ms] [ERROR] ./src/app/workspace.css
Error: Error evaluating Node.js code
CssSyntaxError: tailwindcss: C:\Users\janid\Downloads\mylms\lms\src\app\workspace.css:1:1: Cannot apply unknown utility class `text-body-strong`
    [at Input.error (turbopack:///[project]/node_modules/postcss/lib/input.js:135:16)]
    [at Root.error (turbopack:///[project]/node_modules/postcss/lib/node.js:166:32)]
    [at Object.Once (C:\Users\janid\Downloads\mylms\lms\node_modules\@tailwindcss\postcss\dist\index.js:10:7013)]
    [at process.processTicksAndRejections (node:internal/process/task_queues:104:5)]
    [at async LazyResult.runAsync (turbopack:///[project]/node_modules/postcss/lib/lazy-result.js:299:11)]
    [at async transform (turbopack:///[turbopack-node]/transforms/postcss.ts?config=[project]/postcss.config.js:70:34)]
    [at async run (turbopack:///[turbopack-node]/child_process/evaluate.ts:89:23)]

Import trace:
  Client Component Browser:
    ./src/app/workspace.css [Client Component Browser]
    ./src/app/[locale]/layout.tsx [Server Component] @ http://localhost:3000/_next/static/chunks/node_modules_next_dist_1e8vcs8._.js:1052
[  164142ms] [ERROR] ./src/app/workspace.css
Error: Error evaluating Node.js code
CssSyntaxError: tailwindcss: C:\Users\janid\Downloads\mylms\lms\src\app\workspace.css:1:1: Cannot apply unknown utility class `text-body-strong`
    [at Input.error (turbopack:///[project]/node_modules/postcss/lib/input.js:135:16)]
    [at Root.error (turbopack:///[project]/node_modules/postcss/lib/node.js:166:32)]
    [at Object.Once (C:\Users\janid\Downloads\mylms\lms\node_modules\@tailwindcss\postcss\dist\index.js:10:7013)]
    [at process.processTicksAndRejections (node:internal/process/task_queues:104:5)]
    [at async LazyResult.runAsync (turbopack:///[project]/node_modules/postcss/lib/lazy-result.js:299:11)]
    [at async transform (turbopack:///[turbopack-node]/transforms/postcss.ts?config=[project]/postcss.config.js:70:34)]
    [at async run (turbopack:///[turbopack-node]/child_process/evaluate.ts:89:23)]

Import trace:
  Client Component Browser:
    ./src/app/workspace.css [Client Component Browser]
    ./src/app/[locale]/layout.tsx [Server Component] @ http://localhost:3000/_next/static/chunks/node_modules_next_dist_1e8vcs8._.js:1052
[  164204ms] [ERROR] ./src/app/workspace.css
Error: Error evaluating Node.js code
CssSyntaxError: tailwindcss: C:\Users\janid\Downloads\mylms\lms\src\app\workspace.css:1:1: Cannot apply unknown utility class `text-body-strong`
    [at Input.error (turbopack:///[project]/node_modules/postcss/lib/input.js:135:16)]
    [at Root.error (turbopack:///[project]/node_modules/postcss/lib/node.js:166:32)]
    [at Object.Once (C:\Users\janid\Downloads\mylms\lms\node_modules\@tailwindcss\postcss\dist\index.js:10:7013)]
    [at process.processTicksAndRejections (node:internal/process/task_queues:104:5)]
    [at async LazyResult.runAsync (turbopack:///[project]/node_modules/postcss/lib/lazy-result.js:299:11)]
    [at async transform (turbopack:///[turbopack-node]/transforms/postcss.ts?config=[project]/postcss.config.js:70:34)]
    [at async run (turbopack:///[turbopack-node]/child_process/evaluate.ts:89:23)]

Import trace:
  Client Component Browser:
    ./src/app/workspace.css [Client Component Browser]
    ./src/app/[locale]/layout.tsx [Server Component] @ http://localhost:3000/_next/static/chunks/node_modules_next_dist_1e8vcs8._.js:1052
[  164268ms] [ERROR] ./src/app/workspace.css
Error: Error evaluating Node.js code
CssSyntaxError: tailwindcss: C:\Users\janid\Downloads\mylms\lms\src\app\workspace.css:1:1: Cannot apply unknown utility class `text-body-strong`
    [at Input.error (turbopack:///[project]/node_modules/postcss/lib/input.js:135:16)]
    [at Root.error (turbopack:///[project]/node_modules/postcss/lib/node.js:166:32)]
    [at Object.Once (C:\Users\janid\Downloads\mylms\lms\node_modules\@tailwindcss\postcss\dist\index.js:10:7013)]
    [at process.processTicksAndRejections (node:internal/process/task_queues:104:5)]
    [at async LazyResult.runAsync (turbopack:///[project]/node_modules/postcss/lib/lazy-result.js:299:11)]
    [at async transform (turbopack:///[turbopack-node]/transforms/postcss.ts?config=[project]/postcss.config.js:70:34)]
    [at async run (turbopack:///[turbopack-node]/child_process/evaluate.ts:89:23)]

Import trace:
  Client Component Browser:
    ./src/app/workspace.css [Client Component Browser]
    ./src/app/[locale]/layout.tsx [Server Component] @ http://localhost:3000/_next/static/chunks/node_modules_next_dist_1e8vcs8._.js:1052
[  164331ms] [ERROR] ./src/app/workspace.css
Error: Error evaluating Node.js code
CssSyntaxError: tailwindcss: C:\Users\janid\Downloads\mylms\lms\src\app\workspace.css:1:1: Cannot apply unknown utility class `text-body-strong`
    [at Input.error (turbopack:///[project]/node_modules/postcss/lib/input.js:135:16)]
    [at Root.error (turbopack:///[project]/node_modules/postcss/lib/node.js:166:32)]
    [at Object.Once (C:\Users\janid\Downloads\mylms\lms\node_modules\@tailwindcss\postcss\dist\index.js:10:7013)]
    [at process.processTicksAndRejections (node:internal/process/task_queues:104:5)]
    [at async LazyResult.runAsync (turbopack:///[project]/node_modules/postcss/lib/lazy-result.js:299:11)]
    [at async transform (turbopack:///[turbopack-node]/transforms/postcss.ts?config=[project]/postcss.config.js:70:34)]
    [at async run (turbopack:///[turbopack-node]/child_process/evaluate.ts:89:23)]

Import trace:
  Client Component Browser:
    ./src/app/workspace.css [Client Component Browser]
    ./src/app/[locale]/layout.tsx [Server Component] @ http://localhost:3000/_next/static/chunks/node_modules_next_dist_1e8vcs8._.js:1052
[  164393ms] [ERROR] ./src/app/workspace.css
Error: Error evaluating Node.js code
CssSyntaxError: tailwindcss: C:\Users\janid\Downloads\mylms\lms\src\app\workspace.css:1:1: Cannot apply unknown utility class `text-body-strong`
    [at Input.error (turbopack:///[project]/node_modules/postcss/lib/input.js:135:16)]
    [at Root.error (turbopack:///[project]/node_modules/postcss/lib/node.js:166:32)]
    [at Object.Once (C:\Users\janid\Downloads\mylms\lms\node_modules\@tailwindcss\postcss\dist\index.js:10:7013)]
    [at process.processTicksAndRejections (node:internal/process/task_queues:104:5)]
    [at async LazyResult.runAsync (turbopack:///[project]/node_modules/postcss/lib/lazy-result.js:299:11)]
    [at async transform (turbopack:///[turbopack-node]/transforms/postcss.ts?config=[project]/postcss.config.js:70:34)]
    [at async run (turbopack:///[turbopack-node]/child_process/evaluate.ts:89:23)]

Import trace:
  Client Component Browser:
    ./src/app/workspace.css [Client Component Browser]
    ./src/app/[locale]/layout.tsx [Server Component] @ http://localhost:3000/_next/static/chunks/node_modules_next_dist_1e8vcs8._.js:1052
[  164455ms] [ERROR] ./src/app/workspace.css
Error: Error evaluating Node.js code
CssSyntaxError: tailwindcss: C:\Users\janid\Downloads\mylms\lms\src\app\workspace.css:1:1: Cannot apply unknown utility class `text-body-strong`
    [at Input.error (turbopack:///[project]/node_modules/postcss/lib/input.js:135:16)]
    [at Root.error (turbopack:///[project]/node_modules/postcss/lib/node.js:166:32)]
    [at Object.Once (C:\Users\janid\Downloads\mylms\lms\node_modules\@tailwindcss\postcss\dist\index.js:10:7013)]
    [at process.processTicksAndRejections (node:internal/process/task_queues:104:5)]
    [at async LazyResult.runAsync (turbopack:///[project]/node_modules/postcss/lib/lazy-result.js:299:11)]
    [at async transform (turbopack:///[turbopack-node]/transforms/postcss.ts?config=[project]/postcss.config.js:70:34)]
    [at async run (turbopack:///[turbopack-node]/child_process/evaluate.ts:89:23)]

Import trace:
  Client Component Browser:
    ./src/app/workspace.css [Client Component Browser]
    ./src/app/[locale]/layout.tsx [Server Component] @ http://localhost:3000/_next/static/chunks/node_modules_next_dist_1e8vcs8._.js:1052
[  164516ms] [ERROR] ./src/app/workspace.css
Error: Error evaluating Node.js code
CssSyntaxError: tailwindcss: C:\Users\janid\Downloads\mylms\lms\src\app\workspace.css:1:1: Cannot apply unknown utility class `text-body-strong`
    [at Input.error (turbopack:///[project]/node_modules/postcss/lib/input.js:135:16)]
    [at Root.error (turbopack:///[project]/node_modules/postcss/lib/node.js:166:32)]
    [at Object.Once (C:\Users\janid\Downloads\mylms\lms\node_modules\@tailwindcss\postcss\dist\index.js:10:7013)]
    [at process.processTicksAndRejections (node:internal/process/task_queues:104:5)]
    [at async LazyResult.runAsync (turbopack:///[project]/node_modules/postcss/lib/lazy-result.js:299:11)]
    [at async transform (turbopack:///[turbopack-node]/transforms/postcss.ts?config=[project]/postcss.config.js:70:34)]
    [at async run (turbopack:///[turbopack-node]/child_process/evaluate.ts:89:23)]

Import trace:
  Client Component Browser:
    ./src/app/workspace.css [Client Component Browser]
    ./src/app/[locale]/layout.tsx [Server Component] @ http://localhost:3000/_next/static/chunks/node_modules_next_dist_1e8vcs8._.js:1052
[  164580ms] [ERROR] ./src/app/workspace.css
Error: Error evaluating Node.js code
CssSyntaxError: tailwindcss: C:\Users\janid\Downloads\mylms\lms\src\app\workspace.css:1:1: Cannot apply unknown utility class `text-body-strong`
    [at Input.error (turbopack:///[project]/node_modules/postcss/lib/input.js:135:16)]
    [at Root.error (turbopack:///[project]/node_modules/postcss/lib/node.js:166:32)]
    [at Object.Once (C:\Users\janid\Downloads\mylms\lms\node_modules\@tailwindcss\postcss\dist\index.js:10:7013)]
    [at process.processTicksAndRejections (node:internal/process/task_queues:104:5)]
    [at async LazyResult.runAsync (turbopack:///[project]/node_modules/postcss/lib/lazy-result.js:299:11)]
    [at async transform (turbopack:///[turbopack-node]/transforms/postcss.ts?config=[project]/postcss.config.js:70:34)]
    [at async run (turbopack:///[turbopack-node]/child_process/evaluate.ts:89:23)]

Import trace:
  Client Component Browser:
    ./src/app/workspace.css [Client Component Browser]
    ./src/app/[locale]/layout.tsx [Server Component] @ http://localhost:3000/_next/static/chunks/node_modules_next_dist_1e8vcs8._.js:1052
[  164642ms] [ERROR] ./src/app/workspace.css
Error: Error evaluating Node.js code
CssSyntaxError: tailwindcss: C:\Users\janid\Downloads\mylms\lms\src\app\workspace.css:1:1: Cannot apply unknown utility class `text-body-strong`
    [at Input.error (turbopack:///[project]/node_modules/postcss/lib/input.js:135:16)]
    [at Root.error (turbopack:///[project]/node_modules/postcss/lib/node.js:166:32)]
    [at Object.Once (C:\Users\janid\Downloads\mylms\lms\node_modules\@tailwindcss\postcss\dist\index.js:10:7013)]
    [at process.processTicksAndRejections (node:internal/process/task_queues:104:5)]
    [at async LazyResult.runAsync (turbopack:///[project]/node_modules/postcss/lib/lazy-result.js:299:11)]
    [at async transform (turbopack:///[turbopack-node]/transforms/postcss.ts?config=[project]/postcss.config.js:70:34)]
    [at async run (turbopack:///[turbopack-node]/child_process/evaluate.ts:89:23)]

Import trace:
  Client Component Browser:
    ./src/app/workspace.css [Client Component Browser]
    ./src/app/[locale]/layout.tsx [Server Component] @ http://localhost:3000/_next/static/chunks/node_modules_next_dist_1e8vcs8._.js:1052
[  164704ms] [ERROR] ./src/app/workspace.css
Error: Error evaluating Node.js code
CssSyntaxError: tailwindcss: C:\Users\janid\Downloads\mylms\lms\src\app\workspace.css:1:1: Cannot apply unknown utility class `text-body-strong`
    [at Input.error (turbopack:///[project]/node_modules/postcss/lib/input.js:135:16)]
    [at Root.error (turbopack:///[project]/node_modules/postcss/lib/node.js:166:32)]
    [at Object.Once (C:\Users\janid\Downloads\mylms\lms\node_modules\@tailwindcss\postcss\dist\index.js:10:7013)]
    [at process.processTicksAndRejections (node:internal/process/task_queues:104:5)]
    [at async LazyResult.runAsync (turbopack:///[project]/node_modules/postcss/lib/lazy-result.js:299:11)]
    [at async transform (turbopack:///[turbopack-node]/transforms/postcss.ts?config=[project]/postcss.config.js:70:34)]
    [at async run (turbopack:///[turbopack-node]/child_process/evaluate.ts:89:23)]

Import trace:
  Client Component Browser:
    ./src/app/workspace.css [Client Component Browser]
    ./src/app/[locale]/layout.tsx [Server Component] @ http://localhost:3000/_next/static/chunks/node_modules_next_dist_1e8vcs8._.js:1052
[  164766ms] [ERROR] ./src/app/workspace.css
Error: Error evaluating Node.js code
CssSyntaxError: tailwindcss: C:\Users\janid\Downloads\mylms\lms\src\app\workspace.css:1:1: Cannot apply unknown utility class `text-body-strong`
    [at Input.error (turbopack:///[project]/node_modules/postcss/lib/input.js:135:16)]
    [at Root.error (turbopack:///[project]/node_modules/postcss/lib/node.js:166:32)]
    [at Object.Once (C:\Users\janid\Downloads\mylms\lms\node_modules\@tailwindcss\postcss\dist\index.js:10:7013)]
    [at process.processTicksAndRejections (node:internal/process/task_queues:104:5)]
    [at async LazyResult.runAsync (turbopack:///[project]/node_modules/postcss/lib/lazy-result.js:299:11)]
    [at async transform (turbopack:///[turbopack-node]/transforms/postcss.ts?config=[project]/postcss.config.js:70:34)]
    [at async run (turbopack:///[turbopack-node]/child_process/evaluate.ts:89:23)]

Import trace:
  Client Component Browser:
    ./src/app/workspace.css [Client Component Browser]
    ./src/app/[locale]/layout.tsx [Server Component] @ http://localhost:3000/_next/static/chunks/node_modules_next_dist_1e8vcs8._.js:1052
[  164827ms] [ERROR] ./src/app/workspace.css
Error: Error evaluating Node.js code
CssSyntaxError: tailwindcss: C:\Users\janid\Downloads\mylms\lms\src\app\workspace.css:1:1: Cannot apply unknown utility class `text-body-strong`
    [at Input.error (turbopack:///[project]/node_modules/postcss/lib/input.js:135:16)]
    [at Root.error (turbopack:///[project]/node_modules/postcss/lib/node.js:166:32)]
    [at Object.Once (C:\Users\janid\Downloads\mylms\lms\node_modules\@tailwindcss\postcss\dist\index.js:10:7013)]
    [at process.processTicksAndRejections (node:internal/process/task_queues:104:5)]
    [at async LazyResult.runAsync (turbopack:///[project]/node_modules/postcss/lib/lazy-result.js:299:11)]
    [at async transform (turbopack:///[turbopack-node]/transforms/postcss.ts?config=[project]/postcss.config.js:70:34)]
    [at async run (turbopack:///[turbopack-node]/child_process/evaluate.ts:89:23)]

Import trace:
  Client Component Browser:
    ./src/app/workspace.css [Client Component Browser]
    ./src/app/[locale]/layout.tsx [Server Component] @ http://localhost:3000/_next/static/chunks/node_modules_next_dist_1e8vcs8._.js:1052
[  164889ms] [ERROR] ./src/app/workspace.css
Error: Error evaluating Node.js code
CssSyntaxError: tailwindcss: C:\Users\janid\Downloads\mylms\lms\src\app\workspace.css:1:1: Cannot apply unknown utility class `text-body-strong`
    [at Input.error (turbopack:///[project]/node_modules/postcss/lib/input.js:135:16)]
    [at Root.error (turbopack:///[project]/node_modules/postcss/lib/node.js:166:32)]
    [at Object.Once (C:\Users\janid\Downloads\mylms\lms\node_modules\@tailwindcss\postcss\dist\index.js:10:7013)]
    [at process.processTicksAndRejections (node:internal/process/task_queues:104:5)]
    [at async LazyResult.runAsync (turbopack:///[project]/node_modules/postcss/lib/lazy-result.js:299:11)]
    [at async transform (turbopack:///[turbopack-node]/transforms/postcss.ts?config=[project]/postcss.config.js:70:34)]
    [at async run (turbopack:///[turbopack-node]/child_process/evaluate.ts:89:23)]

Import trace:
  Client Component Browser:
    ./src/app/workspace.css [Client Component Browser]
    ./src/app/[locale]/layout.tsx [Server Component] @ http://localhost:3000/_next/static/chunks/node_modules_next_dist_1e8vcs8._.js:1052
[  164951ms] [ERROR] ./src/app/workspace.css
Error: Error evaluating Node.js code
CssSyntaxError: tailwindcss: C:\Users\janid\Downloads\mylms\lms\src\app\workspace.css:1:1: Cannot apply unknown utility class `text-body-strong`
    [at Input.error (turbopack:///[project]/node_modules/postcss/lib/input.js:135:16)]
    [at Root.error (turbopack:///[project]/node_modules/postcss/lib/node.js:166:32)]
    [at Object.Once (C:\Users\janid\Downloads\mylms\lms\node_modules\@tailwindcss\postcss\dist\index.js:10:7013)]
    [at process.processTicksAndRejections (node:internal/process/task_queues:104:5)]
    [at async LazyResult.runAsync (turbopack:///[project]/node_modules/postcss/lib/lazy-result.js:299:11)]
    [at async transform (turbopack:///[turbopack-node]/transforms/postcss.ts?config=[project]/postcss.config.js:70:34)]
    [at async run (turbopack:///[turbopack-node]/child_process/evaluate.ts:89:23)]

Import trace:
  Client Component Browser:
    ./src/app/workspace.css [Client Component Browser]
    ./src/app/[locale]/layout.tsx [Server Component] @ http://localhost:3000/_next/static/chunks/node_modules_next_dist_1e8vcs8._.js:1052
[  165015ms] [ERROR] ./src/app/workspace.css
Error: Error evaluating Node.js code
CssSyntaxError: tailwindcss: C:\Users\janid\Downloads\mylms\lms\src\app\workspace.css:1:1: Cannot apply unknown utility class `text-body-strong`
    [at Input.error (turbopack:///[project]/node_modules/postcss/lib/input.js:135:16)]
    [at Root.error (turbopack:///[project]/node_modules/postcss/lib/node.js:166:32)]
    [at Object.Once (C:\Users\janid\Downloads\mylms\lms\node_modules\@tailwindcss\postcss\dist\index.js:10:7013)]
    [at process.processTicksAndRejections (node:internal/process/task_queues:104:5)]
    [at async LazyResult.runAsync (turbopack:///[project]/node_modules/postcss/lib/lazy-result.js:299:11)]
    [at async transform (turbopack:///[turbopack-node]/transforms/postcss.ts?config=[project]/postcss.config.js:70:34)]
    [at async run (turbopack:///[turbopack-node]/child_process/evaluate.ts:89:23)]

Import trace:
  Client Component Browser:
    ./src/app/workspace.css [Client Component Browser]
    ./src/app/[locale]/layout.tsx [Server Component] @ http://localhost:3000/_next/static/chunks/node_modules_next_dist_1e8vcs8._.js:1052
[  165077ms] [ERROR] ./src/app/workspace.css
Error: Error evaluating Node.js code
CssSyntaxError: tailwindcss: C:\Users\janid\Downloads\mylms\lms\src\app\workspace.css:1:1: Cannot apply unknown utility class `text-body-strong`
    [at Input.error (turbopack:///[project]/node_modules/postcss/lib/input.js:135:16)]
    [at Root.error (turbopack:///[project]/node_modules/postcss/lib/node.js:166:32)]
    [at Object.Once (C:\Users\janid\Downloads\mylms\lms\node_modules\@tailwindcss\postcss\dist\index.js:10:7013)]
    [at process.processTicksAndRejections (node:internal/process/task_queues:104:5)]
    [at async LazyResult.runAsync (turbopack:///[project]/node_modules/postcss/lib/lazy-result.js:299:11)]
    [at async transform (turbopack:///[turbopack-node]/transforms/postcss.ts?config=[project]/postcss.config.js:70:34)]
    [at async run (turbopack:///[turbopack-node]/child_process/evaluate.ts:89:23)]

Import trace:
  Client Component Browser:
    ./src/app/workspace.css [Client Component Browser]
    ./src/app/[locale]/layout.tsx [Server Component] @ http://localhost:3000/_next/static/chunks/node_modules_next_dist_1e8vcs8._.js:1052
[  165139ms] [ERROR] ./src/app/workspace.css
Error: Error evaluating Node.js code
CssSyntaxError: tailwindcss: C:\Users\janid\Downloads\mylms\lms\src\app\workspace.css:1:1: Cannot apply unknown utility class `text-body-strong`
    [at Input.error (turbopack:///[project]/node_modules/postcss/lib/input.js:135:16)]
    [at Root.error (turbopack:///[project]/node_modules/postcss/lib/node.js:166:32)]
    [at Object.Once (C:\Users\janid\Downloads\mylms\lms\node_modules\@tailwindcss\postcss\dist\index.js:10:7013)]
    [at process.processTicksAndRejections (node:internal/process/task_queues:104:5)]
    [at async LazyResult.runAsync (turbopack:///[project]/node_modules/postcss/lib/lazy-result.js:299:11)]
    [at async transform (turbopack:///[turbopack-node]/transforms/postcss.ts?config=[project]/postcss.config.js:70:34)]
    [at async run (turbopack:///[turbopack-node]/child_process/evaluate.ts:89:23)]

Import trace:
  Client Component Browser:
    ./src/app/workspace.css [Client Component Browser]
    ./src/app/[locale]/layout.tsx [Server Component] @ http://localhost:3000/_next/static/chunks/node_modules_next_dist_1e8vcs8._.js:1052
[  165201ms] [ERROR] ./src/app/workspace.css
Error: Error evaluating Node.js code
CssSyntaxError: tailwindcss: C:\Users\janid\Downloads\mylms\lms\src\app\workspace.css:1:1: Cannot apply unknown utility class `text-body-strong`
    [at Input.error (turbopack:///[project]/node_modules/postcss/lib/input.js:135:16)]
    [at Root.error (turbopack:///[project]/node_modules/postcss/lib/node.js:166:32)]
    [at Object.Once (C:\Users\janid\Downloads\mylms\lms\node_modules\@tailwindcss\postcss\dist\index.js:10:7013)]
    [at process.processTicksAndRejections (node:internal/process/task_queues:104:5)]
    [at async LazyResult.runAsync (turbopack:///[project]/node_modules/postcss/lib/lazy-result.js:299:11)]
    [at async transform (turbopack:///[turbopack-node]/transforms/postcss.ts?config=[project]/postcss.config.js:70:34)]
    [at async run (turbopack:///[turbopack-node]/child_process/evaluate.ts:89:23)]

Import trace:
  Client Component Browser:
    ./src/app/workspace.css [Client Component Browser]
    ./src/app/[locale]/layout.tsx [Server Component] @ http://localhost:3000/_next/static/chunks/node_modules_next_dist_1e8vcs8._.js:1052
[  165263ms] [ERROR] ./src/app/workspace.css
Error: Error evaluating Node.js code
CssSyntaxError: tailwindcss: C:\Users\janid\Downloads\mylms\lms\src\app\workspace.css:1:1: Cannot apply unknown utility class `text-body-strong`
    [at Input.error (turbopack:///[project]/node_modules/postcss/lib/input.js:135:16)]
    [at Root.error (turbopack:///[project]/node_modules/postcss/lib/node.js:166:32)]
    [at Object.Once (C:\Users\janid\Downloads\mylms\lms\node_modules\@tailwindcss\postcss\dist\index.js:10:7013)]
    [at process.processTicksAndRejections (node:internal/process/task_queues:104:5)]
    [at async LazyResult.runAsync (turbopack:///[project]/node_modules/postcss/lib/lazy-result.js:299:11)]
    [at async transform (turbopack:///[turbopack-node]/transforms/postcss.ts?config=[project]/postcss.config.js:70:34)]
    [at async run (turbopack:///[turbopack-node]/child_process/evaluate.ts:89:23)]

Import trace:
  Client Component Browser:
    ./src/app/workspace.css [Client Component Browser]
    ./src/app/[locale]/layout.tsx [Server Component] @ http://localhost:3000/_next/static/chunks/node_modules_next_dist_1e8vcs8._.js:1052
[  165324ms] [ERROR] ./src/app/workspace.css
Error: Error evaluating Node.js code
CssSyntaxError: tailwindcss: C:\Users\janid\Downloads\mylms\lms\src\app\workspace.css:1:1: Cannot apply unknown utility class `text-body-strong`
    [at Input.error (turbopack:///[project]/node_modules/postcss/lib/input.js:135:16)]
    [at Root.error (turbopack:///[project]/node_modules/postcss/lib/node.js:166:32)]
    [at Object.Once (C:\Users\janid\Downloads\mylms\lms\node_modules\@tailwindcss\postcss\dist\index.js:10:7013)]
    [at process.processTicksAndRejections (node:internal/process/task_queues:104:5)]
    [at async LazyResult.runAsync (turbopack:///[project]/node_modules/postcss/lib/lazy-result.js:299:11)]
    [at async transform (turbopack:///[turbopack-node]/transforms/postcss.ts?config=[project]/postcss.config.js:70:34)]
    [at async run (turbopack:///[turbopack-node]/child_process/evaluate.ts:89:23)]

Import trace:
  Client Component Browser:
    ./src/app/workspace.css [Client Component Browser]
    ./src/app/[locale]/layout.tsx [Server Component] @ http://localhost:3000/_next/static/chunks/node_modules_next_dist_1e8vcs8._.js:1052
[  165388ms] [ERROR] ./src/app/workspace.css
Error: Error evaluating Node.js code
CssSyntaxError: tailwindcss: C:\Users\janid\Downloads\mylms\lms\src\app\workspace.css:1:1: Cannot apply unknown utility class `text-body-strong`
    [at Input.error (turbopack:///[project]/node_modules/postcss/lib/input.js:135:16)]
    [at Root.error (turbopack:///[project]/node_modules/postcss/lib/node.js:166:32)]
    [at Object.Once (C:\Users\janid\Downloads\mylms\lms\node_modules\@tailwindcss\postcss\dist\index.js:10:7013)]
    [at process.processTicksAndRejections (node:internal/process/task_queues:104:5)]
    [at async LazyResult.runAsync (turbopack:///[project]/node_modules/postcss/lib/lazy-result.js:299:11)]
    [at async transform (turbopack:///[turbopack-node]/transforms/postcss.ts?config=[project]/postcss.config.js:70:34)]
    [at async run (turbopack:///[turbopack-node]/child_process/evaluate.ts:89:23)]

Import trace:
  Client Component Browser:
    ./src/app/workspace.css [Client Component Browser]
    ./src/app/[locale]/layout.tsx [Server Component] @ http://localhost:3000/_next/static/chunks/node_modules_next_dist_1e8vcs8._.js:1052
[  165449ms] [ERROR] ./src/app/workspace.css
Error: Error evaluating Node.js code
CssSyntaxError: tailwindcss: C:\Users\janid\Downloads\mylms\lms\src\app\workspace.css:1:1: Cannot apply unknown utility class `text-body-strong`
    [at Input.error (turbopack:///[project]/node_modules/postcss/lib/input.js:135:16)]
    [at Root.error (turbopack:///[project]/node_modules/postcss/lib/node.js:166:32)]
    [at Object.Once (C:\Users\janid\Downloads\mylms\lms\node_modules\@tailwindcss\postcss\dist\index.js:10:7013)]
    [at process.processTicksAndRejections (node:internal/process/task_queues:104:5)]
    [at async LazyResult.runAsync (turbopack:///[project]/node_modules/postcss/lib/lazy-result.js:299:11)]
    [at async transform (turbopack:///[turbopack-node]/transforms/postcss.ts?config=[project]/postcss.config.js:70:34)]
    [at async run (turbopack:///[turbopack-node]/child_process/evaluate.ts:89:23)]

Import trace:
  Client Component Browser:
    ./src/app/workspace.css [Client Component Browser]
    ./src/app/[locale]/layout.tsx [Server Component] @ http://localhost:3000/_next/static/chunks/node_modules_next_dist_1e8vcs8._.js:1052
[  165512ms] [ERROR] ./src/app/workspace.css
Error: Error evaluating Node.js code
CssSyntaxError: tailwindcss: C:\Users\janid\Downloads\mylms\lms\src\app\workspace.css:1:1: Cannot apply unknown utility class `text-body-strong`
    [at Input.error (turbopack:///[project]/node_modules/postcss/lib/input.js:135:16)]
    [at Root.error (turbopack:///[project]/node_modules/postcss/lib/node.js:166:32)]
    [at Object.Once (C:\Users\janid\Downloads\mylms\lms\node_modules\@tailwindcss\postcss\dist\index.js:10:7013)]
    [at process.processTicksAndRejections (node:internal/process/task_queues:104:5)]
    [at async LazyResult.runAsync (turbopack:///[project]/node_modules/postcss/lib/lazy-result.js:299:11)]
    [at async transform (turbopack:///[turbopack-node]/transforms/postcss.ts?config=[project]/postcss.config.js:70:34)]
    [at async run (turbopack:///[turbopack-node]/child_process/evaluate.ts:89:23)]

Import trace:
  Client Component Browser:
    ./src/app/workspace.css [Client Component Browser]
    ./src/app/[locale]/layout.tsx [Server Component] @ http://localhost:3000/_next/static/chunks/node_modules_next_dist_1e8vcs8._.js:1052
[  165574ms] [ERROR] ./src/app/workspace.css
Error: Error evaluating Node.js code
CssSyntaxError: tailwindcss: C:\Users\janid\Downloads\mylms\lms\src\app\workspace.css:1:1: Cannot apply unknown utility class `text-body-strong`
    [at Input.error (turbopack:///[project]/node_modules/postcss/lib/input.js:135:16)]
    [at Root.error (turbopack:///[project]/node_modules/postcss/lib/node.js:166:32)]
    [at Object.Once (C:\Users\janid\Downloads\mylms\lms\node_modules\@tailwindcss\postcss\dist\index.js:10:7013)]
    [at process.processTicksAndRejections (node:internal/process/task_queues:104:5)]
    [at async LazyResult.runAsync (turbopack:///[project]/node_modules/postcss/lib/lazy-result.js:299:11)]
    [at async transform (turbopack:///[turbopack-node]/transforms/postcss.ts?config=[project]/postcss.config.js:70:34)]
    [at async run (turbopack:///[turbopack-node]/child_process/evaluate.ts:89:23)]

Import trace:
  Client Component Browser:
    ./src/app/workspace.css [Client Component Browser]
    ./src/app/[locale]/layout.tsx [Server Component] @ http://localhost:3000/_next/static/chunks/node_modules_next_dist_1e8vcs8._.js:1052
[  165637ms] [ERROR] ./src/app/workspace.css
Error: Error evaluating Node.js code
CssSyntaxError: tailwindcss: C:\Users\janid\Downloads\mylms\lms\src\app\workspace.css:1:1: Cannot apply unknown utility class `text-body-strong`
    [at Input.error (turbopack:///[project]/node_modules/postcss/lib/input.js:135:16)]
    [at Root.error (turbopack:///[project]/node_modules/postcss/lib/node.js:166:32)]
    [at Object.Once (C:\Users\janid\Downloads\mylms\lms\node_modules\@tailwindcss\postcss\dist\index.js:10:7013)]
    [at process.processTicksAndRejections (node:internal/process/task_queues:104:5)]
    [at async LazyResult.runAsync (turbopack:///[project]/node_modules/postcss/lib/lazy-result.js:299:11)]
    [at async transform (turbopack:///[turbopack-node]/transforms/postcss.ts?config=[project]/postcss.config.js:70:34)]
    [at async run (turbopack:///[turbopack-node]/child_process/evaluate.ts:89:23)]

Import trace:
  Client Component Browser:
    ./src/app/workspace.css [Client Component Browser]
    ./src/app/[locale]/layout.tsx [Server Component] @ http://localhost:3000/_next/static/chunks/node_modules_next_dist_1e8vcs8._.js:1052
[  165699ms] [ERROR] ./src/app/workspace.css
Error: Error evaluating Node.js code
CssSyntaxError: tailwindcss: C:\Users\janid\Downloads\mylms\lms\src\app\workspace.css:1:1: Cannot apply unknown utility class `text-body-strong`
    [at Input.error (turbopack:///[project]/node_modules/postcss/lib/input.js:135:16)]
    [at Root.error (turbopack:///[project]/node_modules/postcss/lib/node.js:166:32)]
    [at Object.Once (C:\Users\janid\Downloads\mylms\lms\node_modules\@tailwindcss\postcss\dist\index.js:10:7013)]
    [at process.processTicksAndRejections (node:internal/process/task_queues:104:5)]
    [at async LazyResult.runAsync (turbopack:///[project]/node_modules/postcss/lib/lazy-result.js:299:11)]
    [at async transform (turbopack:///[turbopack-node]/transforms/postcss.ts?config=[project]/postcss.config.js:70:34)]
    [at async run (turbopack:///[turbopack-node]/child_process/evaluate.ts:89:23)]

Import trace:
  Client Component Browser:
    ./src/app/workspace.css [Client Component Browser]
    ./src/app/[locale]/layout.tsx [Server Component] @ http://localhost:3000/_next/static/chunks/node_modules_next_dist_1e8vcs8._.js:1052
[  165762ms] [ERROR] ./src/app/workspace.css
Error: Error evaluating Node.js code
CssSyntaxError: tailwindcss: C:\Users\janid\Downloads\mylms\lms\src\app\workspace.css:1:1: Cannot apply unknown utility class `text-body-strong`
    [at Input.error (turbopack:///[project]/node_modules/postcss/lib/input.js:135:16)]
    [at Root.error (turbopack:///[project]/node_modules/postcss/lib/node.js:166:32)]
    [at Object.Once (C:\Users\janid\Downloads\mylms\lms\node_modules\@tailwindcss\postcss\dist\index.js:10:7013)]
    [at process.processTicksAndRejections (node:internal/process/task_queues:104:5)]
    [at async LazyResult.runAsync (turbopack:///[project]/node_modules/postcss/lib/lazy-result.js:299:11)]
    [at async transform (turbopack:///[turbopack-node]/transforms/postcss.ts?config=[project]/postcss.config.js:70:34)]
    [at async run (turbopack:///[turbopack-node]/child_process/evaluate.ts:89:23)]

Import trace:
  Client Component Browser:
    ./src/app/workspace.css [Client Component Browser]
    ./src/app/[locale]/layout.tsx [Server Component] @ http://localhost:3000/_next/static/chunks/node_modules_next_dist_1e8vcs8._.js:1052
[  165825ms] [ERROR] ./src/app/workspace.css
Error: Error evaluating Node.js code
CssSyntaxError: tailwindcss: C:\Users\janid\Downloads\mylms\lms\src\app\workspace.css:1:1: Cannot apply unknown utility class `text-body-strong`
    [at Input.error (turbopack:///[project]/node_modules/postcss/lib/input.js:135:16)]
    [at Root.error (turbopack:///[project]/node_modules/postcss/lib/node.js:166:32)]
    [at Object.Once (C:\Users\janid\Downloads\mylms\lms\node_modules\@tailwindcss\postcss\dist\index.js:10:7013)]
    [at process.processTicksAndRejections (node:internal/process/task_queues:104:5)]
    [at async LazyResult.runAsync (turbopack:///[project]/node_modules/postcss/lib/lazy-result.js:299:11)]
    [at async transform (turbopack:///[turbopack-node]/transforms/postcss.ts?config=[project]/postcss.config.js:70:34)]
    [at async run (turbopack:///[turbopack-node]/child_process/evaluate.ts:89:23)]

Import trace:
  Client Component Browser:
    ./src/app/workspace.css [Client Component Browser]
    ./src/app/[locale]/layout.tsx [Server Component] @ http://localhost:3000/_next/static/chunks/node_modules_next_dist_1e8vcs8._.js:1052
[  165888ms] [ERROR] ./src/app/workspace.css
Error: Error evaluating Node.js code
CssSyntaxError: tailwindcss: C:\Users\janid\Downloads\mylms\lms\src\app\workspace.css:1:1: Cannot apply unknown utility class `text-body-strong`
    [at Input.error (turbopack:///[project]/node_modules/postcss/lib/input.js:135:16)]
    [at Root.error (turbopack:///[project]/node_modules/postcss/lib/node.js:166:32)]
    [at Object.Once (C:\Users\janid\Downloads\mylms\lms\node_modules\@tailwindcss\postcss\dist\index.js:10:7013)]
    [at process.processTicksAndRejections (node:internal/process/task_queues:104:5)]
    [at async LazyResult.runAsync (turbopack:///[project]/node_modules/postcss/lib/lazy-result.js:299:11)]
    [at async transform (turbopack:///[turbopack-node]/transforms/postcss.ts?config=[project]/postcss.config.js:70:34)]
    [at async run (turbopack:///[turbopack-node]/child_process/evaluate.ts:89:23)]

Import trace:
  Client Component Browser:
    ./src/app/workspace.css [Client Component Browser]
    ./src/app/[locale]/layout.tsx [Server Component] @ http://localhost:3000/_next/static/chunks/node_modules_next_dist_1e8vcs8._.js:1052
[  165951ms] [ERROR] ./src/app/workspace.css
Error: Error evaluating Node.js code
CssSyntaxError: tailwindcss: C:\Users\janid\Downloads\mylms\lms\src\app\workspace.css:1:1: Cannot apply unknown utility class `text-body-strong`
    [at Input.error (turbopack:///[project]/node_modules/postcss/lib/input.js:135:16)]
    [at Root.error (turbopack:///[project]/node_modules/postcss/lib/node.js:166:32)]
    [at Object.Once (C:\Users\janid\Downloads\mylms\lms\node_modules\@tailwindcss\postcss\dist\index.js:10:7013)]
    [at process.processTicksAndRejections (node:internal/process/task_queues:104:5)]
    [at async LazyResult.runAsync (turbopack:///[project]/node_modules/postcss/lib/lazy-result.js:299:11)]
    [at async transform (turbopack:///[turbopack-node]/transforms/postcss.ts?config=[project]/postcss.config.js:70:34)]
    [at async run (turbopack:///[turbopack-node]/child_process/evaluate.ts:89:23)]

Import trace:
  Client Component Browser:
    ./src/app/workspace.css [Client Component Browser]
    ./src/app/[locale]/layout.tsx [Server Component] @ http://localhost:3000/_next/static/chunks/node_modules_next_dist_1e8vcs8._.js:1052
[  166015ms] [ERROR] ./src/app/workspace.css
Error: Error evaluating Node.js code
CssSyntaxError: tailwindcss: C:\Users\janid\Downloads\mylms\lms\src\app\workspace.css:1:1: Cannot apply unknown utility class `text-body-strong`
    [at Input.error (turbopack:///[project]/node_modules/postcss/lib/input.js:135:16)]
    [at Root.error (turbopack:///[project]/node_modules/postcss/lib/node.js:166:32)]
    [at Object.Once (C:\Users\janid\Downloads\mylms\lms\node_modules\@tailwindcss\postcss\dist\index.js:10:7013)]
    [at process.processTicksAndRejections (node:internal/process/task_queues:104:5)]
    [at async LazyResult.runAsync (turbopack:///[project]/node_modules/postcss/lib/lazy-result.js:299:11)]
    [at async transform (turbopack:///[turbopack-node]/transforms/postcss.ts?config=[project]/postcss.config.js:70:34)]
    [at async run (turbopack:///[turbopack-node]/child_process/evaluate.ts:89:23)]

Import trace:
  Client Component Browser:
    ./src/app/workspace.css [Client Component Browser]
    ./src/app/[locale]/layout.tsx [Server Component] @ http://localhost:3000/_next/static/chunks/node_modules_next_dist_1e8vcs8._.js:1052
[  166078ms] [ERROR] ./src/app/workspace.css
Error: Error evaluating Node.js code
CssSyntaxError: tailwindcss: C:\Users\janid\Downloads\mylms\lms\src\app\workspace.css:1:1: Cannot apply unknown utility class `text-body-strong`
    [at Input.error (turbopack:///[project]/node_modules/postcss/lib/input.js:135:16)]
    [at Root.error (turbopack:///[project]/node_modules/postcss/lib/node.js:166:32)]
    [at Object.Once (C:\Users\janid\Downloads\mylms\lms\node_modules\@tailwindcss\postcss\dist\index.js:10:7013)]
    [at process.processTicksAndRejections (node:internal/process/task_queues:104:5)]
    [at async LazyResult.runAsync (turbopack:///[project]/node_modules/postcss/lib/lazy-result.js:299:11)]
    [at async transform (turbopack:///[turbopack-node]/transforms/postcss.ts?config=[project]/postcss.config.js:70:34)]
    [at async run (turbopack:///[turbopack-node]/child_process/evaluate.ts:89:23)]

Import trace:
  Client Component Browser:
    ./src/app/workspace.css [Client Component Browser]
    ./src/app/[locale]/layout.tsx [Server Component] @ http://localhost:3000/_next/static/chunks/node_modules_next_dist_1e8vcs8._.js:1052
[  166139ms] [ERROR] ./src/app/workspace.css
Error: Error evaluating Node.js code
CssSyntaxError: tailwindcss: C:\Users\janid\Downloads\mylms\lms\src\app\workspace.css:1:1: Cannot apply unknown utility class `text-body-strong`
    [at Input.error (turbopack:///[project]/node_modules/postcss/lib/input.js:135:16)]
    [at Root.error (turbopack:///[project]/node_modules/postcss/lib/node.js:166:32)]
    [at Object.Once (C:\Users\janid\Downloads\mylms\lms\node_modules\@tailwindcss\postcss\dist\index.js:10:7013)]
    [at process.processTicksAndRejections (node:internal/process/task_queues:104:5)]
    [at async LazyResult.runAsync (turbopack:///[project]/node_modules/postcss/lib/lazy-result.js:299:11)]
    [at async transform (turbopack:///[turbopack-node]/transforms/postcss.ts?config=[project]/postcss.config.js:70:34)]
    [at async run (turbopack:///[turbopack-node]/child_process/evaluate.ts:89:23)]

Import trace:
  Client Component Browser:
    ./src/app/workspace.css [Client Component Browser]
    ./src/app/[locale]/layout.tsx [Server Component] @ http://localhost:3000/_next/static/chunks/node_modules_next_dist_1e8vcs8._.js:1052
[  166202ms] [ERROR] ./src/app/workspace.css
Error: Error evaluating Node.js code
CssSyntaxError: tailwindcss: C:\Users\janid\Downloads\mylms\lms\src\app\workspace.css:1:1: Cannot apply unknown utility class `text-body-strong`
    [at Input.error (turbopack:///[project]/node_modules/postcss/lib/input.js:135:16)]
    [at Root.error (turbopack:///[project]/node_modules/postcss/lib/node.js:166:32)]
    [at Object.Once (C:\Users\janid\Downloads\mylms\lms\node_modules\@tailwindcss\postcss\dist\index.js:10:7013)]
    [at process.processTicksAndRejections (node:internal/process/task_queues:104:5)]
    [at async LazyResult.runAsync (turbopack:///[project]/node_modules/postcss/lib/lazy-result.js:299:11)]
    [at async transform (turbopack:///[turbopack-node]/transforms/postcss.ts?config=[project]/postcss.config.js:70:34)]
    [at async run (turbopack:///[turbopack-node]/child_process/evaluate.ts:89:23)]

Import trace:
  Client Component Browser:
    ./src/app/workspace.css [Client Component Browser]
    ./src/app/[locale]/layout.tsx [Server Component] @ http://localhost:3000/_next/static/chunks/node_modules_next_dist_1e8vcs8._.js:1052
[  166265ms] [ERROR] ./src/app/workspace.css
Error: Error evaluating Node.js code
CssSyntaxError: tailwindcss: C:\Users\janid\Downloads\mylms\lms\src\app\workspace.css:1:1: Cannot apply unknown utility class `text-body-strong`
    [at Input.error (turbopack:///[project]/node_modules/postcss/lib/input.js:135:16)]
    [at Root.error (turbopack:///[project]/node_modules/postcss/lib/node.js:166:32)]
    [at Object.Once (C:\Users\janid\Downloads\mylms\lms\node_modules\@tailwindcss\postcss\dist\index.js:10:7013)]
    [at process.processTicksAndRejections (node:internal/process/task_queues:104:5)]
    [at async LazyResult.runAsync (turbopack:///[project]/node_modules/postcss/lib/lazy-result.js:299:11)]
    [at async transform (turbopack:///[turbopack-node]/transforms/postcss.ts?config=[project]/postcss.config.js:70:34)]
    [at async run (turbopack:///[turbopack-node]/child_process/evaluate.ts:89:23)]

Import trace:
  Client Component Browser:
    ./src/app/workspace.css [Client Component Browser]
    ./src/app/[locale]/layout.tsx [Server Component] @ http://localhost:3000/_next/static/chunks/node_modules_next_dist_1e8vcs8._.js:1052
[  166327ms] [ERROR] ./src/app/workspace.css
Error: Error evaluating Node.js code
CssSyntaxError: tailwindcss: C:\Users\janid\Downloads\mylms\lms\src\app\workspace.css:1:1: Cannot apply unknown utility class `text-body-strong`
    [at Input.error (turbopack:///[project]/node_modules/postcss/lib/input.js:135:16)]
    [at Root.error (turbopack:///[project]/node_modules/postcss/lib/node.js:166:32)]
    [at Object.Once (C:\Users\janid\Downloads\mylms\lms\node_modules\@tailwindcss\postcss\dist\index.js:10:7013)]
    [at process.processTicksAndRejections (node:internal/process/task_queues:104:5)]
    [at async LazyResult.runAsync (turbopack:///[project]/node_modules/postcss/lib/lazy-result.js:299:11)]
    [at async transform (turbopack:///[turbopack-node]/transforms/postcss.ts?config=[project]/postcss.config.js:70:34)]
    [at async run (turbopack:///[turbopack-node]/child_process/evaluate.ts:89:23)]

Import trace:
  Client Component Browser:
    ./src/app/workspace.css [Client Component Browser]
    ./src/app/[locale]/layout.tsx [Server Component] @ http://localhost:3000/_next/static/chunks/node_modules_next_dist_1e8vcs8._.js:1052
[  166390ms] [ERROR] ./src/app/workspace.css
Error: Error evaluating Node.js code
CssSyntaxError: tailwindcss: C:\Users\janid\Downloads\mylms\lms\src\app\workspace.css:1:1: Cannot apply unknown utility class `text-body-strong`
    [at Input.error (turbopack:///[project]/node_modules/postcss/lib/input.js:135:16)]
    [at Root.error (turbopack:///[project]/node_modules/postcss/lib/node.js:166:32)]
    [at Object.Once (C:\Users\janid\Downloads\mylms\lms\node_modules\@tailwindcss\postcss\dist\index.js:10:7013)]
    [at process.processTicksAndRejections (node:internal/process/task_queues:104:5)]
    [at async LazyResult.runAsync (turbopack:///[project]/node_modules/postcss/lib/lazy-result.js:299:11)]
    [at async transform (turbopack:///[turbopack-node]/transforms/postcss.ts?config=[project]/postcss.config.js:70:34)]
    [at async run (turbopack:///[turbopack-node]/child_process/evaluate.ts:89:23)]

Import trace:
  Client Component Browser:
    ./src/app/workspace.css [Client Component Browser]
    ./src/app/[locale]/layout.tsx [Server Component] @ http://localhost:3000/_next/static/chunks/node_modules_next_dist_1e8vcs8._.js:1052
[  166454ms] [ERROR] ./src/app/workspace.css
Error: Error evaluating Node.js code
CssSyntaxError: tailwindcss: C:\Users\janid\Downloads\mylms\lms\src\app\workspace.css:1:1: Cannot apply unknown utility class `text-body-strong`
    [at Input.error (turbopack:///[project]/node_modules/postcss/lib/input.js:135:16)]
    [at Root.error (turbopack:///[project]/node_modules/postcss/lib/node.js:166:32)]
    [at Object.Once (C:\Users\janid\Downloads\mylms\lms\node_modules\@tailwindcss\postcss\dist\index.js:10:7013)]
    [at process.processTicksAndRejections (node:internal/process/task_queues:104:5)]
    [at async LazyResult.runAsync (turbopack:///[project]/node_modules/postcss/lib/lazy-result.js:299:11)]
    [at async transform (turbopack:///[turbopack-node]/transforms/postcss.ts?config=[project]/postcss.config.js:70:34)]
    [at async run (turbopack:///[turbopack-node]/child_process/evaluate.ts:89:23)]

Import trace:
  Client Component Browser:
    ./src/app/workspace.css [Client Component Browser]
    ./src/app/[locale]/layout.tsx [Server Component] @ http://localhost:3000/_next/static/chunks/node_modules_next_dist_1e8vcs8._.js:1052
[  166516ms] [ERROR] ./src/app/workspace.css
Error: Error evaluating Node.js code
CssSyntaxError: tailwindcss: C:\Users\janid\Downloads\mylms\lms\src\app\workspace.css:1:1: Cannot apply unknown utility class `text-body-strong`
    [at Input.error (turbopack:///[project]/node_modules/postcss/lib/input.js:135:16)]
    [at Root.error (turbopack:///[project]/node_modules/postcss/lib/node.js:166:32)]
    [at Object.Once (C:\Users\janid\Downloads\mylms\lms\node_modules\@tailwindcss\postcss\dist\index.js:10:7013)]
    [at process.processTicksAndRejections (node:internal/process/task_queues:104:5)]
    [at async LazyResult.runAsync (turbopack:///[project]/node_modules/postcss/lib/lazy-result.js:299:11)]
    [at async transform (turbopack:///[turbopack-node]/transforms/postcss.ts?config=[project]/postcss.config.js:70:34)]
    [at async run (turbopack:///[turbopack-node]/child_process/evaluate.ts:89:23)]

Import trace:
  Client Component Browser:
    ./src/app/workspace.css [Client Component Browser]
    ./src/app/[locale]/layout.tsx [Server Component] @ http://localhost:3000/_next/static/chunks/node_modules_next_dist_1e8vcs8._.js:1052
[  166579ms] [ERROR] ./src/app/workspace.css
Error: Error evaluating Node.js code
CssSyntaxError: tailwindcss: C:\Users\janid\Downloads\mylms\lms\src\app\workspace.css:1:1: Cannot apply unknown utility class `text-body-strong`
    [at Input.error (turbopack:///[project]/node_modules/postcss/lib/input.js:135:16)]
    [at Root.error (turbopack:///[project]/node_modules/postcss/lib/node.js:166:32)]
    [at Object.Once (C:\Users\janid\Downloads\mylms\lms\node_modules\@tailwindcss\postcss\dist\index.js:10:7013)]
    [at process.processTicksAndRejections (node:internal/process/task_queues:104:5)]
    [at async LazyResult.runAsync (turbopack:///[project]/node_modules/postcss/lib/lazy-result.js:299:11)]
    [at async transform (turbopack:///[turbopack-node]/transforms/postcss.ts?config=[project]/postcss.config.js:70:34)]
    [at async run (turbopack:///[turbopack-node]/child_process/evaluate.ts:89:23)]

Import trace:
  Client Component Browser:
    ./src/app/workspace.css [Client Component Browser]
    ./src/app/[locale]/layout.tsx [Server Component] @ http://localhost:3000/_next/static/chunks/node_modules_next_dist_1e8vcs8._.js:1052
[  166643ms] [ERROR] ./src/app/workspace.css
Error: Error evaluating Node.js code
CssSyntaxError: tailwindcss: C:\Users\janid\Downloads\mylms\lms\src\app\workspace.css:1:1: Cannot apply unknown utility class `text-body-strong`
    [at Input.error (turbopack:///[project]/node_modules/postcss/lib/input.js:135:16)]
    [at Root.error (turbopack:///[project]/node_modules/postcss/lib/node.js:166:32)]
    [at Object.Once (C:\Users\janid\Downloads\mylms\lms\node_modules\@tailwindcss\postcss\dist\index.js:10:7013)]
    [at process.processTicksAndRejections (node:internal/process/task_queues:104:5)]
    [at async LazyResult.runAsync (turbopack:///[project]/node_modules/postcss/lib/lazy-result.js:299:11)]
    [at async transform (turbopack:///[turbopack-node]/transforms/postcss.ts?config=[project]/postcss.config.js:70:34)]
    [at async run (turbopack:///[turbopack-node]/child_process/evaluate.ts:89:23)]

Import trace:
  Client Component Browser:
    ./src/app/workspace.css [Client Component Browser]
    ./src/app/[locale]/layout.tsx [Server Component] @ http://localhost:3000/_next/static/chunks/node_modules_next_dist_1e8vcs8._.js:1052
[  166706ms] [ERROR] ./src/app/workspace.css
Error: Error evaluating Node.js code
CssSyntaxError: tailwindcss: C:\Users\janid\Downloads\mylms\lms\src\app\workspace.css:1:1: Cannot apply unknown utility class `text-body-strong`
    [at Input.error (turbopack:///[project]/node_modules/postcss/lib/input.js:135:16)]
    [at Root.error (turbopack:///[project]/node_modules/postcss/lib/node.js:166:32)]
    [at Object.Once (C:\Users\janid\Downloads\mylms\lms\node_modules\@tailwindcss\postcss\dist\index.js:10:7013)]
    [at process.processTicksAndRejections (node:internal/process/task_queues:104:5)]
    [at async LazyResult.runAsync (turbopack:///[project]/node_modules/postcss/lib/lazy-result.js:299:11)]
    [at async transform (turbopack:///[turbopack-node]/transforms/postcss.ts?config=[project]/postcss.config.js:70:34)]
    [at async run (turbopack:///[turbopack-node]/child_process/evaluate.ts:89:23)]

Import trace:
  Client Component Browser:
    ./src/app/workspace.css [Client Component Browser]
    ./src/app/[locale]/layout.tsx [Server Component] @ http://localhost:3000/_next/static/chunks/node_modules_next_dist_1e8vcs8._.js:1052
[  166768ms] [ERROR] ./src/app/workspace.css
Error: Error evaluating Node.js code
CssSyntaxError: tailwindcss: C:\Users\janid\Downloads\mylms\lms\src\app\workspace.css:1:1: Cannot apply unknown utility class `text-body-strong`
    [at Input.error (turbopack:///[project]/node_modules/postcss/lib/input.js:135:16)]
    [at Root.error (turbopack:///[project]/node_modules/postcss/lib/node.js:166:32)]
    [at Object.Once (C:\Users\janid\Downloads\mylms\lms\node_modules\@tailwindcss\postcss\dist\index.js:10:7013)]
    [at process.processTicksAndRejections (node:internal/process/task_queues:104:5)]
    [at async LazyResult.runAsync (turbopack:///[project]/node_modules/postcss/lib/lazy-result.js:299:11)]
    [at async transform (turbopack:///[turbopack-node]/transforms/postcss.ts?config=[project]/postcss.config.js:70:34)]
    [at async run (turbopack:///[turbopack-node]/child_process/evaluate.ts:89:23)]

Import trace:
  Client Component Browser:
    ./src/app/workspace.css [Client Component Browser]
    ./src/app/[locale]/layout.tsx [Server Component] @ http://localhost:3000/_next/static/chunks/node_modules_next_dist_1e8vcs8._.js:1052
[  166833ms] [ERROR] ./src/app/workspace.css
Error: Error evaluating Node.js code
CssSyntaxError: tailwindcss: C:\Users\janid\Downloads\mylms\lms\src\app\workspace.css:1:1: Cannot apply unknown utility class `text-body-strong`
    [at Input.error (turbopack:///[project]/node_modules/postcss/lib/input.js:135:16)]
    [at Root.error (turbopack:///[project]/node_modules/postcss/lib/node.js:166:32)]
    [at Object.Once (C:\Users\janid\Downloads\mylms\lms\node_modules\@tailwindcss\postcss\dist\index.js:10:7013)]
    [at process.processTicksAndRejections (node:internal/process/task_queues:104:5)]
    [at async LazyResult.runAsync (turbopack:///[project]/node_modules/postcss/lib/lazy-result.js:299:11)]
    [at async transform (turbopack:///[turbopack-node]/transforms/postcss.ts?config=[project]/postcss.config.js:70:34)]
    [at async run (turbopack:///[turbopack-node]/child_process/evaluate.ts:89:23)]

Import trace:
  Client Component Browser:
    ./src/app/workspace.css [Client Component Browser]
    ./src/app/[locale]/layout.tsx [Server Component] @ http://localhost:3000/_next/static/chunks/node_modules_next_dist_1e8vcs8._.js:1052
[  166897ms] [ERROR] ./src/app/workspace.css
Error: Error evaluating Node.js code
CssSyntaxError: tailwindcss: C:\Users\janid\Downloads\mylms\lms\src\app\workspace.css:1:1: Cannot apply unknown utility class `text-body-strong`
    [at Input.error (turbopack:///[project]/node_modules/postcss/lib/input.js:135:16)]
    [at Root.error (turbopack:///[project]/node_modules/postcss/lib/node.js:166:32)]
    [at Object.Once (C:\Users\janid\Downloads\mylms\lms\node_modules\@tailwindcss\postcss\dist\index.js:10:7013)]
    [at process.processTicksAndRejections (node:internal/process/task_queues:104:5)]
    [at async LazyResult.runAsync (turbopack:///[project]/node_modules/postcss/lib/lazy-result.js:299:11)]
    [at async transform (turbopack:///[turbopack-node]/transforms/postcss.ts?config=[project]/postcss.config.js:70:34)]
    [at async run (turbopack:///[turbopack-node]/child_process/evaluate.ts:89:23)]

Import trace:
  Client Component Browser:
    ./src/app/workspace.css [Client Component Browser]
    ./src/app/[locale]/layout.tsx [Server Component] @ http://localhost:3000/_next/static/chunks/node_modules_next_dist_1e8vcs8._.js:1052
[  166958ms] [ERROR] ./src/app/workspace.css
Error: Error evaluating Node.js code
CssSyntaxError: tailwindcss: C:\Users\janid\Downloads\mylms\lms\src\app\workspace.css:1:1: Cannot apply unknown utility class `text-body-strong`
    [at Input.error (turbopack:///[project]/node_modules/postcss/lib/input.js:135:16)]
    [at Root.error (turbopack:///[project]/node_modules/postcss/lib/node.js:166:32)]
    [at Object.Once (C:\Users\janid\Downloads\mylms\lms\node_modules\@tailwindcss\postcss\dist\index.js:10:7013)]
    [at process.processTicksAndRejections (node:internal/process/task_queues:104:5)]
    [at async LazyResult.runAsync (turbopack:///[project]/node_modules/postcss/lib/lazy-result.js:299:11)]
    [at async transform (turbopack:///[turbopack-node]/transforms/postcss.ts?config=[project]/postcss.config.js:70:34)]
    [at async run (turbopack:///[turbopack-node]/child_process/evaluate.ts:89:23)]

Import trace:
  Client Component Browser:
    ./src/app/workspace.css [Client Component Browser]
    ./src/app/[locale]/layout.tsx [Server Component] @ http://localhost:3000/_next/static/chunks/node_modules_next_dist_1e8vcs8._.js:1052
[  167020ms] [ERROR] ./src/app/workspace.css
Error: Error evaluating Node.js code
CssSyntaxError: tailwindcss: C:\Users\janid\Downloads\mylms\lms\src\app\workspace.css:1:1: Cannot apply unknown utility class `text-body-strong`
    [at Input.error (turbopack:///[project]/node_modules/postcss/lib/input.js:135:16)]
    [at Root.error (turbopack:///[project]/node_modules/postcss/lib/node.js:166:32)]
    [at Object.Once (C:\Users\janid\Downloads\mylms\lms\node_modules\@tailwindcss\postcss\dist\index.js:10:7013)]
    [at process.processTicksAndRejections (node:internal/process/task_queues:104:5)]
    [at async LazyResult.runAsync (turbopack:///[project]/node_modules/postcss/lib/lazy-result.js:299:11)]
    [at async transform (turbopack:///[turbopack-node]/transforms/postcss.ts?config=[project]/postcss.config.js:70:34)]
    [at async run (turbopack:///[turbopack-node]/child_process/evaluate.ts:89:23)]

Import trace:
  Client Component Browser:
    ./src/app/workspace.css [Client Component Browser]
    ./src/app/[locale]/layout.tsx [Server Component] @ http://localhost:3000/_next/static/chunks/node_modules_next_dist_1e8vcs8._.js:1052
[  167083ms] [ERROR] ./src/app/workspace.css
Error: Error evaluating Node.js code
CssSyntaxError: tailwindcss: C:\Users\janid\Downloads\mylms\lms\src\app\workspace.css:1:1: Cannot apply unknown utility class `text-body-strong`
    [at Input.error (turbopack:///[project]/node_modules/postcss/lib/input.js:135:16)]
    [at Root.error (turbopack:///[project]/node_modules/postcss/lib/node.js:166:32)]
    [at Object.Once (C:\Users\janid\Downloads\mylms\lms\node_modules\@tailwindcss\postcss\dist\index.js:10:7013)]
    [at process.processTicksAndRejections (node:internal/process/task_queues:104:5)]
    [at async LazyResult.runAsync (turbopack:///[project]/node_modules/postcss/lib/lazy-result.js:299:11)]
    [at async transform (turbopack:///[turbopack-node]/transforms/postcss.ts?config=[project]/postcss.config.js:70:34)]
    [at async run (turbopack:///[turbopack-node]/child_process/evaluate.ts:89:23)]

Import trace:
  Client Component Browser:
    ./src/app/workspace.css [Client Component Browser]
    ./src/app/[locale]/layout.tsx [Server Component] @ http://localhost:3000/_next/static/chunks/node_modules_next_dist_1e8vcs8._.js:1052
[  167146ms] [ERROR] ./src/app/workspace.css
Error: Error evaluating Node.js code
CssSyntaxError: tailwindcss: C:\Users\janid\Downloads\mylms\lms\src\app\workspace.css:1:1: Cannot apply unknown utility class `text-body-strong`
    [at Input.error (turbopack:///[project]/node_modules/postcss/lib/input.js:135:16)]
    [at Root.error (turbopack:///[project]/node_modules/postcss/lib/node.js:166:32)]
    [at Object.Once (C:\Users\janid\Downloads\mylms\lms\node_modules\@tailwindcss\postcss\dist\index.js:10:7013)]
    [at process.processTicksAndRejections (node:internal/process/task_queues:104:5)]
    [at async LazyResult.runAsync (turbopack:///[project]/node_modules/postcss/lib/lazy-result.js:299:11)]
    [at async transform (turbopack:///[turbopack-node]/transforms/postcss.ts?config=[project]/postcss.config.js:70:34)]
    [at async run (turbopack:///[turbopack-node]/child_process/evaluate.ts:89:23)]

Import trace:
  Client Component Browser:
    ./src/app/workspace.css [Client Component Browser]
    ./src/app/[locale]/layout.tsx [Server Component] @ http://localhost:3000/_next/static/chunks/node_modules_next_dist_1e8vcs8._.js:1052
[  167209ms] [ERROR] ./src/app/workspace.css
Error: Error evaluating Node.js code
CssSyntaxError: tailwindcss: C:\Users\janid\Downloads\mylms\lms\src\app\workspace.css:1:1: Cannot apply unknown utility class `text-body-strong`
    [at Input.error (turbopack:///[project]/node_modules/postcss/lib/input.js:135:16)]
    [at Root.error (turbopack:///[project]/node_modules/postcss/lib/node.js:166:32)]
    [at Object.Once (C:\Users\janid\Downloads\mylms\lms\node_modules\@tailwindcss\postcss\dist\index.js:10:7013)]
    [at process.processTicksAndRejections (node:internal/process/task_queues:104:5)]
    [at async LazyResult.runAsync (turbopack:///[project]/node_modules/postcss/lib/lazy-result.js:299:11)]
    [at async transform (turbopack:///[turbopack-node]/transforms/postcss.ts?config=[project]/postcss.config.js:70:34)]
    [at async run (turbopack:///[turbopack-node]/child_process/evaluate.ts:89:23)]

Import trace:
  Client Component Browser:
    ./src/app/workspace.css [Client Component Browser]
    ./src/app/[locale]/layout.tsx [Server Component] @ http://localhost:3000/_next/static/chunks/node_modules_next_dist_1e8vcs8._.js:1052
[  167271ms] [ERROR] ./src/app/workspace.css
Error: Error evaluating Node.js code
CssSyntaxError: tailwindcss: C:\Users\janid\Downloads\mylms\lms\src\app\workspace.css:1:1: Cannot apply unknown utility class `text-body-strong`
    [at Input.error (turbopack:///[project]/node_modules/postcss/lib/input.js:135:16)]
    [at Root.error (turbopack:///[project]/node_modules/postcss/lib/node.js:166:32)]
    [at Object.Once (C:\Users\janid\Downloads\mylms\lms\node_modules\@tailwindcss\postcss\dist\index.js:10:7013)]
    [at process.processTicksAndRejections (node:internal/process/task_queues:104:5)]
    [at async LazyResult.runAsync (turbopack:///[project]/node_modules/postcss/lib/lazy-result.js:299:11)]
    [at async transform (turbopack:///[turbopack-node]/transforms/postcss.ts?config=[project]/postcss.config.js:70:34)]
    [at async run (turbopack:///[turbopack-node]/child_process/evaluate.ts:89:23)]

Import trace:
  Client Component Browser:
    ./src/app/workspace.css [Client Component Browser]
    ./src/app/[locale]/layout.tsx [Server Component] @ http://localhost:3000/_next/static/chunks/node_modules_next_dist_1e8vcs8._.js:1052
[  167334ms] [ERROR] ./src/app/workspace.css
Error: Error evaluating Node.js code
CssSyntaxError: tailwindcss: C:\Users\janid\Downloads\mylms\lms\src\app\workspace.css:1:1: Cannot apply unknown utility class `text-body-strong`
    [at Input.error (turbopack:///[project]/node_modules/postcss/lib/input.js:135:16)]
    [at Root.error (turbopack:///[project]/node_modules/postcss/lib/node.js:166:32)]
    [at Object.Once (C:\Users\janid\Downloads\mylms\lms\node_modules\@tailwindcss\postcss\dist\index.js:10:7013)]
    [at process.processTicksAndRejections (node:internal/process/task_queues:104:5)]
    [at async LazyResult.runAsync (turbopack:///[project]/node_modules/postcss/lib/lazy-result.js:299:11)]
    [at async transform (turbopack:///[turbopack-node]/transforms/postcss.ts?config=[project]/postcss.config.js:70:34)]
    [at async run (turbopack:///[turbopack-node]/child_process/evaluate.ts:89:23)]

Import trace:
  Client Component Browser:
    ./src/app/workspace.css [Client Component Browser]
    ./src/app/[locale]/layout.tsx [Server Component] @ http://localhost:3000/_next/static/chunks/node_modules_next_dist_1e8vcs8._.js:1052
[  167397ms] [ERROR] ./src/app/workspace.css
Error: Error evaluating Node.js code
CssSyntaxError: tailwindcss: C:\Users\janid\Downloads\mylms\lms\src\app\workspace.css:1:1: Cannot apply unknown utility class `text-body-strong`
    [at Input.error (turbopack:///[project]/node_modules/postcss/lib/input.js:135:16)]
    [at Root.error (turbopack:///[project]/node_modules/postcss/lib/node.js:166:32)]
    [at Object.Once (C:\Users\janid\Downloads\mylms\lms\node_modules\@tailwindcss\postcss\dist\index.js:10:7013)]
    [at process.processTicksAndRejections (node:internal/process/task_queues:104:5)]
    [at async LazyResult.runAsync (turbopack:///[project]/node_modules/postcss/lib/lazy-result.js:299:11)]
    [at async transform (turbopack:///[turbopack-node]/transforms/postcss.ts?config=[project]/postcss.config.js:70:34)]
    [at async run (turbopack:///[turbopack-node]/child_process/evaluate.ts:89:23)]

Import trace:
  Client Component Browser:
    ./src/app/workspace.css [Client Component Browser]
    ./src/app/[locale]/layout.tsx [Server Component] @ http://localhost:3000/_next/static/chunks/node_modules_next_dist_1e8vcs8._.js:1052
[  167458ms] [ERROR] ./src/app/workspace.css
Error: Error evaluating Node.js code
CssSyntaxError: tailwindcss: C:\Users\janid\Downloads\mylms\lms\src\app\workspace.css:1:1: Cannot apply unknown utility class `text-body-strong`
    [at Input.error (turbopack:///[project]/node_modules/postcss/lib/input.js:135:16)]
    [at Root.error (turbopack:///[project]/node_modules/postcss/lib/node.js:166:32)]
    [at Object.Once (C:\Users\janid\Downloads\mylms\lms\node_modules\@tailwindcss\postcss\dist\index.js:10:7013)]
    [at process.processTicksAndRejections (node:internal/process/task_queues:104:5)]
    [at async LazyResult.runAsync (turbopack:///[project]/node_modules/postcss/lib/lazy-result.js:299:11)]
    [at async transform (turbopack:///[turbopack-node]/transforms/postcss.ts?config=[project]/postcss.config.js:70:34)]
    [at async run (turbopack:///[turbopack-node]/child_process/evaluate.ts:89:23)]

Import trace:
  Client Component Browser:
    ./src/app/workspace.css [Client Component Browser]
    ./src/app/[locale]/layout.tsx [Server Component] @ http://localhost:3000/_next/static/chunks/node_modules_next_dist_1e8vcs8._.js:1052
[  167521ms] [ERROR] ./src/app/workspace.css
Error: Error evaluating Node.js code
CssSyntaxError: tailwindcss: C:\Users\janid\Downloads\mylms\lms\src\app\workspace.css:1:1: Cannot apply unknown utility class `text-body-strong`
    [at Input.error (turbopack:///[project]/node_modules/postcss/lib/input.js:135:16)]
    [at Root.error (turbopack:///[project]/node_modules/postcss/lib/node.js:166:32)]
    [at Object.Once (C:\Users\janid\Downloads\mylms\lms\node_modules\@tailwindcss\postcss\dist\index.js:10:7013)]
    [at process.processTicksAndRejections (node:internal/process/task_queues:104:5)]
    [at async LazyResult.runAsync (turbopack:///[project]/node_modules/postcss/lib/lazy-result.js:299:11)]
    [at async transform (turbopack:///[turbopack-node]/transforms/postcss.ts?config=[project]/postcss.config.js:70:34)]
    [at async run (turbopack:///[turbopack-node]/child_process/evaluate.ts:89:23)]

Import trace:
  Client Component Browser:
    ./src/app/workspace.css [Client Component Browser]
    ./src/app/[locale]/layout.tsx [Server Component] @ http://localhost:3000/_next/static/chunks/node_modules_next_dist_1e8vcs8._.js:1052
[  167583ms] [ERROR] ./src/app/workspace.css
Error: Error evaluating Node.js code
CssSyntaxError: tailwindcss: C:\Users\janid\Downloads\mylms\lms\src\app\workspace.css:1:1: Cannot apply unknown utility class `text-body-strong`
    [at Input.error (turbopack:///[project]/node_modules/postcss/lib/input.js:135:16)]
    [at Root.error (turbopack:///[project]/node_modules/postcss/lib/node.js:166:32)]
    [at Object.Once (C:\Users\janid\Downloads\mylms\lms\node_modules\@tailwindcss\postcss\dist\index.js:10:7013)]
    [at process.processTicksAndRejections (node:internal/process/task_queues:104:5)]
    [at async LazyResult.runAsync (turbopack:///[project]/node_modules/postcss/lib/lazy-result.js:299:11)]
    [at async transform (turbopack:///[turbopack-node]/transforms/postcss.ts?config=[project]/postcss.config.js:70:34)]
    [at async run (turbopack:///[turbopack-node]/child_process/evaluate.ts:89:23)]

Import trace:
  Client Component Browser:
    ./src/app/workspace.css [Client Component Browser]
    ./src/app/[locale]/layout.tsx [Server Component] @ http://localhost:3000/_next/static/chunks/node_modules_next_dist_1e8vcs8._.js:1052
[  167646ms] [ERROR] ./src/app/workspace.css
Error: Error evaluating Node.js code
CssSyntaxError: tailwindcss: C:\Users\janid\Downloads\mylms\lms\src\app\workspace.css:1:1: Cannot apply unknown utility class `text-body-strong`
    [at Input.error (turbopack:///[project]/node_modules/postcss/lib/input.js:135:16)]
    [at Root.error (turbopack:///[project]/node_modules/postcss/lib/node.js:166:32)]
    [at Object.Once (C:\Users\janid\Downloads\mylms\lms\node_modules\@tailwindcss\postcss\dist\index.js:10:7013)]
    [at process.processTicksAndRejections (node:internal/process/task_queues:104:5)]
    [at async LazyResult.runAsync (turbopack:///[project]/node_modules/postcss/lib/lazy-result.js:299:11)]
    [at async transform (turbopack:///[turbopack-node]/transforms/postcss.ts?config=[project]/postcss.config.js:70:34)]
    [at async run (turbopack:///[turbopack-node]/child_process/evaluate.ts:89:23)]

Import trace:
  Client Component Browser:
    ./src/app/workspace.css [Client Component Browser]
    ./src/app/[locale]/layout.tsx [Server Component] @ http://localhost:3000/_next/static/chunks/node_modules_next_dist_1e8vcs8._.js:1052
[  167709ms] [ERROR] ./src/app/workspace.css
Error: Error evaluating Node.js code
CssSyntaxError: tailwindcss: C:\Users\janid\Downloads\mylms\lms\src\app\workspace.css:1:1: Cannot apply unknown utility class `text-body-strong`
    [at Input.error (turbopack:///[project]/node_modules/postcss/lib/input.js:135:16)]
    [at Root.error (turbopack:///[project]/node_modules/postcss/lib/node.js:166:32)]
    [at Object.Once (C:\Users\janid\Downloads\mylms\lms\node_modules\@tailwindcss\postcss\dist\index.js:10:7013)]
    [at process.processTicksAndRejections (node:internal/process/task_queues:104:5)]
    [at async LazyResult.runAsync (turbopack:///[project]/node_modules/postcss/lib/lazy-result.js:299:11)]
    [at async transform (turbopack:///[turbopack-node]/transforms/postcss.ts?config=[project]/postcss.config.js:70:34)]
    [at async run (turbopack:///[turbopack-node]/child_process/evaluate.ts:89:23)]

Import trace:
  Client Component Browser:
    ./src/app/workspace.css [Client Component Browser]
    ./src/app/[locale]/layout.tsx [Server Component] @ http://localhost:3000/_next/static/chunks/node_modules_next_dist_1e8vcs8._.js:1052
[  167772ms] [ERROR] ./src/app/workspace.css
Error: Error evaluating Node.js code
CssSyntaxError: tailwindcss: C:\Users\janid\Downloads\mylms\lms\src\app\workspace.css:1:1: Cannot apply unknown utility class `text-body-strong`
    [at Input.error (turbopack:///[project]/node_modules/postcss/lib/input.js:135:16)]
    [at Root.error (turbopack:///[project]/node_modules/postcss/lib/node.js:166:32)]
    [at Object.Once (C:\Users\janid\Downloads\mylms\lms\node_modules\@tailwindcss\postcss\dist\index.js:10:7013)]
    [at process.processTicksAndRejections (node:internal/process/task_queues:104:5)]
    [at async LazyResult.runAsync (turbopack:///[project]/node_modules/postcss/lib/lazy-result.js:299:11)]
    [at async transform (turbopack:///[turbopack-node]/transforms/postcss.ts?config=[project]/postcss.config.js:70:34)]
    [at async run (turbopack:///[turbopack-node]/child_process/evaluate.ts:89:23)]

Import trace:
  Client Component Browser:
    ./src/app/workspace.css [Client Component Browser]
    ./src/app/[locale]/layout.tsx [Server Component] @ http://localhost:3000/_next/static/chunks/node_modules_next_dist_1e8vcs8._.js:1052
[  167834ms] [ERROR] ./src/app/workspace.css
Error: Error evaluating Node.js code
CssSyntaxError: tailwindcss: C:\Users\janid\Downloads\mylms\lms\src\app\workspace.css:1:1: Cannot apply unknown utility class `text-body-strong`
    [at Input.error (turbopack:///[project]/node_modules/postcss/lib/input.js:135:16)]
    [at Root.error (turbopack:///[project]/node_modules/postcss/lib/node.js:166:32)]
    [at Object.Once (C:\Users\janid\Downloads\mylms\lms\node_modules\@tailwindcss\postcss\dist\index.js:10:7013)]
    [at process.processTicksAndRejections (node:internal/process/task_queues:104:5)]
    [at async LazyResult.runAsync (turbopack:///[project]/node_modules/postcss/lib/lazy-result.js:299:11)]
    [at async transform (turbopack:///[turbopack-node]/transforms/postcss.ts?config=[project]/postcss.config.js:70:34)]
    [at async run (turbopack:///[turbopack-node]/child_process/evaluate.ts:89:23)]

Import trace:
  Client Component Browser:
    ./src/app/workspace.css [Client Component Browser]
    ./src/app/[locale]/layout.tsx [Server Component] @ http://localhost:3000/_next/static/chunks/node_modules_next_dist_1e8vcs8._.js:1052
[  167898ms] [ERROR] ./src/app/workspace.css
Error: Error evaluating Node.js code
CssSyntaxError: tailwindcss: C:\Users\janid\Downloads\mylms\lms\src\app\workspace.css:1:1: Cannot apply unknown utility class `text-body-strong`
    [at Input.error (turbopack:///[project]/node_modules/postcss/lib/input.js:135:16)]
    [at Root.error (turbopack:///[project]/node_modules/postcss/lib/node.js:166:32)]
    [at Object.Once (C:\Users\janid\Downloads\mylms\lms\node_modules\@tailwindcss\postcss\dist\index.js:10:7013)]
    [at process.processTicksAndRejections (node:internal/process/task_queues:104:5)]
    [at async LazyResult.runAsync (turbopack:///[project]/node_modules/postcss/lib/lazy-result.js:299:11)]
    [at async transform (turbopack:///[turbopack-node]/transforms/postcss.ts?config=[project]/postcss.config.js:70:34)]
    [at async run (turbopack:///[turbopack-node]/child_process/evaluate.ts:89:23)]

Import trace:
  Client Component Browser:
    ./src/app/workspace.css [Client Component Browser]
    ./src/app/[locale]/layout.tsx [Server Component] @ http://localhost:3000/_next/static/chunks/node_modules_next_dist_1e8vcs8._.js:1052
[  167959ms] [ERROR] ./src/app/workspace.css
Error: Error evaluating Node.js code
CssSyntaxError: tailwindcss: C:\Users\janid\Downloads\mylms\lms\src\app\workspace.css:1:1: Cannot apply unknown utility class `text-body-strong`
    [at Input.error (turbopack:///[project]/node_modules/postcss/lib/input.js:135:16)]
    [at Root.error (turbopack:///[project]/node_modules/postcss/lib/node.js:166:32)]
    [at Object.Once (C:\Users\janid\Downloads\mylms\lms\node_modules\@tailwindcss\postcss\dist\index.js:10:7013)]
    [at process.processTicksAndRejections (node:internal/process/task_queues:104:5)]
    [at async LazyResult.runAsync (turbopack:///[project]/node_modules/postcss/lib/lazy-result.js:299:11)]
    [at async transform (turbopack:///[turbopack-node]/transforms/postcss.ts?config=[project]/postcss.config.js:70:34)]
    [at async run (turbopack:///[turbopack-node]/child_process/evaluate.ts:89:23)]

Import trace:
  Client Component Browser:
    ./src/app/workspace.css [Client Component Browser]
    ./src/app/[locale]/layout.tsx [Server Component] @ http://localhost:3000/_next/static/chunks/node_modules_next_dist_1e8vcs8._.js:1052
[  168022ms] [ERROR] ./src/app/workspace.css
Error: Error evaluating Node.js code
CssSyntaxError: tailwindcss: C:\Users\janid\Downloads\mylms\lms\src\app\workspace.css:1:1: Cannot apply unknown utility class `text-body-strong`
    [at Input.error (turbopack:///[project]/node_modules/postcss/lib/input.js:135:16)]
    [at Root.error (turbopack:///[project]/node_modules/postcss/lib/node.js:166:32)]
    [at Object.Once (C:\Users\janid\Downloads\mylms\lms\node_modules\@tailwindcss\postcss\dist\index.js:10:7013)]
    [at process.processTicksAndRejections (node:internal/process/task_queues:104:5)]
    [at async LazyResult.runAsync (turbopack:///[project]/node_modules/postcss/lib/lazy-result.js:299:11)]
    [at async transform (turbopack:///[turbopack-node]/transforms/postcss.ts?config=[project]/postcss.config.js:70:34)]
    [at async run (turbopack:///[turbopack-node]/child_process/evaluate.ts:89:23)]

Import trace:
  Client Component Browser:
    ./src/app/workspace.css [Client Component Browser]
    ./src/app/[locale]/layout.tsx [Server Component] @ http://localhost:3000/_next/static/chunks/node_modules_next_dist_1e8vcs8._.js:1052
[  168085ms] [ERROR] ./src/app/workspace.css
Error: Error evaluating Node.js code
CssSyntaxError: tailwindcss: C:\Users\janid\Downloads\mylms\lms\src\app\workspace.css:1:1: Cannot apply unknown utility class `text-body-strong`
    [at Input.error (turbopack:///[project]/node_modules/postcss/lib/input.js:135:16)]
    [at Root.error (turbopack:///[project]/node_modules/postcss/lib/node.js:166:32)]
    [at Object.Once (C:\Users\janid\Downloads\mylms\lms\node_modules\@tailwindcss\postcss\dist\index.js:10:7013)]
    [at process.processTicksAndRejections (node:internal/process/task_queues:104:5)]
    [at async LazyResult.runAsync (turbopack:///[project]/node_modules/postcss/lib/lazy-result.js:299:11)]
    [at async transform (turbopack:///[turbopack-node]/transforms/postcss.ts?config=[project]/postcss.config.js:70:34)]
    [at async run (turbopack:///[turbopack-node]/child_process/evaluate.ts:89:23)]

Import trace:
  Client Component Browser:
    ./src/app/workspace.css [Client Component Browser]
    ./src/app/[locale]/layout.tsx [Server Component] @ http://localhost:3000/_next/static/chunks/node_modules_next_dist_1e8vcs8._.js:1052
[  168147ms] [ERROR] ./src/app/workspace.css
Error: Error evaluating Node.js code
CssSyntaxError: tailwindcss: C:\Users\janid\Downloads\mylms\lms\src\app\workspace.css:1:1: Cannot apply unknown utility class `text-body-strong`
    [at Input.error (turbopack:///[project]/node_modules/postcss/lib/input.js:135:16)]
    [at Root.error (turbopack:///[project]/node_modules/postcss/lib/node.js:166:32)]
    [at Object.Once (C:\Users\janid\Downloads\mylms\lms\node_modules\@tailwindcss\postcss\dist\index.js:10:7013)]
    [at process.processTicksAndRejections (node:internal/process/task_queues:104:5)]
    [at async LazyResult.runAsync (turbopack:///[project]/node_modules/postcss/lib/lazy-result.js:299:11)]
    [at async transform (turbopack:///[turbopack-node]/transforms/postcss.ts?config=[project]/postcss.config.js:70:34)]
    [at async run (turbopack:///[turbopack-node]/child_process/evaluate.ts:89:23)]

Import trace:
  Client Component Browser:
    ./src/app/workspace.css [Client Component Browser]
    ./src/app/[locale]/layout.tsx [Server Component] @ http://localhost:3000/_next/static/chunks/node_modules_next_dist_1e8vcs8._.js:1052
[  168209ms] [ERROR] ./src/app/workspace.css
Error: Error evaluating Node.js code
CssSyntaxError: tailwindcss: C:\Users\janid\Downloads\mylms\lms\src\app\workspace.css:1:1: Cannot apply unknown utility class `text-body-strong`
    [at Input.error (turbopack:///[project]/node_modules/postcss/lib/input.js:135:16)]
    [at Root.error (turbopack:///[project]/node_modules/postcss/lib/node.js:166:32)]
    [at Object.Once (C:\Users\janid\Downloads\mylms\lms\node_modules\@tailwindcss\postcss\dist\index.js:10:7013)]
    [at process.processTicksAndRejections (node:internal/process/task_queues:104:5)]
    [at async LazyResult.runAsync (turbopack:///[project]/node_modules/postcss/lib/lazy-result.js:299:11)]
    [at async transform (turbopack:///[turbopack-node]/transforms/postcss.ts?config=[project]/postcss.config.js:70:34)]
    [at async run (turbopack:///[turbopack-node]/child_process/evaluate.ts:89:23)]

Import trace:
  Client Component Browser:
    ./src/app/workspace.css [Client Component Browser]
    ./src/app/[locale]/layout.tsx [Server Component] @ http://localhost:3000/_next/static/chunks/node_modules_next_dist_1e8vcs8._.js:1052
[  168271ms] [ERROR] ./src/app/workspace.css
Error: Error evaluating Node.js code
CssSyntaxError: tailwindcss: C:\Users\janid\Downloads\mylms\lms\src\app\workspace.css:1:1: Cannot apply unknown utility class `text-body-strong`
    [at Input.error (turbopack:///[project]/node_modules/postcss/lib/input.js:135:16)]
    [at Root.error (turbopack:///[project]/node_modules/postcss/lib/node.js:166:32)]
    [at Object.Once (C:\Users\janid\Downloads\mylms\lms\node_modules\@tailwindcss\postcss\dist\index.js:10:7013)]
    [at process.processTicksAndRejections (node:internal/process/task_queues:104:5)]
    [at async LazyResult.runAsync (turbopack:///[project]/node_modules/postcss/lib/lazy-result.js:299:11)]
    [at async transform (turbopack:///[turbopack-node]/transforms/postcss.ts?config=[project]/postcss.config.js:70:34)]
    [at async run (turbopack:///[turbopack-node]/child_process/evaluate.ts:89:23)]

Import trace:
  Client Component Browser:
    ./src/app/workspace.css [Client Component Browser]
    ./src/app/[locale]/layout.tsx [Server Component] @ http://localhost:3000/_next/static/chunks/node_modules_next_dist_1e8vcs8._.js:1052
[  168333ms] [ERROR] ./src/app/workspace.css
Error: Error evaluating Node.js code
CssSyntaxError: tailwindcss: C:\Users\janid\Downloads\mylms\lms\src\app\workspace.css:1:1: Cannot apply unknown utility class `text-body-strong`
    [at Input.error (turbopack:///[project]/node_modules/postcss/lib/input.js:135:16)]
    [at Root.error (turbopack:///[project]/node_modules/postcss/lib/node.js:166:32)]
    [at Object.Once (C:\Users\janid\Downloads\mylms\lms\node_modules\@tailwindcss\postcss\dist\index.js:10:7013)]
    [at process.processTicksAndRejections (node:internal/process/task_queues:104:5)]
    [at async LazyResult.runAsync (turbopack:///[project]/node_modules/postcss/lib/lazy-result.js:299:11)]
    [at async transform (turbopack:///[turbopack-node]/transforms/postcss.ts?config=[project]/postcss.config.js:70:34)]
    [at async run (turbopack:///[turbopack-node]/child_process/evaluate.ts:89:23)]

Import trace:
  Client Component Browser:
    ./src/app/workspace.css [Client Component Browser]
    ./src/app/[locale]/layout.tsx [Server Component] @ http://localhost:3000/_next/static/chunks/node_modules_next_dist_1e8vcs8._.js:1052
[  168396ms] [ERROR] ./src/app/workspace.css
Error: Error evaluating Node.js code
CssSyntaxError: tailwindcss: C:\Users\janid\Downloads\mylms\lms\src\app\workspace.css:1:1: Cannot apply unknown utility class `text-body-strong`
    [at Input.error (turbopack:///[project]/node_modules/postcss/lib/input.js:135:16)]
    [at Root.error (turbopack:///[project]/node_modules/postcss/lib/node.js:166:32)]
    [at Object.Once (C:\Users\janid\Downloads\mylms\lms\node_modules\@tailwindcss\postcss\dist\index.js:10:7013)]
    [at process.processTicksAndRejections (node:internal/process/task_queues:104:5)]
    [at async LazyResult.runAsync (turbopack:///[project]/node_modules/postcss/lib/lazy-result.js:299:11)]
    [at async transform (turbopack:///[turbopack-node]/transforms/postcss.ts?config=[project]/postcss.config.js:70:34)]
    [at async run (turbopack:///[turbopack-node]/child_process/evaluate.ts:89:23)]

Import trace:
  Client Component Browser:
    ./src/app/workspace.css [Client Component Browser]
    ./src/app/[locale]/layout.tsx [Server Component] @ http://localhost:3000/_next/static/chunks/node_modules_next_dist_1e8vcs8._.js:1052
[  168457ms] [ERROR] ./src/app/workspace.css
Error: Error evaluating Node.js code
CssSyntaxError: tailwindcss: C:\Users\janid\Downloads\mylms\lms\src\app\workspace.css:1:1: Cannot apply unknown utility class `text-body-strong`
    [at Input.error (turbopack:///[project]/node_modules/postcss/lib/input.js:135:16)]
    [at Root.error (turbopack:///[project]/node_modules/postcss/lib/node.js:166:32)]
    [at Object.Once (C:\Users\janid\Downloads\mylms\lms\node_modules\@tailwindcss\postcss\dist\index.js:10:7013)]
    [at process.processTicksAndRejections (node:internal/process/task_queues:104:5)]
    [at async LazyResult.runAsync (turbopack:///[project]/node_modules/postcss/lib/lazy-result.js:299:11)]
    [at async transform (turbopack:///[turbopack-node]/transforms/postcss.ts?config=[project]/postcss.config.js:70:34)]
    [at async run (turbopack:///[turbopack-node]/child_process/evaluate.ts:89:23)]

Import trace:
  Client Component Browser:
    ./src/app/workspace.css [Client Component Browser]
    ./src/app/[locale]/layout.tsx [Server Component] @ http://localhost:3000/_next/static/chunks/node_modules_next_dist_1e8vcs8._.js:1052
[  168520ms] [ERROR] ./src/app/workspace.css
Error: Error evaluating Node.js code
CssSyntaxError: tailwindcss: C:\Users\janid\Downloads\mylms\lms\src\app\workspace.css:1:1: Cannot apply unknown utility class `text-body-strong`
    [at Input.error (turbopack:///[project]/node_modules/postcss/lib/input.js:135:16)]
    [at Root.error (turbopack:///[project]/node_modules/postcss/lib/node.js:166:32)]
    [at Object.Once (C:\Users\janid\Downloads\mylms\lms\node_modules\@tailwindcss\postcss\dist\index.js:10:7013)]
    [at process.processTicksAndRejections (node:internal/process/task_queues:104:5)]
    [at async LazyResult.runAsync (turbopack:///[project]/node_modules/postcss/lib/lazy-result.js:299:11)]
    [at async transform (turbopack:///[turbopack-node]/transforms/postcss.ts?config=[project]/postcss.config.js:70:34)]
    [at async run (turbopack:///[turbopack-node]/child_process/evaluate.ts:89:23)]

Import trace:
  Client Component Browser:
    ./src/app/workspace.css [Client Component Browser]
    ./src/app/[locale]/layout.tsx [Server Component] @ http://localhost:3000/_next/static/chunks/node_modules_next_dist_1e8vcs8._.js:1052
[  168582ms] [ERROR] ./src/app/workspace.css
Error: Error evaluating Node.js code
CssSyntaxError: tailwindcss: C:\Users\janid\Downloads\mylms\lms\src\app\workspace.css:1:1: Cannot apply unknown utility class `text-body-strong`
    [at Input.error (turbopack:///[project]/node_modules/postcss/lib/input.js:135:16)]
    [at Root.error (turbopack:///[project]/node_modules/postcss/lib/node.js:166:32)]
    [at Object.Once (C:\Users\janid\Downloads\mylms\lms\node_modules\@tailwindcss\postcss\dist\index.js:10:7013)]
    [at process.processTicksAndRejections (node:internal/process/task_queues:104:5)]
    [at async LazyResult.runAsync (turbopack:///[project]/node_modules/postcss/lib/lazy-result.js:299:11)]
    [at async transform (turbopack:///[turbopack-node]/transforms/postcss.ts?config=[project]/postcss.config.js:70:34)]
    [at async run (turbopack:///[turbopack-node]/child_process/evaluate.ts:89:23)]

Import trace:
  Client Component Browser:
    ./src/app/workspace.css [Client Component Browser]
    ./src/app/[locale]/layout.tsx [Server Component] @ http://localhost:3000/_next/static/chunks/node_modules_next_dist_1e8vcs8._.js:1052
[  168646ms] [ERROR] ./src/app/workspace.css
Error: Error evaluating Node.js code
CssSyntaxError: tailwindcss: C:\Users\janid\Downloads\mylms\lms\src\app\workspace.css:1:1: Cannot apply unknown utility class `text-body-strong`
    [at Input.error (turbopack:///[project]/node_modules/postcss/lib/input.js:135:16)]
    [at Root.error (turbopack:///[project]/node_modules/postcss/lib/node.js:166:32)]
    [at Object.Once (C:\Users\janid\Downloads\mylms\lms\node_modules\@tailwindcss\postcss\dist\index.js:10:7013)]
    [at process.processTicksAndRejections (node:internal/process/task_queues:104:5)]
    [at async LazyResult.runAsync (turbopack:///[project]/node_modules/postcss/lib/lazy-result.js:299:11)]
    [at async transform (turbopack:///[turbopack-node]/transforms/postcss.ts?config=[project]/postcss.config.js:70:34)]
    [at async run (turbopack:///[turbopack-node]/child_process/evaluate.ts:89:23)]

Import trace:
  Client Component Browser:
    ./src/app/workspace.css [Client Component Browser]
    ./src/app/[locale]/layout.tsx [Server Component] @ http://localhost:3000/_next/static/chunks/node_modules_next_dist_1e8vcs8._.js:1052
[  168708ms] [ERROR] ./src/app/workspace.css
Error: Error evaluating Node.js code
CssSyntaxError: tailwindcss: C:\Users\janid\Downloads\mylms\lms\src\app\workspace.css:1:1: Cannot apply unknown utility class `text-body-strong`
    [at Input.error (turbopack:///[project]/node_modules/postcss/lib/input.js:135:16)]
    [at Root.error (turbopack:///[project]/node_modules/postcss/lib/node.js:166:32)]
    [at Object.Once (C:\Users\janid\Downloads\mylms\lms\node_modules\@tailwindcss\postcss\dist\index.js:10:7013)]
    [at process.processTicksAndRejections (node:internal/process/task_queues:104:5)]
    [at async LazyResult.runAsync (turbopack:///[project]/node_modules/postcss/lib/lazy-result.js:299:11)]
    [at async transform (turbopack:///[turbopack-node]/transforms/postcss.ts?config=[project]/postcss.config.js:70:34)]
    [at async run (turbopack:///[turbopack-node]/child_process/evaluate.ts:89:23)]

Import trace:
  Client Component Browser:
    ./src/app/workspace.css [Client Component Browser]
    ./src/app/[locale]/layout.tsx [Server Component] @ http://localhost:3000/_next/static/chunks/node_modules_next_dist_1e8vcs8._.js:1052
[  168770ms] [ERROR] ./src/app/workspace.css
Error: Error evaluating Node.js code
CssSyntaxError: tailwindcss: C:\Users\janid\Downloads\mylms\lms\src\app\workspace.css:1:1: Cannot apply unknown utility class `text-body-strong`
    [at Input.error (turbopack:///[project]/node_modules/postcss/lib/input.js:135:16)]
    [at Root.error (turbopack:///[project]/node_modules/postcss/lib/node.js:166:32)]
    [at Object.Once (C:\Users\janid\Downloads\mylms\lms\node_modules\@tailwindcss\postcss\dist\index.js:10:7013)]
    [at process.processTicksAndRejections (node:internal/process/task_queues:104:5)]
    [at async LazyResult.runAsync (turbopack:///[project]/node_modules/postcss/lib/lazy-result.js:299:11)]
    [at async transform (turbopack:///[turbopack-node]/transforms/postcss.ts?config=[project]/postcss.config.js:70:34)]
    [at async run (turbopack:///[turbopack-node]/child_process/evaluate.ts:89:23)]

Import trace:
  Client Component Browser:
    ./src/app/workspace.css [Client Component Browser]
    ./src/app/[locale]/layout.tsx [Server Component] @ http://localhost:3000/_next/static/chunks/node_modules_next_dist_1e8vcs8._.js:1052
[  169222ms] [ERROR] ./src/app/workspace.css
Error: Error evaluating Node.js code
CssSyntaxError: tailwindcss: C:\Users\janid\Downloads\mylms\lms\src\app\workspace.css:1:1: Cannot apply unknown utility class `text-body-strong`
    [at Input.error (turbopack:///[project]/node_modules/postcss/lib/input.js:135:16)]
    [at Root.error (turbopack:///[project]/node_modules/postcss/lib/node.js:166:32)]
    [at Object.Once (C:\Users\janid\Downloads\mylms\lms\node_modules\@tailwindcss\postcss\dist\index.js:10:7013)]
    [at process.processTicksAndRejections (node:internal/process/task_queues:104:5)]
    [at async LazyResult.runAsync (turbopack:///[project]/node_modules/postcss/lib/lazy-result.js:299:11)]
    [at async transform (turbopack:///[turbopack-node]/transforms/postcss.ts?config=[project]/postcss.config.js:70:34)]
    [at async run (turbopack:///[turbopack-node]/child_process/evaluate.ts:89:23)]

Import trace:
  Client Component Browser:
    ./src/app/workspace.css [Client Component Browser]
    ./src/app/[locale]/layout.tsx [Server Component] @ http://localhost:3000/_next/static/chunks/node_modules_next_dist_1e8vcs8._.js:1052
[  169284ms] [ERROR] ./src/app/workspace.css
Error: Error evaluating Node.js code
CssSyntaxError: tailwindcss: C:\Users\janid\Downloads\mylms\lms\src\app\workspace.css:1:1: Cannot apply unknown utility class `text-body-strong`
    [at Input.error (turbopack:///[project]/node_modules/postcss/lib/input.js:135:16)]
    [at Root.error (turbopack:///[project]/node_modules/postcss/lib/node.js:166:32)]
    [at Object.Once (C:\Users\janid\Downloads\mylms\lms\node_modules\@tailwindcss\postcss\dist\index.js:10:7013)]
    [at process.processTicksAndRejections (node:internal/process/task_queues:104:5)]
    [at async LazyResult.runAsync (turbopack:///[project]/node_modules/postcss/lib/lazy-result.js:299:11)]
    [at async transform (turbopack:///[turbopack-node]/transforms/postcss.ts?config=[project]/postcss.config.js:70:34)]
    [at async run (turbopack:///[turbopack-node]/child_process/evaluate.ts:89:23)]

Import trace:
  Client Component Browser:
    ./src/app/workspace.css [Client Component Browser]
    ./src/app/[locale]/layout.tsx [Server Component] @ http://localhost:3000/_next/static/chunks/node_modules_next_dist_1e8vcs8._.js:1052
[  169348ms] [ERROR] ./src/app/workspace.css
Error: Error evaluating Node.js code
CssSyntaxError: tailwindcss: C:\Users\janid\Downloads\mylms\lms\src\app\workspace.css:1:1: Cannot apply unknown utility class `text-body-strong`
    [at Input.error (turbopack:///[project]/node_modules/postcss/lib/input.js:135:16)]
    [at Root.error (turbopack:///[project]/node_modules/postcss/lib/node.js:166:32)]
    [at Object.Once (C:\Users\janid\Downloads\mylms\lms\node_modules\@tailwindcss\postcss\dist\index.js:10:7013)]
    [at process.processTicksAndRejections (node:internal/process/task_queues:104:5)]
    [at async LazyResult.runAsync (turbopack:///[project]/node_modules/postcss/lib/lazy-result.js:299:11)]
    [at async transform (turbopack:///[turbopack-node]/transforms/postcss.ts?config=[project]/postcss.config.js:70:34)]
    [at async run (turbopack:///[turbopack-node]/child_process/evaluate.ts:89:23)]

Import trace:
  Client Component Browser:
    ./src/app/workspace.css [Client Component Browser]
    ./src/app/[locale]/layout.tsx [Server Component] @ http://localhost:3000/_next/static/chunks/node_modules_next_dist_1e8vcs8._.js:1052
[  169411ms] [ERROR] ./src/app/workspace.css
Error: Error evaluating Node.js code
CssSyntaxError: tailwindcss: C:\Users\janid\Downloads\mylms\lms\src\app\workspace.css:1:1: Cannot apply unknown utility class `text-body-strong`
    [at Input.error (turbopack:///[project]/node_modules/postcss/lib/input.js:135:16)]
    [at Root.error (turbopack:///[project]/node_modules/postcss/lib/node.js:166:32)]
    [at Object.Once (C:\Users\janid\Downloads\mylms\lms\node_modules\@tailwindcss\postcss\dist\index.js:10:7013)]
    [at process.processTicksAndRejections (node:internal/process/task_queues:104:5)]
    [at async LazyResult.runAsync (turbopack:///[project]/node_modules/postcss/lib/lazy-result.js:299:11)]
    [at async transform (turbopack:///[turbopack-node]/transforms/postcss.ts?config=[project]/postcss.config.js:70:34)]
    [at async run (turbopack:///[turbopack-node]/child_process/evaluate.ts:89:23)]

Import trace:
  Client Component Browser:
    ./src/app/workspace.css [Client Component Browser]
    ./src/app/[locale]/layout.tsx [Server Component] @ http://localhost:3000/_next/static/chunks/node_modules_next_dist_1e8vcs8._.js:1052
[  169474ms] [ERROR] ./src/app/workspace.css
Error: Error evaluating Node.js code
CssSyntaxError: tailwindcss: C:\Users\janid\Downloads\mylms\lms\src\app\workspace.css:1:1: Cannot apply unknown utility class `text-body-strong`
    [at Input.error (turbopack:///[project]/node_modules/postcss/lib/input.js:135:16)]
    [at Root.error (turbopack:///[project]/node_modules/postcss/lib/node.js:166:32)]
    [at Object.Once (C:\Users\janid\Downloads\mylms\lms\node_modules\@tailwindcss\postcss\dist\index.js:10:7013)]
    [at process.processTicksAndRejections (node:internal/process/task_queues:104:5)]
    [at async LazyResult.runAsync (turbopack:///[project]/node_modules/postcss/lib/lazy-result.js:299:11)]
    [at async transform (turbopack:///[turbopack-node]/transforms/postcss.ts?config=[project]/postcss.config.js:70:34)]
    [at async run (turbopack:///[turbopack-node]/child_process/evaluate.ts:89:23)]

Import trace:
  Client Component Browser:
    ./src/app/workspace.css [Client Component Browser]
    ./src/app/[locale]/layout.tsx [Server Component] @ http://localhost:3000/_next/static/chunks/node_modules_next_dist_1e8vcs8._.js:1052
[  169538ms] [ERROR] ./src/app/workspace.css
Error: Error evaluating Node.js code
CssSyntaxError: tailwindcss: C:\Users\janid\Downloads\mylms\lms\src\app\workspace.css:1:1: Cannot apply unknown utility class `text-body-strong`
    [at Input.error (turbopack:///[project]/node_modules/postcss/lib/input.js:135:16)]
    [at Root.error (turbopack:///[project]/node_modules/postcss/lib/node.js:166:32)]
    [at Object.Once (C:\Users\janid\Downloads\mylms\lms\node_modules\@tailwindcss\postcss\dist\index.js:10:7013)]
    [at process.processTicksAndRejections (node:internal/process/task_queues:104:5)]
    [at async LazyResult.runAsync (turbopack:///[project]/node_modules/postcss/lib/lazy-result.js:299:11)]
    [at async transform (turbopack:///[turbopack-node]/transforms/postcss.ts?config=[project]/postcss.config.js:70:34)]
    [at async run (turbopack:///[turbopack-node]/child_process/evaluate.ts:89:23)]

Import trace:
  Client Component Browser:
    ./src/app/workspace.css [Client Component Browser]
    ./src/app/[locale]/layout.tsx [Server Component] @ http://localhost:3000/_next/static/chunks/node_modules_next_dist_1e8vcs8._.js:1052
[  169601ms] [ERROR] ./src/app/workspace.css
Error: Error evaluating Node.js code
CssSyntaxError: tailwindcss: C:\Users\janid\Downloads\mylms\lms\src\app\workspace.css:1:1: Cannot apply unknown utility class `text-body-strong`
    [at Input.error (turbopack:///[project]/node_modules/postcss/lib/input.js:135:16)]
    [at Root.error (turbopack:///[project]/node_modules/postcss/lib/node.js:166:32)]
    [at Object.Once (C:\Users\janid\Downloads\mylms\lms\node_modules\@tailwindcss\postcss\dist\index.js:10:7013)]
    [at process.processTicksAndRejections (node:internal/process/task_queues:104:5)]
    [at async LazyResult.runAsync (turbopack:///[project]/node_modules/postcss/lib/lazy-result.js:299:11)]
    [at async transform (turbopack:///[turbopack-node]/transforms/postcss.ts?config=[project]/postcss.config.js:70:34)]
    [at async run (turbopack:///[turbopack-node]/child_process/evaluate.ts:89:23)]

Import trace:
  Client Component Browser:
    ./src/app/workspace.css [Client Component Browser]
    ./src/app/[locale]/layout.tsx [Server Component] @ http://localhost:3000/_next/static/chunks/node_modules_next_dist_1e8vcs8._.js:1052
[  169663ms] [ERROR] ./src/app/workspace.css
Error: Error evaluating Node.js code
CssSyntaxError: tailwindcss: C:\Users\janid\Downloads\mylms\lms\src\app\workspace.css:1:1: Cannot apply unknown utility class `text-body-strong`
    [at Input.error (turbopack:///[project]/node_modules/postcss/lib/input.js:135:16)]
    [at Root.error (turbopack:///[project]/node_modules/postcss/lib/node.js:166:32)]
    [at Object.Once (C:\Users\janid\Downloads\mylms\lms\node_modules\@tailwindcss\postcss\dist\index.js:10:7013)]
    [at process.processTicksAndRejections (node:internal/process/task_queues:104:5)]
    [at async LazyResult.runAsync (turbopack:///[project]/node_modules/postcss/lib/lazy-result.js:299:11)]
    [at async transform (turbopack:///[turbopack-node]/transforms/postcss.ts?config=[project]/postcss.config.js:70:34)]
    [at async run (turbopack:///[turbopack-node]/child_process/evaluate.ts:89:23)]

Import trace:
  Client Component Browser:
    ./src/app/workspace.css [Client Component Browser]
    ./src/app/[locale]/layout.tsx [Server Component] @ http://localhost:3000/_next/static/chunks/node_modules_next_dist_1e8vcs8._.js:1052
[  169726ms] [ERROR] ./src/app/workspace.css
Error: Error evaluating Node.js code
CssSyntaxError: tailwindcss: C:\Users\janid\Downloads\mylms\lms\src\app\workspace.css:1:1: Cannot apply unknown utility class `text-body-strong`
    [at Input.error (turbopack:///[project]/node_modules/postcss/lib/input.js:135:16)]
    [at Root.error (turbopack:///[project]/node_modules/postcss/lib/node.js:166:32)]
    [at Object.Once (C:\Users\janid\Downloads\mylms\lms\node_modules\@tailwindcss\postcss\dist\index.js:10:7013)]
    [at process.processTicksAndRejections (node:internal/process/task_queues:104:5)]
    [at async LazyResult.runAsync (turbopack:///[project]/node_modules/postcss/lib/lazy-result.js:299:11)]
    [at async transform (turbopack:///[turbopack-node]/transforms/postcss.ts?config=[project]/postcss.config.js:70:34)]
    [at async run (turbopack:///[turbopack-node]/child_process/evaluate.ts:89:23)]

Import trace:
  Client Component Browser:
    ./src/app/workspace.css [Client Component Browser]
    ./src/app/[locale]/layout.tsx [Server Component] @ http://localhost:3000/_next/static/chunks/node_modules_next_dist_1e8vcs8._.js:1052
[  169791ms] [ERROR] ./src/app/workspace.css
Error: Error evaluating Node.js code
CssSyntaxError: tailwindcss: C:\Users\janid\Downloads\mylms\lms\src\app\workspace.css:1:1: Cannot apply unknown utility class `text-body-strong`
    [at Input.error (turbopack:///[project]/node_modules/postcss/lib/input.js:135:16)]
    [at Root.error (turbopack:///[project]/node_modules/postcss/lib/node.js:166:32)]
    [at Object.Once (C:\Users\janid\Downloads\mylms\lms\node_modules\@tailwindcss\postcss\dist\index.js:10:7013)]
    [at process.processTicksAndRejections (node:internal/process/task_queues:104:5)]
    [at async LazyResult.runAsync (turbopack:///[project]/node_modules/postcss/lib/lazy-result.js:299:11)]
    [at async transform (turbopack:///[turbopack-node]/transforms/postcss.ts?config=[project]/postcss.config.js:70:34)]
    [at async run (turbopack:///[turbopack-node]/child_process/evaluate.ts:89:23)]

Import trace:
  Client Component Browser:
    ./src/app/workspace.css [Client Component Browser]
    ./src/app/[locale]/layout.tsx [Server Component] @ http://localhost:3000/_next/static/chunks/node_modules_next_dist_1e8vcs8._.js:1052
[  169854ms] [ERROR] ./src/app/workspace.css
Error: Error evaluating Node.js code
CssSyntaxError: tailwindcss: C:\Users\janid\Downloads\mylms\lms\src\app\workspace.css:1:1: Cannot apply unknown utility class `text-body-strong`
    [at Input.error (turbopack:///[project]/node_modules/postcss/lib/input.js:135:16)]
    [at Root.error (turbopack:///[project]/node_modules/postcss/lib/node.js:166:32)]
    [at Object.Once (C:\Users\janid\Downloads\mylms\lms\node_modules\@tailwindcss\postcss\dist\index.js:10:7013)]
    [at process.processTicksAndRejections (node:internal/process/task_queues:104:5)]
    [at async LazyResult.runAsync (turbopack:///[project]/node_modules/postcss/lib/lazy-result.js:299:11)]
    [at async transform (turbopack:///[turbopack-node]/transforms/postcss.ts?config=[project]/postcss.config.js:70:34)]
    [at async run (turbopack:///[turbopack-node]/child_process/evaluate.ts:89:23)]

Import trace:
  Client Component Browser:
    ./src/app/workspace.css [Client Component Browser]
    ./src/app/[locale]/layout.tsx [Server Component] @ http://localhost:3000/_next/static/chunks/node_modules_next_dist_1e8vcs8._.js:1052
[  169916ms] [ERROR] ./src/app/workspace.css
Error: Error evaluating Node.js code
CssSyntaxError: tailwindcss: C:\Users\janid\Downloads\mylms\lms\src\app\workspace.css:1:1: Cannot apply unknown utility class `text-body-strong`
    [at Input.error (turbopack:///[project]/node_modules/postcss/lib/input.js:135:16)]
    [at Root.error (turbopack:///[project]/node_modules/postcss/lib/node.js:166:32)]
    [at Object.Once (C:\Users\janid\Downloads\mylms\lms\node_modules\@tailwindcss\postcss\dist\index.js:10:7013)]
    [at process.processTicksAndRejections (node:internal/process/task_queues:104:5)]
    [at async LazyResult.runAsync (turbopack:///[project]/node_modules/postcss/lib/lazy-result.js:299:11)]
    [at async transform (turbopack:///[turbopack-node]/transforms/postcss.ts?config=[project]/postcss.config.js:70:34)]
    [at async run (turbopack:///[turbopack-node]/child_process/evaluate.ts:89:23)]

Import trace:
  Client Component Browser:
    ./src/app/workspace.css [Client Component Browser]
    ./src/app/[locale]/layout.tsx [Server Component] @ http://localhost:3000/_next/static/chunks/node_modules_next_dist_1e8vcs8._.js:1052
[  169976ms] [ERROR] ./src/app/workspace.css
Error: Error evaluating Node.js code
CssSyntaxError: tailwindcss: C:\Users\janid\Downloads\mylms\lms\src\app\workspace.css:1:1: Cannot apply unknown utility class `text-body-strong`
    [at Input.error (turbopack:///[project]/node_modules/postcss/lib/input.js:135:16)]
    [at Root.error (turbopack:///[project]/node_modules/postcss/lib/node.js:166:32)]
    [at Object.Once (C:\Users\janid\Downloads\mylms\lms\node_modules\@tailwindcss\postcss\dist\index.js:10:7013)]
    [at process.processTicksAndRejections (node:internal/process/task_queues:104:5)]
    [at async LazyResult.runAsync (turbopack:///[project]/node_modules/postcss/lib/lazy-result.js:299:11)]
    [at async transform (turbopack:///[turbopack-node]/transforms/postcss.ts?config=[project]/postcss.config.js:70:34)]
    [at async run (turbopack:///[turbopack-node]/child_process/evaluate.ts:89:23)]

Import trace:
  Client Component Browser:
    ./src/app/workspace.css [Client Component Browser]
    ./src/app/[locale]/layout.tsx [Server Component] @ http://localhost:3000/_next/static/chunks/node_modules_next_dist_1e8vcs8._.js:1052
[  170041ms] [ERROR] ./src/app/workspace.css
Error: Error evaluating Node.js code
CssSyntaxError: tailwindcss: C:\Users\janid\Downloads\mylms\lms\src\app\workspace.css:1:1: Cannot apply unknown utility class `text-body-strong`
    [at Input.error (turbopack:///[project]/node_modules/postcss/lib/input.js:135:16)]
    [at Root.error (turbopack:///[project]/node_modules/postcss/lib/node.js:166:32)]
    [at Object.Once (C:\Users\janid\Downloads\mylms\lms\node_modules\@tailwindcss\postcss\dist\index.js:10:7013)]
    [at process.processTicksAndRejections (node:internal/process/task_queues:104:5)]
    [at async LazyResult.runAsync (turbopack:///[project]/node_modules/postcss/lib/lazy-result.js:299:11)]
    [at async transform (turbopack:///[turbopack-node]/transforms/postcss.ts?config=[project]/postcss.config.js:70:34)]
    [at async run (turbopack:///[turbopack-node]/child_process/evaluate.ts:89:23)]

Import trace:
  Client Component Browser:
    ./src/app/workspace.css [Client Component Browser]
    ./src/app/[locale]/layout.tsx [Server Component] @ http://localhost:3000/_next/static/chunks/node_modules_next_dist_1e8vcs8._.js:1052
[  170101ms] [ERROR] ./src/app/workspace.css
Error: Error evaluating Node.js code
CssSyntaxError: tailwindcss: C:\Users\janid\Downloads\mylms\lms\src\app\workspace.css:1:1: Cannot apply unknown utility class `text-body-strong`
    [at Input.error (turbopack:///[project]/node_modules/postcss/lib/input.js:135:16)]
    [at Root.error (turbopack:///[project]/node_modules/postcss/lib/node.js:166:32)]
    [at Object.Once (C:\Users\janid\Downloads\mylms\lms\node_modules\@tailwindcss\postcss\dist\index.js:10:7013)]
    [at process.processTicksAndRejections (node:internal/process/task_queues:104:5)]
    [at async LazyResult.runAsync (turbopack:///[project]/node_modules/postcss/lib/lazy-result.js:299:11)]
    [at async transform (turbopack:///[turbopack-node]/transforms/postcss.ts?config=[project]/postcss.config.js:70:34)]
    [at async run (turbopack:///[turbopack-node]/child_process/evaluate.ts:89:23)]

Import trace:
  Client Component Browser:
    ./src/app/workspace.css [Client Component Browser]
    ./src/app/[locale]/layout.tsx [Server Component] @ http://localhost:3000/_next/static/chunks/node_modules_next_dist_1e8vcs8._.js:1052
[  170165ms] [ERROR] ./src/app/workspace.css
Error: Error evaluating Node.js code
CssSyntaxError: tailwindcss: C:\Users\janid\Downloads\mylms\lms\src\app\workspace.css:1:1: Cannot apply unknown utility class `text-body-strong`
    [at Input.error (turbopack:///[project]/node_modules/postcss/lib/input.js:135:16)]
    [at Root.error (turbopack:///[project]/node_modules/postcss/lib/node.js:166:32)]
    [at Object.Once (C:\Users\janid\Downloads\mylms\lms\node_modules\@tailwindcss\postcss\dist\index.js:10:7013)]
    [at process.processTicksAndRejections (node:internal/process/task_queues:104:5)]
    [at async LazyResult.runAsync (turbopack:///[project]/node_modules/postcss/lib/lazy-result.js:299:11)]
    [at async transform (turbopack:///[turbopack-node]/transforms/postcss.ts?config=[project]/postcss.config.js:70:34)]
    [at async run (turbopack:///[turbopack-node]/child_process/evaluate.ts:89:23)]

Import trace:
  Client Component Browser:
    ./src/app/workspace.css [Client Component Browser]
    ./src/app/[locale]/layout.tsx [Server Component] @ http://localhost:3000/_next/static/chunks/node_modules_next_dist_1e8vcs8._.js:1052
[  170225ms] [ERROR] ./src/app/workspace.css
Error: Error evaluating Node.js code
CssSyntaxError: tailwindcss: C:\Users\janid\Downloads\mylms\lms\src\app\workspace.css:1:1: Cannot apply unknown utility class `text-body-strong`
    [at Input.error (turbopack:///[project]/node_modules/postcss/lib/input.js:135:16)]
    [at Root.error (turbopack:///[project]/node_modules/postcss/lib/node.js:166:32)]
    [at Object.Once (C:\Users\janid\Downloads\mylms\lms\node_modules\@tailwindcss\postcss\dist\index.js:10:7013)]
    [at process.processTicksAndRejections (node:internal/process/task_queues:104:5)]
    [at async LazyResult.runAsync (turbopack:///[project]/node_modules/postcss/lib/lazy-result.js:299:11)]
    [at async transform (turbopack:///[turbopack-node]/transforms/postcss.ts?config=[project]/postcss.config.js:70:34)]
    [at async run (turbopack:///[turbopack-node]/child_process/evaluate.ts:89:23)]

Import trace:
  Client Component Browser:
    ./src/app/workspace.css [Client Component Browser]
    ./src/app/[locale]/layout.tsx [Server Component] @ http://localhost:3000/_next/static/chunks/node_modules_next_dist_1e8vcs8._.js:1052
[  170345ms] [ERROR] ./src/app/workspace.css
Error: Error evaluating Node.js code
CssSyntaxError: tailwindcss: C:\Users\janid\Downloads\mylms\lms\src\app\workspace.css:1:1: Cannot apply unknown utility class `text-body-strong`
    [at Input.error (turbopack:///[project]/node_modules/postcss/lib/input.js:135:16)]
    [at Root.error (turbopack:///[project]/node_modules/postcss/lib/node.js:166:32)]
    [at Object.Once (C:\Users\janid\Downloads\mylms\lms\node_modules\@tailwindcss\postcss\dist\index.js:10:7013)]
    [at process.processTicksAndRejections (node:internal/process/task_queues:104:5)]
    [at async LazyResult.runAsync (turbopack:///[project]/node_modules/postcss/lib/lazy-result.js:299:11)]
    [at async transform (turbopack:///[turbopack-node]/transforms/postcss.ts?config=[project]/postcss.config.js:70:34)]
    [at async run (turbopack:///[turbopack-node]/child_process/evaluate.ts:89:23)]

Import trace:
  Client Component Browser:
    ./src/app/workspace.css [Client Component Browser]
    ./src/app/[locale]/layout.tsx [Server Component] @ http://localhost:3000/_next/static/chunks/node_modules_next_dist_1e8vcs8._.js:1052
[  170404ms] [ERROR] ./src/app/workspace.css
Error: Error evaluating Node.js code
CssSyntaxError: tailwindcss: C:\Users\janid\Downloads\mylms\lms\src\app\workspace.css:1:1: Cannot apply unknown utility class `text-body-strong`
    [at Input.error (turbopack:///[project]/node_modules/postcss/lib/input.js:135:16)]
    [at Root.error (turbopack:///[project]/node_modules/postcss/lib/node.js:166:32)]
    [at Object.Once (C:\Users\janid\Downloads\mylms\lms\node_modules\@tailwindcss\postcss\dist\index.js:10:7013)]
    [at process.processTicksAndRejections (node:internal/process/task_queues:104:5)]
    [at async LazyResult.runAsync (turbopack:///[project]/node_modules/postcss/lib/lazy-result.js:299:11)]
    [at async transform (turbopack:///[turbopack-node]/transforms/postcss.ts?config=[project]/postcss.config.js:70:34)]
    [at async run (turbopack:///[turbopack-node]/child_process/evaluate.ts:89:23)]

Import trace:
  Client Component Browser:
    ./src/app/workspace.css [Client Component Browser]
    ./src/app/[locale]/layout.tsx [Server Component] @ http://localhost:3000/_next/static/chunks/node_modules_next_dist_1e8vcs8._.js:1052
[  170471ms] [ERROR] ./src/app/workspace.css
Error: Error evaluating Node.js code
CssSyntaxError: tailwindcss: C:\Users\janid\Downloads\mylms\lms\src\app\workspace.css:1:1: Cannot apply unknown utility class `text-body-strong`
    [at Input.error (turbopack:///[project]/node_modules/postcss/lib/input.js:135:16)]
    [at Root.error (turbopack:///[project]/node_modules/postcss/lib/node.js:166:32)]
    [at Object.Once (C:\Users\janid\Downloads\mylms\lms\node_modules\@tailwindcss\postcss\dist\index.js:10:7013)]
    [at process.processTicksAndRejections (node:internal/process/task_queues:104:5)]
    [at async LazyResult.runAsync (turbopack:///[project]/node_modules/postcss/lib/lazy-result.js:299:11)]
    [at async transform (turbopack:///[turbopack-node]/transforms/postcss.ts?config=[project]/postcss.config.js:70:34)]
    [at async run (turbopack:///[turbopack-node]/child_process/evaluate.ts:89:23)]

Import trace:
  Client Component Browser:
    ./src/app/workspace.css [Client Component Browser]
    ./src/app/[locale]/layout.tsx [Server Component] @ http://localhost:3000/_next/static/chunks/node_modules_next_dist_1e8vcs8._.js:1052
[  170551ms] [ERROR] ./src/app/workspace.css
Error: Error evaluating Node.js code
CssSyntaxError: tailwindcss: C:\Users\janid\Downloads\mylms\lms\src\app\workspace.css:1:1: Cannot apply unknown utility class `text-body-strong`
    [at Input.error (turbopack:///[project]/node_modules/postcss/lib/input.js:135:16)]
    [at Root.error (turbopack:///[project]/node_modules/postcss/lib/node.js:166:32)]
    [at Object.Once (C:\Users\janid\Downloads\mylms\lms\node_modules\@tailwindcss\postcss\dist\index.js:10:7013)]
    [at process.processTicksAndRejections (node:internal/process/task_queues:104:5)]
    [at async LazyResult.runAsync (turbopack:///[project]/node_modules/postcss/lib/lazy-result.js:299:11)]
    [at async transform (turbopack:///[turbopack-node]/transforms/postcss.ts?config=[project]/postcss.config.js:70:34)]
    [at async run (turbopack:///[turbopack-node]/child_process/evaluate.ts:89:23)]

Import trace:
  Client Component Browser:
    ./src/app/workspace.css [Client Component Browser]
    ./src/app/[locale]/layout.tsx [Server Component] @ http://localhost:3000/_next/static/chunks/node_modules_next_dist_1e8vcs8._.js:1052
[  170634ms] [ERROR] ./src/app/workspace.css
Error: Error evaluating Node.js code
CssSyntaxError: tailwindcss: C:\Users\janid\Downloads\mylms\lms\src\app\workspace.css:1:1: Cannot apply unknown utility class `text-body-strong`
    [at Input.error (turbopack:///[project]/node_modules/postcss/lib/input.js:135:16)]
    [at Root.error (turbopack:///[project]/node_modules/postcss/lib/node.js:166:32)]
    [at Object.Once (C:\Users\janid\Downloads\mylms\lms\node_modules\@tailwindcss\postcss\dist\index.js:10:7013)]
    [at process.processTicksAndRejections (node:internal/process/task_queues:104:5)]
    [at async LazyResult.runAsync (turbopack:///[project]/node_modules/postcss/lib/lazy-result.js:299:11)]
    [at async transform (turbopack:///[turbopack-node]/transforms/postcss.ts?config=[project]/postcss.config.js:70:34)]
    [at async run (turbopack:///[turbopack-node]/child_process/evaluate.ts:89:23)]

Import trace:
  Client Component Browser:
    ./src/app/workspace.css [Client Component Browser]
    ./src/app/[locale]/layout.tsx [Server Component] @ http://localhost:3000/_next/static/chunks/node_modules_next_dist_1e8vcs8._.js:1052
[  170700ms] [ERROR] ./src/app/workspace.css
Error: Error evaluating Node.js code
CssSyntaxError: tailwindcss: C:\Users\janid\Downloads\mylms\lms\src\app\workspace.css:1:1: Cannot apply unknown utility class `text-body-strong`
    [at Input.error (turbopack:///[project]/node_modules/postcss/lib/input.js:135:16)]
    [at Root.error (turbopack:///[project]/node_modules/postcss/lib/node.js:166:32)]
    [at Object.Once (C:\Users\janid\Downloads\mylms\lms\node_modules\@tailwindcss\postcss\dist\index.js:10:7013)]
    [at process.processTicksAndRejections (node:internal/process/task_queues:104:5)]
    [at async LazyResult.runAsync (turbopack:///[project]/node_modules/postcss/lib/lazy-result.js:299:11)]
    [at async transform (turbopack:///[turbopack-node]/transforms/postcss.ts?config=[project]/postcss.config.js:70:34)]
    [at async run (turbopack:///[turbopack-node]/child_process/evaluate.ts:89:23)]

Import trace:
  Client Component Browser:
    ./src/app/workspace.css [Client Component Browser]
    ./src/app/[locale]/layout.tsx [Server Component] @ http://localhost:3000/_next/static/chunks/node_modules_next_dist_1e8vcs8._.js:1052
[  170762ms] [ERROR] ./src/app/workspace.css
Error: Error evaluating Node.js code
CssSyntaxError: tailwindcss: C:\Users\janid\Downloads\mylms\lms\src\app\workspace.css:1:1: Cannot apply unknown utility class `text-body-strong`
    [at Input.error (turbopack:///[project]/node_modules/postcss/lib/input.js:135:16)]
    [at Root.error (turbopack:///[project]/node_modules/postcss/lib/node.js:166:32)]
    [at Object.Once (C:\Users\janid\Downloads\mylms\lms\node_modules\@tailwindcss\postcss\dist\index.js:10:7013)]
    [at process.processTicksAndRejections (node:internal/process/task_queues:104:5)]
    [at async LazyResult.runAsync (turbopack:///[project]/node_modules/postcss/lib/lazy-result.js:299:11)]
    [at async transform (turbopack:///[turbopack-node]/transforms/postcss.ts?config=[project]/postcss.config.js:70:34)]
    [at async run (turbopack:///[turbopack-node]/child_process/evaluate.ts:89:23)]

Import trace:
  Client Component Browser:
    ./src/app/workspace.css [Client Component Browser]
    ./src/app/[locale]/layout.tsx [Server Component] @ http://localhost:3000/_next/static/chunks/node_modules_next_dist_1e8vcs8._.js:1052
[  170824ms] [ERROR] ./src/app/workspace.css
Error: Error evaluating Node.js code
CssSyntaxError: tailwindcss: C:\Users\janid\Downloads\mylms\lms\src\app\workspace.css:1:1: Cannot apply unknown utility class `text-body-strong`
    [at Input.error (turbopack:///[project]/node_modules/postcss/lib/input.js:135:16)]
    [at Root.error (turbopack:///[project]/node_modules/postcss/lib/node.js:166:32)]
    [at Object.Once (C:\Users\janid\Downloads\mylms\lms\node_modules\@tailwindcss\postcss\dist\index.js:10:7013)]
    [at process.processTicksAndRejections (node:internal/process/task_queues:104:5)]
    [at async LazyResult.runAsync (turbopack:///[project]/node_modules/postcss/lib/lazy-result.js:299:11)]
    [at async transform (turbopack:///[turbopack-node]/transforms/postcss.ts?config=[project]/postcss.config.js:70:34)]
    [at async run (turbopack:///[turbopack-node]/child_process/evaluate.ts:89:23)]

Import trace:
  Client Component Browser:
    ./src/app/workspace.css [Client Component Browser]
    ./src/app/[locale]/layout.tsx [Server Component] @ http://localhost:3000/_next/static/chunks/node_modules_next_dist_1e8vcs8._.js:1052
[  170887ms] [ERROR] ./src/app/workspace.css
Error: Error evaluating Node.js code
CssSyntaxError: tailwindcss: C:\Users\janid\Downloads\mylms\lms\src\app\workspace.css:1:1: Cannot apply unknown utility class `text-body-strong`
    [at Input.error (turbopack:///[project]/node_modules/postcss/lib/input.js:135:16)]
    [at Root.error (turbopack:///[project]/node_modules/postcss/lib/node.js:166:32)]
    [at Object.Once (C:\Users\janid\Downloads\mylms\lms\node_modules\@tailwindcss\postcss\dist\index.js:10:7013)]
    [at process.processTicksAndRejections (node:internal/process/task_queues:104:5)]
    [at async LazyResult.runAsync (turbopack:///[project]/node_modules/postcss/lib/lazy-result.js:299:11)]
    [at async transform (turbopack:///[turbopack-node]/transforms/postcss.ts?config=[project]/postcss.config.js:70:34)]
    [at async run (turbopack:///[turbopack-node]/child_process/evaluate.ts:89:23)]

Import trace:
  Client Component Browser:
    ./src/app/workspace.css [Client Component Browser]
    ./src/app/[locale]/layout.tsx [Server Component] @ http://localhost:3000/_next/static/chunks/node_modules_next_dist_1e8vcs8._.js:1052
[  170950ms] [ERROR] ./src/app/workspace.css
Error: Error evaluating Node.js code
CssSyntaxError: tailwindcss: C:\Users\janid\Downloads\mylms\lms\src\app\workspace.css:1:1: Cannot apply unknown utility class `text-body-strong`
    [at Input.error (turbopack:///[project]/node_modules/postcss/lib/input.js:135:16)]
    [at Root.error (turbopack:///[project]/node_modules/postcss/lib/node.js:166:32)]
    [at Object.Once (C:\Users\janid\Downloads\mylms\lms\node_modules\@tailwindcss\postcss\dist\index.js:10:7013)]
    [at process.processTicksAndRejections (node:internal/process/task_queues:104:5)]
    [at async LazyResult.runAsync (turbopack:///[project]/node_modules/postcss/lib/lazy-result.js:299:11)]
    [at async transform (turbopack:///[turbopack-node]/transforms/postcss.ts?config=[project]/postcss.config.js:70:34)]
    [at async run (turbopack:///[turbopack-node]/child_process/evaluate.ts:89:23)]

Import trace:
  Client Component Browser:
    ./src/app/workspace.css [Client Component Browser]
    ./src/app/[locale]/layout.tsx [Server Component] @ http://localhost:3000/_next/static/chunks/node_modules_next_dist_1e8vcs8._.js:1052
[  171012ms] [ERROR] ./src/app/workspace.css
Error: Error evaluating Node.js code
CssSyntaxError: tailwindcss: C:\Users\janid\Downloads\mylms\lms\src\app\workspace.css:1:1: Cannot apply unknown utility class `text-body-strong`
    [at Input.error (turbopack:///[project]/node_modules/postcss/lib/input.js:135:16)]
    [at Root.error (turbopack:///[project]/node_modules/postcss/lib/node.js:166:32)]
    [at Object.Once (C:\Users\janid\Downloads\mylms\lms\node_modules\@tailwindcss\postcss\dist\index.js:10:7013)]
    [at process.processTicksAndRejections (node:internal/process/task_queues:104:5)]
    [at async LazyResult.runAsync (turbopack:///[project]/node_modules/postcss/lib/lazy-result.js:299:11)]
    [at async transform (turbopack:///[turbopack-node]/transforms/postcss.ts?config=[project]/postcss.config.js:70:34)]
    [at async run (turbopack:///[turbopack-node]/child_process/evaluate.ts:89:23)]

Import trace:
  Client Component Browser:
    ./src/app/workspace.css [Client Component Browser]
    ./src/app/[locale]/layout.tsx [Server Component] @ http://localhost:3000/_next/static/chunks/node_modules_next_dist_1e8vcs8._.js:1052
[  171073ms] [ERROR] ./src/app/workspace.css
Error: Error evaluating Node.js code
CssSyntaxError: tailwindcss: C:\Users\janid\Downloads\mylms\lms\src\app\workspace.css:1:1: Cannot apply unknown utility class `text-body-strong`
    [at Input.error (turbopack:///[project]/node_modules/postcss/lib/input.js:135:16)]
    [at Root.error (turbopack:///[project]/node_modules/postcss/lib/node.js:166:32)]
    [at Object.Once (C:\Users\janid\Downloads\mylms\lms\node_modules\@tailwindcss\postcss\dist\index.js:10:7013)]
    [at process.processTicksAndRejections (node:internal/process/task_queues:104:5)]
    [at async LazyResult.runAsync (turbopack:///[project]/node_modules/postcss/lib/lazy-result.js:299:11)]
    [at async transform (turbopack:///[turbopack-node]/transforms/postcss.ts?config=[project]/postcss.config.js:70:34)]
    [at async run (turbopack:///[turbopack-node]/child_process/evaluate.ts:89:23)]

Import trace:
  Client Component Browser:
    ./src/app/workspace.css [Client Component Browser]
    ./src/app/[locale]/layout.tsx [Server Component] @ http://localhost:3000/_next/static/chunks/node_modules_next_dist_1e8vcs8._.js:1052
[  171136ms] [ERROR] ./src/app/workspace.css
Error: Error evaluating Node.js code
CssSyntaxError: tailwindcss: C:\Users\janid\Downloads\mylms\lms\src\app\workspace.css:1:1: Cannot apply unknown utility class `text-body-strong`
    [at Input.error (turbopack:///[project]/node_modules/postcss/lib/input.js:135:16)]
    [at Root.error (turbopack:///[project]/node_modules/postcss/lib/node.js:166:32)]
    [at Object.Once (C:\Users\janid\Downloads\mylms\lms\node_modules\@tailwindcss\postcss\dist\index.js:10:7013)]
    [at process.processTicksAndRejections (node:internal/process/task_queues:104:5)]
    [at async LazyResult.runAsync (turbopack:///[project]/node_modules/postcss/lib/lazy-result.js:299:11)]
    [at async transform (turbopack:///[turbopack-node]/transforms/postcss.ts?config=[project]/postcss.config.js:70:34)]
    [at async run (turbopack:///[turbopack-node]/child_process/evaluate.ts:89:23)]

Import trace:
  Client Component Browser:
    ./src/app/workspace.css [Client Component Browser]
    ./src/app/[locale]/layout.tsx [Server Component] @ http://localhost:3000/_next/static/chunks/node_modules_next_dist_1e8vcs8._.js:1052
[  171199ms] [ERROR] ./src/app/workspace.css
Error: Error evaluating Node.js code
CssSyntaxError: tailwindcss: C:\Users\janid\Downloads\mylms\lms\src\app\workspace.css:1:1: Cannot apply unknown utility class `text-body-strong`
    [at Input.error (turbopack:///[project]/node_modules/postcss/lib/input.js:135:16)]
    [at Root.error (turbopack:///[project]/node_modules/postcss/lib/node.js:166:32)]
    [at Object.Once (C:\Users\janid\Downloads\mylms\lms\node_modules\@tailwindcss\postcss\dist\index.js:10:7013)]
    [at process.processTicksAndRejections (node:internal/process/task_queues:104:5)]
    [at async LazyResult.runAsync (turbopack:///[project]/node_modules/postcss/lib/lazy-result.js:299:11)]
    [at async transform (turbopack:///[turbopack-node]/transforms/postcss.ts?config=[project]/postcss.config.js:70:34)]
    [at async run (turbopack:///[turbopack-node]/child_process/evaluate.ts:89:23)]

Import trace:
  Client Component Browser:
    ./src/app/workspace.css [Client Component Browser]
    ./src/app/[locale]/layout.tsx [Server Component] @ http://localhost:3000/_next/static/chunks/node_modules_next_dist_1e8vcs8._.js:1052
[  171267ms] [ERROR] ./src/app/workspace.css
Error: Error evaluating Node.js code
CssSyntaxError: tailwindcss: C:\Users\janid\Downloads\mylms\lms\src\app\workspace.css:1:1: Cannot apply unknown utility class `text-body-strong`
    [at Input.error (turbopack:///[project]/node_modules/postcss/lib/input.js:135:16)]
    [at Root.error (turbopack:///[project]/node_modules/postcss/lib/node.js:166:32)]
    [at Object.Once (C:\Users\janid\Downloads\mylms\lms\node_modules\@tailwindcss\postcss\dist\index.js:10:7013)]
    [at process.processTicksAndRejections (node:internal/process/task_queues:104:5)]
    [at async LazyResult.runAsync (turbopack:///[project]/node_modules/postcss/lib/lazy-result.js:299:11)]
    [at async transform (turbopack:///[turbopack-node]/transforms/postcss.ts?config=[project]/postcss.config.js:70:34)]
    [at async run (turbopack:///[turbopack-node]/child_process/evaluate.ts:89:23)]

Import trace:
  Client Component Browser:
    ./src/app/workspace.css [Client Component Browser]
    ./src/app/[locale]/layout.tsx [Server Component] @ http://localhost:3000/_next/static/chunks/node_modules_next_dist_1e8vcs8._.js:1052
[  171336ms] [ERROR] ./src/app/workspace.css
Error: Error evaluating Node.js code
CssSyntaxError: tailwindcss: C:\Users\janid\Downloads\mylms\lms\src\app\workspace.css:1:1: Cannot apply unknown utility class `text-body-strong`
    [at Input.error (turbopack:///[project]/node_modules/postcss/lib/input.js:135:16)]
    [at Root.error (turbopack:///[project]/node_modules/postcss/lib/node.js:166:32)]
    [at Object.Once (C:\Users\janid\Downloads\mylms\lms\node_modules\@tailwindcss\postcss\dist\index.js:10:7013)]
    [at process.processTicksAndRejections (node:internal/process/task_queues:104:5)]
    [at async LazyResult.runAsync (turbopack:///[project]/node_modules/postcss/lib/lazy-result.js:299:11)]
    [at async transform (turbopack:///[turbopack-node]/transforms/postcss.ts?config=[project]/postcss.config.js:70:34)]
    [at async run (turbopack:///[turbopack-node]/child_process/evaluate.ts:89:23)]

Import trace:
  Client Component Browser:
    ./src/app/workspace.css [Client Component Browser]
    ./src/app/[locale]/layout.tsx [Server Component] @ http://localhost:3000/_next/static/chunks/node_modules_next_dist_1e8vcs8._.js:1052
[  171421ms] [ERROR] ./src/app/workspace.css
Error: Error evaluating Node.js code
CssSyntaxError: tailwindcss: C:\Users\janid\Downloads\mylms\lms\src\app\workspace.css:1:1: Cannot apply unknown utility class `text-body-strong`
    [at Input.error (turbopack:///[project]/node_modules/postcss/lib/input.js:135:16)]
    [at Root.error (turbopack:///[project]/node_modules/postcss/lib/node.js:166:32)]
    [at Object.Once (C:\Users\janid\Downloads\mylms\lms\node_modules\@tailwindcss\postcss\dist\index.js:10:7013)]
    [at process.processTicksAndRejections (node:internal/process/task_queues:104:5)]
    [at async LazyResult.runAsync (turbopack:///[project]/node_modules/postcss/lib/lazy-result.js:299:11)]
    [at async transform (turbopack:///[turbopack-node]/transforms/postcss.ts?config=[project]/postcss.config.js:70:34)]
    [at async run (turbopack:///[turbopack-node]/child_process/evaluate.ts:89:23)]

Import trace:
  Client Component Browser:
    ./src/app/workspace.css [Client Component Browser]
    ./src/app/[locale]/layout.tsx [Server Component] @ http://localhost:3000/_next/static/chunks/node_modules_next_dist_1e8vcs8._.js:1052
[  171505ms] [ERROR] ./src/app/workspace.css
Error: Error evaluating Node.js code
CssSyntaxError: tailwindcss: C:\Users\janid\Downloads\mylms\lms\src\app\workspace.css:1:1: Cannot apply unknown utility class `text-body-strong`
    [at Input.error (turbopack:///[project]/node_modules/postcss/lib/input.js:135:16)]
    [at Root.error (turbopack:///[project]/node_modules/postcss/lib/node.js:166:32)]
    [at Object.Once (C:\Users\janid\Downloads\mylms\lms\node_modules\@tailwindcss\postcss\dist\index.js:10:7013)]
    [at process.processTicksAndRejections (node:internal/process/task_queues:104:5)]
    [at async LazyResult.runAsync (turbopack:///[project]/node_modules/postcss/lib/lazy-result.js:299:11)]
    [at async transform (turbopack:///[turbopack-node]/transforms/postcss.ts?config=[project]/postcss.config.js:70:34)]
    [at async run (turbopack:///[turbopack-node]/child_process/evaluate.ts:89:23)]

Import trace:
  Client Component Browser:
    ./src/app/workspace.css [Client Component Browser]
    ./src/app/[locale]/layout.tsx [Server Component] @ http://localhost:3000/_next/static/chunks/node_modules_next_dist_1e8vcs8._.js:1052
[  171579ms] [ERROR] ./src/app/workspace.css
Error: Error evaluating Node.js code
CssSyntaxError: tailwindcss: C:\Users\janid\Downloads\mylms\lms\src\app\workspace.css:1:1: Cannot apply unknown utility class `text-body-strong`
    [at Input.error (turbopack:///[project]/node_modules/postcss/lib/input.js:135:16)]
    [at Root.error (turbopack:///[project]/node_modules/postcss/lib/node.js:166:32)]
    [at Object.Once (C:\Users\janid\Downloads\mylms\lms\node_modules\@tailwindcss\postcss\dist\index.js:10:7013)]
    [at process.processTicksAndRejections (node:internal/process/task_queues:104:5)]
    [at async LazyResult.runAsync (turbopack:///[project]/node_modules/postcss/lib/lazy-result.js:299:11)]
    [at async transform (turbopack:///[turbopack-node]/transforms/postcss.ts?config=[project]/postcss.config.js:70:34)]
    [at async run (turbopack:///[turbopack-node]/child_process/evaluate.ts:89:23)]

Import trace:
  Client Component Browser:
    ./src/app/workspace.css [Client Component Browser]
    ./src/app/[locale]/layout.tsx [Server Component] @ http://localhost:3000/_next/static/chunks/node_modules_next_dist_1e8vcs8._.js:1052
[  171641ms] [ERROR] ./src/app/workspace.css
Error: Error evaluating Node.js code
CssSyntaxError: tailwindcss: C:\Users\janid\Downloads\mylms\lms\src\app\workspace.css:1:1: Cannot apply unknown utility class `text-body-strong`
    [at Input.error (turbopack:///[project]/node_modules/postcss/lib/input.js:135:16)]
    [at Root.error (turbopack:///[project]/node_modules/postcss/lib/node.js:166:32)]
    [at Object.Once (C:\Users\janid\Downloads\mylms\lms\node_modules\@tailwindcss\postcss\dist\index.js:10:7013)]
    [at process.processTicksAndRejections (node:internal/process/task_queues:104:5)]
    [at async LazyResult.runAsync (turbopack:///[project]/node_modules/postcss/lib/lazy-result.js:299:11)]
    [at async transform (turbopack:///[turbopack-node]/transforms/postcss.ts?config=[project]/postcss.config.js:70:34)]
    [at async run (turbopack:///[turbopack-node]/child_process/evaluate.ts:89:23)]

Import trace:
  Client Component Browser:
    ./src/app/workspace.css [Client Component Browser]
    ./src/app/[locale]/layout.tsx [Server Component] @ http://localhost:3000/_next/static/chunks/node_modules_next_dist_1e8vcs8._.js:1052
[  171723ms] [ERROR] ./src/app/workspace.css
Error: Error evaluating Node.js code
CssSyntaxError: tailwindcss: C:\Users\janid\Downloads\mylms\lms\src\app\workspace.css:1:1: Cannot apply unknown utility class `text-body-strong`
    [at Input.error (turbopack:///[project]/node_modules/postcss/lib/input.js:135:16)]
    [at Root.error (turbopack:///[project]/node_modules/postcss/lib/node.js:166:32)]
    [at Object.Once (C:\Users\janid\Downloads\mylms\lms\node_modules\@tailwindcss\postcss\dist\index.js:10:7013)]
    [at process.processTicksAndRejections (node:internal/process/task_queues:104:5)]
    [at async LazyResult.runAsync (turbopack:///[project]/node_modules/postcss/lib/lazy-result.js:299:11)]
    [at async transform (turbopack:///[turbopack-node]/transforms/postcss.ts?config=[project]/postcss.config.js:70:34)]
    [at async run (turbopack:///[turbopack-node]/child_process/evaluate.ts:89:23)]

Import trace:
  Client Component Browser:
    ./src/app/workspace.css [Client Component Browser]
    ./src/app/[locale]/layout.tsx [Server Component] @ http://localhost:3000/_next/static/chunks/node_modules_next_dist_1e8vcs8._.js:1052
[  171807ms] [ERROR] ./src/app/workspace.css
Error: Error evaluating Node.js code
CssSyntaxError: tailwindcss: C:\Users\janid\Downloads\mylms\lms\src\app\workspace.css:1:1: Cannot apply unknown utility class `text-body-strong`
    [at Input.error (turbopack:///[project]/node_modules/postcss/lib/input.js:135:16)]
    [at Root.error (turbopack:///[project]/node_modules/postcss/lib/node.js:166:32)]
    [at Object.Once (C:\Users\janid\Downloads\mylms\lms\node_modules\@tailwindcss\postcss\dist\index.js:10:7013)]
    [at process.processTicksAndRejections (node:internal/process/task_queues:104:5)]
    [at async LazyResult.runAsync (turbopack:///[project]/node_modules/postcss/lib/lazy-result.js:299:11)]
    [at async transform (turbopack:///[turbopack-node]/transforms/postcss.ts?config=[project]/postcss.config.js:70:34)]
    [at async run (turbopack:///[turbopack-node]/child_process/evaluate.ts:89:23)]

Import trace:
  Client Component Browser:
    ./src/app/workspace.css [Client Component Browser]
    ./src/app/[locale]/layout.tsx [Server Component] @ http://localhost:3000/_next/static/chunks/node_modules_next_dist_1e8vcs8._.js:1052
[  171892ms] [ERROR] ./src/app/workspace.css
Error: Error evaluating Node.js code
CssSyntaxError: tailwindcss: C:\Users\janid\Downloads\mylms\lms\src\app\workspace.css:1:1: Cannot apply unknown utility class `text-body-strong`
    [at Input.error (turbopack:///[project]/node_modules/postcss/lib/input.js:135:16)]
    [at Root.error (turbopack:///[project]/node_modules/postcss/lib/node.js:166:32)]
    [at Object.Once (C:\Users\janid\Downloads\mylms\lms\node_modules\@tailwindcss\postcss\dist\index.js:10:7013)]
    [at process.processTicksAndRejections (node:internal/process/task_queues:104:5)]
    [at async LazyResult.runAsync (turbopack:///[project]/node_modules/postcss/lib/lazy-result.js:299:11)]
    [at async transform (turbopack:///[turbopack-node]/transforms/postcss.ts?config=[project]/postcss.config.js:70:34)]
    [at async run (turbopack:///[turbopack-node]/child_process/evaluate.ts:89:23)]

Import trace:
  Client Component Browser:
    ./src/app/workspace.css [Client Component Browser]
    ./src/app/[locale]/layout.tsx [Server Component] @ http://localhost:3000/_next/static/chunks/node_modules_next_dist_1e8vcs8._.js:1052
[  172126ms] [LOG] [Fast Refresh] rebuilding @ http://localhost:3000/_next/static/chunks/node_modules_next_dist_1e8vcs8._.js:776
[  173875ms] [ERROR] ./src/app/workspace.css
Error: Error evaluating Node.js code
CssSyntaxError: tailwindcss: C:\Users\janid\Downloads\mylms\lms\src\app\workspace.css:1:1: Cannot apply unknown utility class `text-body-strong`
    [at Input.error (turbopack:///[project]/node_modules/postcss/lib/input.js:135:16)]
    [at Root.error (turbopack:///[project]/node_modules/postcss/lib/node.js:166:32)]
    [at Object.Once (C:\Users\janid\Downloads\mylms\lms\node_modules\@tailwindcss\postcss\dist\index.js:10:7013)]
    [at process.processTicksAndRejections (node:internal/process/task_queues:104:5)]
    [at async LazyResult.runAsync (turbopack:///[project]/node_modules/postcss/lib/lazy-result.js:299:11)]
    [at async transform (turbopack:///[turbopack-node]/transforms/postcss.ts?config=[project]/postcss.config.js:70:34)]
    [at async run (turbopack:///[turbopack-node]/child_process/evaluate.ts:89:23)]

Import trace:
  Client Component Browser:
    ./src/app/workspace.css [Client Component Browser]
    ./src/app/[locale]/layout.tsx [Server Component] @ http://localhost:3000/_next/static/chunks/node_modules_next_dist_1e8vcs8._.js:1052
[  173875ms] [ERROR] ./src/app/workspace.css
Error: Error evaluating Node.js code
CssSyntaxError: tailwindcss: C:\Users\janid\Downloads\mylms\lms\src\app\workspace.css:1:1: Cannot apply unknown utility class `text-body-strong`
    [at Input.error (turbopack:///[project]/node_modules/postcss/lib/input.js:135:16)]
    [at Root.error (turbopack:///[project]/node_modules/postcss/lib/node.js:166:32)]
    [at Object.Once (C:\Users\janid\Downloads\mylms\lms\node_modules\@tailwindcss\postcss\dist\index.js:10:7013)]
    [at process.processTicksAndRejections (node:internal/process/task_queues:104:5)]
    [at async LazyResult.runAsync (turbopack:///[project]/node_modules/postcss/lib/lazy-result.js:299:11)]
    [at async transform (turbopack:///[turbopack-node]/transforms/postcss.ts?config=[project]/postcss.config.js:70:34)]
    [at async run (turbopack:///[turbopack-node]/child_process/evaluate.ts:89:23)]

Import trace:
  Client Component Browser:
    ./src/app/workspace.css [Client Component Browser]
    ./src/app/[locale]/layout.tsx [Server Component] @ http://localhost:3000/_next/static/chunks/node_modules_next_dist_1e8vcs8._.js:1052
[  173999ms] [LOG] [Fast Refresh] rebuilding @ http://localhost:3000/_next/static/chunks/node_modules_next_dist_1e8vcs8._.js:776
[  174322ms] [ERROR] ./src/app/workspace.css
Error: Error evaluating Node.js code
CssSyntaxError: tailwindcss: C:\Users\janid\Downloads\mylms\lms\src\app\workspace.css:1:1: Cannot apply unknown utility class `text-body-strong`
    [at Input.error (turbopack:///[project]/node_modules/postcss/lib/input.js:135:16)]
    [at Root.error (turbopack:///[project]/node_modules/postcss/lib/node.js:166:32)]
    [at Object.Once (C:\Users\janid\Downloads\mylms\lms\node_modules\@tailwindcss\postcss\dist\index.js:10:7013)]
    [at process.processTicksAndRejections (node:internal/process/task_queues:104:5)]
    [at async LazyResult.runAsync (turbopack:///[project]/node_modules/postcss/lib/lazy-result.js:299:11)]
    [at async transform (turbopack:///[turbopack-node]/transforms/postcss.ts?config=[project]/postcss.config.js:70:34)]
    [at async run (turbopack:///[turbopack-node]/child_process/evaluate.ts:89:23)]

Import trace:
  Client Component Browser:
    ./src/app/workspace.css [Client Component Browser]
    ./src/app/[locale]/layout.tsx [Server Component] @ http://localhost:3000/_next/static/chunks/node_modules_next_dist_1e8vcs8._.js:1052
[  174325ms] [ERROR] ./src/app/workspace.css
Error: Error evaluating Node.js code
CssSyntaxError: tailwindcss: C:\Users\janid\Downloads\mylms\lms\src\app\workspace.css:1:1: Cannot apply unknown utility class `text-body-strong`
    [at Input.error (turbopack:///[project]/node_modules/postcss/lib/input.js:135:16)]
    [at Root.error (turbopack:///[project]/node_modules/postcss/lib/node.js:166:32)]
    [at Object.Once (C:\Users\janid\Downloads\mylms\lms\node_modules\@tailwindcss\postcss\dist\index.js:10:7013)]
    [at process.processTicksAndRejections (node:internal/process/task_queues:104:5)]
    [at async LazyResult.runAsync (turbopack:///[project]/node_modules/postcss/lib/lazy-result.js:299:11)]
    [at async transform (turbopack:///[turbopack-node]/transforms/postcss.ts?config=[project]/postcss.config.js:70:34)]
    [at async run (turbopack:///[turbopack-node]/child_process/evaluate.ts:89:23)]

Import trace:
  Client Component Browser:
    ./src/app/workspace.css [Client Component Browser]
    ./src/app/[locale]/layout.tsx [Server Component] @ http://localhost:3000/_next/static/chunks/node_modules_next_dist_1e8vcs8._.js:1052
[  174327ms] [ERROR] ./src/app/workspace.css
Error: Error evaluating Node.js code
CssSyntaxError: tailwindcss: C:\Users\janid\Downloads\mylms\lms\src\app\workspace.css:1:1: Cannot apply unknown utility class `text-body-strong`
    [at Input.error (turbopack:///[project]/node_modules/postcss/lib/input.js:135:16)]
    [at Root.error (turbopack:///[project]/node_modules/postcss/lib/node.js:166:32)]
    [at Object.Once (C:\Users\janid\Downloads\mylms\lms\node_modules\@tailwindcss\postcss\dist\index.js:10:7013)]
    [at process.processTicksAndRejections (node:internal/process/task_queues:104:5)]
    [at async LazyResult.runAsync (turbopack:///[project]/node_modules/postcss/lib/lazy-result.js:299:11)]
    [at async transform (turbopack:///[turbopack-node]/transforms/postcss.ts?config=[project]/postcss.config.js:70:34)]
    [at async run (turbopack:///[turbopack-node]/child_process/evaluate.ts:89:23)]

Import trace:
  Client Component Browser:
    ./src/app/workspace.css [Client Component Browser]
    ./src/app/[locale]/layout.tsx [Server Component] @ http://localhost:3000/_next/static/chunks/node_modules_next_dist_1e8vcs8._.js:1052
[  174403ms] [ERROR] ./src/app/workspace.css
Error: Error evaluating Node.js code
CssSyntaxError: tailwindcss: C:\Users\janid\Downloads\mylms\lms\src\app\workspace.css:1:1: Cannot apply unknown utility class `text-body-strong`
    [at Input.error (turbopack:///[project]/node_modules/postcss/lib/input.js:135:16)]
    [at Root.error (turbopack:///[project]/node_modules/postcss/lib/node.js:166:32)]
    [at Object.Once (C:\Users\janid\Downloads\mylms\lms\node_modules\@tailwindcss\postcss\dist\index.js:10:7013)]
    [at process.processTicksAndRejections (node:internal/process/task_queues:104:5)]
    [at async LazyResult.runAsync (turbopack:///[project]/node_modules/postcss/lib/lazy-result.js:299:11)]
    [at async transform (turbopack:///[turbopack-node]/transforms/postcss.ts?config=[project]/postcss.config.js:70:34)]
    [at async run (turbopack:///[turbopack-node]/child_process/evaluate.ts:89:23)]

Import trace:
  Client Component Browser:
    ./src/app/workspace.css [Client Component Browser]
    ./src/app/[locale]/layout.tsx [Server Component] @ http://localhost:3000/_next/static/chunks/node_modules_next_dist_1e8vcs8._.js:1052
[  174465ms] [ERROR] ./src/app/workspace.css
Error: Error evaluating Node.js code
CssSyntaxError: tailwindcss: C:\Users\janid\Downloads\mylms\lms\src\app\workspace.css:1:1: Cannot apply unknown utility class `text-body-strong`
    [at Input.error (turbopack:///[project]/node_modules/postcss/lib/input.js:135:16)]
    [at Root.error (turbopack:///[project]/node_modules/postcss/lib/node.js:166:32)]
    [at Object.Once (C:\Users\janid\Downloads\mylms\lms\node_modules\@tailwindcss\postcss\dist\index.js:10:7013)]
    [at process.processTicksAndRejections (node:internal/process/task_queues:104:5)]
    [at async LazyResult.runAsync (turbopack:///[project]/node_modules/postcss/lib/lazy-result.js:299:11)]
    [at async transform (turbopack:///[turbopack-node]/transforms/postcss.ts?config=[project]/postcss.config.js:70:34)]
    [at async run (turbopack:///[turbopack-node]/child_process/evaluate.ts:89:23)]

Import trace:
  Client Component Browser:
    ./src/app/workspace.css [Client Component Browser]
    ./src/app/[locale]/layout.tsx [Server Component] @ http://localhost:3000/_next/static/chunks/node_modules_next_dist_1e8vcs8._.js:1052
[  174540ms] [ERROR] ./src/app/workspace.css
Error: Error evaluating Node.js code
CssSyntaxError: tailwindcss: C:\Users\janid\Downloads\mylms\lms\src\app\workspace.css:1:1: Cannot apply unknown utility class `text-body-strong`
    [at Input.error (turbopack:///[project]/node_modules/postcss/lib/input.js:135:16)]
    [at Root.error (turbopack:///[project]/node_modules/postcss/lib/node.js:166:32)]
    [at Object.Once (C:\Users\janid\Downloads\mylms\lms\node_modules\@tailwindcss\postcss\dist\index.js:10:7013)]
    [at process.processTicksAndRejections (node:internal/process/task_queues:104:5)]
    [at async LazyResult.runAsync (turbopack:///[project]/node_modules/postcss/lib/lazy-result.js:299:11)]
    [at async transform (turbopack:///[turbopack-node]/transforms/postcss.ts?config=[project]/postcss.config.js:70:34)]
    [at async run (turbopack:///[turbopack-node]/child_process/evaluate.ts:89:23)]

Import trace:
  Client Component Browser:
    ./src/app/workspace.css [Client Component Browser]
    ./src/app/[locale]/layout.tsx [Server Component] @ http://localhost:3000/_next/static/chunks/node_modules_next_dist_1e8vcs8._.js:1052
[  174607ms] [ERROR] ./src/app/workspace.css
Error: Error evaluating Node.js code
CssSyntaxError: tailwindcss: C:\Users\janid\Downloads\mylms\lms\src\app\workspace.css:1:1: Cannot apply unknown utility class `text-body-strong`
    [at Input.error (turbopack:///[project]/node_modules/postcss/lib/input.js:135:16)]
    [at Root.error (turbopack:///[project]/node_modules/postcss/lib/node.js:166:32)]
    [at Object.Once (C:\Users\janid\Downloads\mylms\lms\node_modules\@tailwindcss\postcss\dist\index.js:10:7013)]
    [at process.processTicksAndRejections (node:internal/process/task_queues:104:5)]
    [at async LazyResult.runAsync (turbopack:///[project]/node_modules/postcss/lib/lazy-result.js:299:11)]
    [at async transform (turbopack:///[turbopack-node]/transforms/postcss.ts?config=[project]/postcss.config.js:70:34)]
    [at async run (turbopack:///[turbopack-node]/child_process/evaluate.ts:89:23)]

Import trace:
  Client Component Browser:
    ./src/app/workspace.css [Client Component Browser]
    ./src/app/[locale]/layout.tsx [Server Component] @ http://localhost:3000/_next/static/chunks/node_modules_next_dist_1e8vcs8._.js:1052
[  174669ms] [ERROR] ./src/app/workspace.css
Error: Error evaluating Node.js code
CssSyntaxError: tailwindcss: C:\Users\janid\Downloads\mylms\lms\src\app\workspace.css:1:1: Cannot apply unknown utility class `text-body-strong`
    [at Input.error (turbopack:///[project]/node_modules/postcss/lib/input.js:135:16)]
    [at Root.error (turbopack:///[project]/node_modules/postcss/lib/node.js:166:32)]
    [at Object.Once (C:\Users\janid\Downloads\mylms\lms\node_modules\@tailwindcss\postcss\dist\index.js:10:7013)]
    [at process.processTicksAndRejections (node:internal/process/task_queues:104:5)]
    [at async LazyResult.runAsync (turbopack:///[project]/node_modules/postcss/lib/lazy-result.js:299:11)]
    [at async transform (turbopack:///[turbopack-node]/transforms/postcss.ts?config=[project]/postcss.config.js:70:34)]
    [at async run (turbopack:///[turbopack-node]/child_process/evaluate.ts:89:23)]

Import trace:
  Client Component Browser:
    ./src/app/workspace.css [Client Component Browser]
    ./src/app/[locale]/layout.tsx [Server Component] @ http://localhost:3000/_next/static/chunks/node_modules_next_dist_1e8vcs8._.js:1052
[  174732ms] [ERROR] ./src/app/workspace.css
Error: Error evaluating Node.js code
CssSyntaxError: tailwindcss: C:\Users\janid\Downloads\mylms\lms\src\app\workspace.css:1:1: Cannot apply unknown utility class `text-body-strong`
    [at Input.error (turbopack:///[project]/node_modules/postcss/lib/input.js:135:16)]
    [at Root.error (turbopack:///[project]/node_modules/postcss/lib/node.js:166:32)]
    [at Object.Once (C:\Users\janid\Downloads\mylms\lms\node_modules\@tailwindcss\postcss\dist\index.js:10:7013)]
    [at process.processTicksAndRejections (node:internal/process/task_queues:104:5)]
    [at async LazyResult.runAsync (turbopack:///[project]/node_modules/postcss/lib/lazy-result.js:299:11)]
    [at async transform (turbopack:///[turbopack-node]/transforms/postcss.ts?config=[project]/postcss.config.js:70:34)]
    [at async run (turbopack:///[turbopack-node]/child_process/evaluate.ts:89:23)]

Import trace:
  Client Component Browser:
    ./src/app/workspace.css [Client Component Browser]
    ./src/app/[locale]/layout.tsx [Server Component] @ http://localhost:3000/_next/static/chunks/node_modules_next_dist_1e8vcs8._.js:1052
[  174794ms] [ERROR] ./src/app/workspace.css
Error: Error evaluating Node.js code
CssSyntaxError: tailwindcss: C:\Users\janid\Downloads\mylms\lms\src\app\workspace.css:1:1: Cannot apply unknown utility class `text-body-strong`
    [at Input.error (turbopack:///[project]/node_modules/postcss/lib/input.js:135:16)]
    [at Root.error (turbopack:///[project]/node_modules/postcss/lib/node.js:166:32)]
    [at Object.Once (C:\Users\janid\Downloads\mylms\lms\node_modules\@tailwindcss\postcss\dist\index.js:10:7013)]
    [at process.processTicksAndRejections (node:internal/process/task_queues:104:5)]
    [at async LazyResult.runAsync (turbopack:///[project]/node_modules/postcss/lib/lazy-result.js:299:11)]
    [at async transform (turbopack:///[turbopack-node]/transforms/postcss.ts?config=[project]/postcss.config.js:70:34)]
    [at async run (turbopack:///[turbopack-node]/child_process/evaluate.ts:89:23)]

Import trace:
  Client Component Browser:
    ./src/app/workspace.css [Client Component Browser]
    ./src/app/[locale]/layout.tsx [Server Component] @ http://localhost:3000/_next/static/chunks/node_modules_next_dist_1e8vcs8._.js:1052
[  174858ms] [ERROR] ./src/app/workspace.css
Error: Error evaluating Node.js code
CssSyntaxError: tailwindcss: C:\Users\janid\Downloads\mylms\lms\src\app\workspace.css:1:1: Cannot apply unknown utility class `text-body-strong`
    [at Input.error (turbopack:///[project]/node_modules/postcss/lib/input.js:135:16)]
    [at Root.error (turbopack:///[project]/node_modules/postcss/lib/node.js:166:32)]
    [at Object.Once (C:\Users\janid\Downloads\mylms\lms\node_modules\@tailwindcss\postcss\dist\index.js:10:7013)]
    [at process.processTicksAndRejections (node:internal/process/task_queues:104:5)]
    [at async LazyResult.runAsync (turbopack:///[project]/node_modules/postcss/lib/lazy-result.js:299:11)]
    [at async transform (turbopack:///[turbopack-node]/transforms/postcss.ts?config=[project]/postcss.config.js:70:34)]
    [at async run (turbopack:///[turbopack-node]/child_process/evaluate.ts:89:23)]

Import trace:
  Client Component Browser:
    ./src/app/workspace.css [Client Component Browser]
    ./src/app/[locale]/layout.tsx [Server Component] @ http://localhost:3000/_next/static/chunks/node_modules_next_dist_1e8vcs8._.js:1052
[  174921ms] [ERROR] ./src/app/workspace.css
Error: Error evaluating Node.js code
CssSyntaxError: tailwindcss: C:\Users\janid\Downloads\mylms\lms\src\app\workspace.css:1:1: Cannot apply unknown utility class `text-body-strong`
    [at Input.error (turbopack:///[project]/node_modules/postcss/lib/input.js:135:16)]
    [at Root.error (turbopack:///[project]/node_modules/postcss/lib/node.js:166:32)]
    [at Object.Once (C:\Users\janid\Downloads\mylms\lms\node_modules\@tailwindcss\postcss\dist\index.js:10:7013)]
    [at process.processTicksAndRejections (node:internal/process/task_queues:104:5)]
    [at async LazyResult.runAsync (turbopack:///[project]/node_modules/postcss/lib/lazy-result.js:299:11)]
    [at async transform (turbopack:///[turbopack-node]/transforms/postcss.ts?config=[project]/postcss.config.js:70:34)]
    [at async run (turbopack:///[turbopack-node]/child_process/evaluate.ts:89:23)]

Import trace:
  Client Component Browser:
    ./src/app/workspace.css [Client Component Browser]
    ./src/app/[locale]/layout.tsx [Server Component] @ http://localhost:3000/_next/static/chunks/node_modules_next_dist_1e8vcs8._.js:1052
[  174985ms] [ERROR] ./src/app/workspace.css
Error: Error evaluating Node.js code
CssSyntaxError: tailwindcss: C:\Users\janid\Downloads\mylms\lms\src\app\workspace.css:1:1: Cannot apply unknown utility class `text-body-strong`
    [at Input.error (turbopack:///[project]/node_modules/postcss/lib/input.js:135:16)]
    [at Root.error (turbopack:///[project]/node_modules/postcss/lib/node.js:166:32)]
    [at Object.Once (C:\Users\janid\Downloads\mylms\lms\node_modules\@tailwindcss\postcss\dist\index.js:10:7013)]
    [at process.processTicksAndRejections (node:internal/process/task_queues:104:5)]
    [at async LazyResult.runAsync (turbopack:///[project]/node_modules/postcss/lib/lazy-result.js:299:11)]
    [at async transform (turbopack:///[turbopack-node]/transforms/postcss.ts?config=[project]/postcss.config.js:70:34)]
    [at async run (turbopack:///[turbopack-node]/child_process/evaluate.ts:89:23)]

Import trace:
  Client Component Browser:
    ./src/app/workspace.css [Client Component Browser]
    ./src/app/[locale]/layout.tsx [Server Component] @ http://localhost:3000/_next/static/chunks/node_modules_next_dist_1e8vcs8._.js:1052
[  175048ms] [ERROR] ./src/app/workspace.css
Error: Error evaluating Node.js code
CssSyntaxError: tailwindcss: C:\Users\janid\Downloads\mylms\lms\src\app\workspace.css:1:1: Cannot apply unknown utility class `text-body-strong`
    [at Input.error (turbopack:///[project]/node_modules/postcss/lib/input.js:135:16)]
    [at Root.error (turbopack:///[project]/node_modules/postcss/lib/node.js:166:32)]
    [at Object.Once (C:\Users\janid\Downloads\mylms\lms\node_modules\@tailwindcss\postcss\dist\index.js:10:7013)]
    [at process.processTicksAndRejections (node:internal/process/task_queues:104:5)]
    [at async LazyResult.runAsync (turbopack:///[project]/node_modules/postcss/lib/lazy-result.js:299:11)]
    [at async transform (turbopack:///[turbopack-node]/transforms/postcss.ts?config=[project]/postcss.config.js:70:34)]
    [at async run (turbopack:///[turbopack-node]/child_process/evaluate.ts:89:23)]

Import trace:
  Client Component Browser:
    ./src/app/workspace.css [Client Component Browser]
    ./src/app/[locale]/layout.tsx [Server Component] @ http://localhost:3000/_next/static/chunks/node_modules_next_dist_1e8vcs8._.js:1052
[  175111ms] [ERROR] ./src/app/workspace.css
Error: Error evaluating Node.js code
CssSyntaxError: tailwindcss: C:\Users\janid\Downloads\mylms\lms\src\app\workspace.css:1:1: Cannot apply unknown utility class `text-body-strong`
    [at Input.error (turbopack:///[project]/node_modules/postcss/lib/input.js:135:16)]
    [at Root.error (turbopack:///[project]/node_modules/postcss/lib/node.js:166:32)]
    [at Object.Once (C:\Users\janid\Downloads\mylms\lms\node_modules\@tailwindcss\postcss\dist\index.js:10:7013)]
    [at process.processTicksAndRejections (node:internal/process/task_queues:104:5)]
    [at async LazyResult.runAsync (turbopack:///[project]/node_modules/postcss/lib/lazy-result.js:299:11)]
    [at async transform (turbopack:///[turbopack-node]/transforms/postcss.ts?config=[project]/postcss.config.js:70:34)]
    [at async run (turbopack:///[turbopack-node]/child_process/evaluate.ts:89:23)]

Import trace:
  Client Component Browser:
    ./src/app/workspace.css [Client Component Browser]
    ./src/app/[locale]/layout.tsx [Server Component] @ http://localhost:3000/_next/static/chunks/node_modules_next_dist_1e8vcs8._.js:1052
[  175173ms] [ERROR] ./src/app/workspace.css
Error: Error evaluating Node.js code
CssSyntaxError: tailwindcss: C:\Users\janid\Downloads\mylms\lms\src\app\workspace.css:1:1: Cannot apply unknown utility class `text-body-strong`
    [at Input.error (turbopack:///[project]/node_modules/postcss/lib/input.js:135:16)]
    [at Root.error (turbopack:///[project]/node_modules/postcss/lib/node.js:166:32)]
    [at Object.Once (C:\Users\janid\Downloads\mylms\lms\node_modules\@tailwindcss\postcss\dist\index.js:10:7013)]
    [at process.processTicksAndRejections (node:internal/process/task_queues:104:5)]
    [at async LazyResult.runAsync (turbopack:///[project]/node_modules/postcss/lib/lazy-result.js:299:11)]
    [at async transform (turbopack:///[turbopack-node]/transforms/postcss.ts?config=[project]/postcss.config.js:70:34)]
    [at async run (turbopack:///[turbopack-node]/child_process/evaluate.ts:89:23)]

Import trace:
  Client Component Browser:
    ./src/app/workspace.css [Client Component Browser]
    ./src/app/[locale]/layout.tsx [Server Component] @ http://localhost:3000/_next/static/chunks/node_modules_next_dist_1e8vcs8._.js:1052
[  175237ms] [ERROR] ./src/app/workspace.css
Error: Error evaluating Node.js code
CssSyntaxError: tailwindcss: C:\Users\janid\Downloads\mylms\lms\src\app\workspace.css:1:1: Cannot apply unknown utility class `text-body-strong`
    [at Input.error (turbopack:///[project]/node_modules/postcss/lib/input.js:135:16)]
    [at Root.error (turbopack:///[project]/node_modules/postcss/lib/node.js:166:32)]
    [at Object.Once (C:\Users\janid\Downloads\mylms\lms\node_modules\@tailwindcss\postcss\dist\index.js:10:7013)]
    [at process.processTicksAndRejections (node:internal/process/task_queues:104:5)]
    [at async LazyResult.runAsync (turbopack:///[project]/node_modules/postcss/lib/lazy-result.js:299:11)]
    [at async transform (turbopack:///[turbopack-node]/transforms/postcss.ts?config=[project]/postcss.config.js:70:34)]
    [at async run (turbopack:///[turbopack-node]/child_process/evaluate.ts:89:23)]

Import trace:
  Client Component Browser:
    ./src/app/workspace.css [Client Component Browser]
    ./src/app/[locale]/layout.tsx [Server Component] @ http://localhost:3000/_next/static/chunks/node_modules_next_dist_1e8vcs8._.js:1052
[  175303ms] [ERROR] ./src/app/workspace.css
Error: Error evaluating Node.js code
CssSyntaxError: tailwindcss: C:\Users\janid\Downloads\mylms\lms\src\app\workspace.css:1:1: Cannot apply unknown utility class `text-body-strong`
    [at Input.error (turbopack:///[project]/node_modules/postcss/lib/input.js:135:16)]
    [at Root.error (turbopack:///[project]/node_modules/postcss/lib/node.js:166:32)]
    [at Object.Once (C:\Users\janid\Downloads\mylms\lms\node_modules\@tailwindcss\postcss\dist\index.js:10:7013)]
    [at process.processTicksAndRejections (node:internal/process/task_queues:104:5)]
    [at async LazyResult.runAsync (turbopack:///[project]/node_modules/postcss/lib/lazy-result.js:299:11)]
    [at async transform (turbopack:///[turbopack-node]/transforms/postcss.ts?config=[project]/postcss.config.js:70:34)]
    [at async run (turbopack:///[turbopack-node]/child_process/evaluate.ts:89:23)]

Import trace:
  Client Component Browser:
    ./src/app/workspace.css [Client Component Browser]
    ./src/app/[locale]/layout.tsx [Server Component] @ http://localhost:3000/_next/static/chunks/node_modules_next_dist_1e8vcs8._.js:1052
[  175362ms] [ERROR] ./src/app/workspace.css
Error: Error evaluating Node.js code
CssSyntaxError: tailwindcss: C:\Users\janid\Downloads\mylms\lms\src\app\workspace.css:1:1: Cannot apply unknown utility class `text-body-strong`
    [at Input.error (turbopack:///[project]/node_modules/postcss/lib/input.js:135:16)]
    [at Root.error (turbopack:///[project]/node_modules/postcss/lib/node.js:166:32)]
    [at Object.Once (C:\Users\janid\Downloads\mylms\lms\node_modules\@tailwindcss\postcss\dist\index.js:10:7013)]
    [at process.processTicksAndRejections (node:internal/process/task_queues:104:5)]
    [at async LazyResult.runAsync (turbopack:///[project]/node_modules/postcss/lib/lazy-result.js:299:11)]
    [at async transform (turbopack:///[turbopack-node]/transforms/postcss.ts?config=[project]/postcss.config.js:70:34)]
    [at async run (turbopack:///[turbopack-node]/child_process/evaluate.ts:89:23)]

Import trace:
  Client Component Browser:
    ./src/app/workspace.css [Client Component Browser]
    ./src/app/[locale]/layout.tsx [Server Component] @ http://localhost:3000/_next/static/chunks/node_modules_next_dist_1e8vcs8._.js:1052
[  175425ms] [ERROR] ./src/app/workspace.css
Error: Error evaluating Node.js code
CssSyntaxError: tailwindcss: C:\Users\janid\Downloads\mylms\lms\src\app\workspace.css:1:1: Cannot apply unknown utility class `text-body-strong`
    [at Input.error (turbopack:///[project]/node_modules/postcss/lib/input.js:135:16)]
    [at Root.error (turbopack:///[project]/node_modules/postcss/lib/node.js:166:32)]
    [at Object.Once (C:\Users\janid\Downloads\mylms\lms\node_modules\@tailwindcss\postcss\dist\index.js:10:7013)]
    [at process.processTicksAndRejections (node:internal/process/task_queues:104:5)]
    [at async LazyResult.runAsync (turbopack:///[project]/node_modules/postcss/lib/lazy-result.js:299:11)]
    [at async transform (turbopack:///[turbopack-node]/transforms/postcss.ts?config=[project]/postcss.config.js:70:34)]
    [at async run (turbopack:///[turbopack-node]/child_process/evaluate.ts:89:23)]

Import trace:
  Client Component Browser:
    ./src/app/workspace.css [Client Component Browser]
    ./src/app/[locale]/layout.tsx [Server Component] @ http://localhost:3000/_next/static/chunks/node_modules_next_dist_1e8vcs8._.js:1052
[  175489ms] [ERROR] ./src/app/workspace.css
Error: Error evaluating Node.js code
CssSyntaxError: tailwindcss: C:\Users\janid\Downloads\mylms\lms\src\app\workspace.css:1:1: Cannot apply unknown utility class `text-body-strong`
    [at Input.error (turbopack:///[project]/node_modules/postcss/lib/input.js:135:16)]
    [at Root.error (turbopack:///[project]/node_modules/postcss/lib/node.js:166:32)]
    [at Object.Once (C:\Users\janid\Downloads\mylms\lms\node_modules\@tailwindcss\postcss\dist\index.js:10:7013)]
    [at process.processTicksAndRejections (node:internal/process/task_queues:104:5)]
    [at async LazyResult.runAsync (turbopack:///[project]/node_modules/postcss/lib/lazy-result.js:299:11)]
    [at async transform (turbopack:///[turbopack-node]/transforms/postcss.ts?config=[project]/postcss.config.js:70:34)]
    [at async run (turbopack:///[turbopack-node]/child_process/evaluate.ts:89:23)]

Import trace:
  Client Component Browser:
    ./src/app/workspace.css [Client Component Browser]
    ./src/app/[locale]/layout.tsx [Server Component] @ http://localhost:3000/_next/static/chunks/node_modules_next_dist_1e8vcs8._.js:1052
[  175549ms] [ERROR] ./src/app/workspace.css
Error: Error evaluating Node.js code
CssSyntaxError: tailwindcss: C:\Users\janid\Downloads\mylms\lms\src\app\workspace.css:1:1: Cannot apply unknown utility class `text-body-strong`
    [at Input.error (turbopack:///[project]/node_modules/postcss/lib/input.js:135:16)]
    [at Root.error (turbopack:///[project]/node_modules/postcss/lib/node.js:166:32)]
    [at Object.Once (C:\Users\janid\Downloads\mylms\lms\node_modules\@tailwindcss\postcss\dist\index.js:10:7013)]
    [at process.processTicksAndRejections (node:internal/process/task_queues:104:5)]
    [at async LazyResult.runAsync (turbopack:///[project]/node_modules/postcss/lib/lazy-result.js:299:11)]
    [at async transform (turbopack:///[turbopack-node]/transforms/postcss.ts?config=[project]/postcss.config.js:70:34)]
    [at async run (turbopack:///[turbopack-node]/child_process/evaluate.ts:89:23)]

Import trace:
  Client Component Browser:
    ./src/app/workspace.css [Client Component Browser]
    ./src/app/[locale]/layout.tsx [Server Component] @ http://localhost:3000/_next/static/chunks/node_modules_next_dist_1e8vcs8._.js:1052
[  175616ms] [ERROR] ./src/app/workspace.css
Error: Error evaluating Node.js code
CssSyntaxError: tailwindcss: C:\Users\janid\Downloads\mylms\lms\src\app\workspace.css:1:1: Cannot apply unknown utility class `text-body-strong`
    [at Input.error (turbopack:///[project]/node_modules/postcss/lib/input.js:135:16)]
    [at Root.error (turbopack:///[project]/node_modules/postcss/lib/node.js:166:32)]
    [at Object.Once (C:\Users\janid\Downloads\mylms\lms\node_modules\@tailwindcss\postcss\dist\index.js:10:7013)]
    [at process.processTicksAndRejections (node:internal/process/task_queues:104:5)]
    [at async LazyResult.runAsync (turbopack:///[project]/node_modules/postcss/lib/lazy-result.js:299:11)]
    [at async transform (turbopack:///[turbopack-node]/transforms/postcss.ts?config=[project]/postcss.config.js:70:34)]
    [at async run (turbopack:///[turbopack-node]/child_process/evaluate.ts:89:23)]

Import trace:
  Client Component Browser:
    ./src/app/workspace.css [Client Component Browser]
    ./src/app/[locale]/layout.tsx [Server Component] @ http://localhost:3000/_next/static/chunks/node_modules_next_dist_1e8vcs8._.js:1052
[  175676ms] [ERROR] ./src/app/workspace.css
Error: Error evaluating Node.js code
CssSyntaxError: tailwindcss: C:\Users\janid\Downloads\mylms\lms\src\app\workspace.css:1:1: Cannot apply unknown utility class `text-body-strong`
    [at Input.error (turbopack:///[project]/node_modules/postcss/lib/input.js:135:16)]
    [at Root.error (turbopack:///[project]/node_modules/postcss/lib/node.js:166:32)]
    [at Object.Once (C:\Users\janid\Downloads\mylms\lms\node_modules\@tailwindcss\postcss\dist\index.js:10:7013)]
    [at process.processTicksAndRejections (node:internal/process/task_queues:104:5)]
    [at async LazyResult.runAsync (turbopack:///[project]/node_modules/postcss/lib/lazy-result.js:299:11)]
    [at async transform (turbopack:///[turbopack-node]/transforms/postcss.ts?config=[project]/postcss.config.js:70:34)]
    [at async run (turbopack:///[turbopack-node]/child_process/evaluate.ts:89:23)]

Import trace:
  Client Component Browser:
    ./src/app/workspace.css [Client Component Browser]
    ./src/app/[locale]/layout.tsx [Server Component] @ http://localhost:3000/_next/static/chunks/node_modules_next_dist_1e8vcs8._.js:1052
[  175739ms] [ERROR] ./src/app/workspace.css
Error: Error evaluating Node.js code
CssSyntaxError: tailwindcss: C:\Users\janid\Downloads\mylms\lms\src\app\workspace.css:1:1: Cannot apply unknown utility class `text-body-strong`
    [at Input.error (turbopack:///[project]/node_modules/postcss/lib/input.js:135:16)]
    [at Root.error (turbopack:///[project]/node_modules/postcss/lib/node.js:166:32)]
    [at Object.Once (C:\Users\janid\Downloads\mylms\lms\node_modules\@tailwindcss\postcss\dist\index.js:10:7013)]
    [at process.processTicksAndRejections (node:internal/process/task_queues:104:5)]
    [at async LazyResult.runAsync (turbopack:///[project]/node_modules/postcss/lib/lazy-result.js:299:11)]
    [at async transform (turbopack:///[turbopack-node]/transforms/postcss.ts?config=[project]/postcss.config.js:70:34)]
    [at async run (turbopack:///[turbopack-node]/child_process/evaluate.ts:89:23)]

Import trace:
  Client Component Browser:
    ./src/app/workspace.css [Client Component Browser]
    ./src/app/[locale]/layout.tsx [Server Component] @ http://localhost:3000/_next/static/chunks/node_modules_next_dist_1e8vcs8._.js:1052
[  175801ms] [ERROR] ./src/app/workspace.css
Error: Error evaluating Node.js code
CssSyntaxError: tailwindcss: C:\Users\janid\Downloads\mylms\lms\src\app\workspace.css:1:1: Cannot apply unknown utility class `text-body-strong`
    [at Input.error (turbopack:///[project]/node_modules/postcss/lib/input.js:135:16)]
    [at Root.error (turbopack:///[project]/node_modules/postcss/lib/node.js:166:32)]
    [at Object.Once (C:\Users\janid\Downloads\mylms\lms\node_modules\@tailwindcss\postcss\dist\index.js:10:7013)]
    [at process.processTicksAndRejections (node:internal/process/task_queues:104:5)]
    [at async LazyResult.runAsync (turbopack:///[project]/node_modules/postcss/lib/lazy-result.js:299:11)]
    [at async transform (turbopack:///[turbopack-node]/transforms/postcss.ts?config=[project]/postcss.config.js:70:34)]
    [at async run (turbopack:///[turbopack-node]/child_process/evaluate.ts:89:23)]

Import trace:
  Client Component Browser:
    ./src/app/workspace.css [Client Component Browser]
    ./src/app/[locale]/layout.tsx [Server Component] @ http://localhost:3000/_next/static/chunks/node_modules_next_dist_1e8vcs8._.js:1052
[  175872ms] [ERROR] ./src/app/workspace.css
Error: Error evaluating Node.js code
CssSyntaxError: tailwindcss: C:\Users\janid\Downloads\mylms\lms\src\app\workspace.css:1:1: Cannot apply unknown utility class `text-body-strong`
    [at Input.error (turbopack:///[project]/node_modules/postcss/lib/input.js:135:16)]
    [at Root.error (turbopack:///[project]/node_modules/postcss/lib/node.js:166:32)]
    [at Object.Once (C:\Users\janid\Downloads\mylms\lms\node_modules\@tailwindcss\postcss\dist\index.js:10:7013)]
    [at process.processTicksAndRejections (node:internal/process/task_queues:104:5)]
    [at async LazyResult.runAsync (turbopack:///[project]/node_modules/postcss/lib/lazy-result.js:299:11)]
    [at async transform (turbopack:///[turbopack-node]/transforms/postcss.ts?config=[project]/postcss.config.js:70:34)]
    [at async run (turbopack:///[turbopack-node]/child_process/evaluate.ts:89:23)]

Import trace:
  Client Component Browser:
    ./src/app/workspace.css [Client Component Browser]
    ./src/app/[locale]/layout.tsx [Server Component] @ http://localhost:3000/_next/static/chunks/node_modules_next_dist_1e8vcs8._.js:1052
[  175943ms] [ERROR] ./src/app/workspace.css
Error: Error evaluating Node.js code
CssSyntaxError: tailwindcss: C:\Users\janid\Downloads\mylms\lms\src\app\workspace.css:1:1: Cannot apply unknown utility class `text-body-strong`
    [at Input.error (turbopack:///[project]/node_modules/postcss/lib/input.js:135:16)]
    [at Root.error (turbopack:///[project]/node_modules/postcss/lib/node.js:166:32)]
    [at Object.Once (C:\Users\janid\Downloads\mylms\lms\node_modules\@tailwindcss\postcss\dist\index.js:10:7013)]
    [at process.processTicksAndRejections (node:internal/process/task_queues:104:5)]
    [at async LazyResult.runAsync (turbopack:///[project]/node_modules/postcss/lib/lazy-result.js:299:11)]
    [at async transform (turbopack:///[turbopack-node]/transforms/postcss.ts?config=[project]/postcss.config.js:70:34)]
    [at async run (turbopack:///[turbopack-node]/child_process/evaluate.ts:89:23)]

Import trace:
  Client Component Browser:
    ./src/app/workspace.css [Client Component Browser]
    ./src/app/[locale]/layout.tsx [Server Component] @ http://localhost:3000/_next/static/chunks/node_modules_next_dist_1e8vcs8._.js:1052
[  176013ms] [ERROR] ./src/app/workspace.css
Error: Error evaluating Node.js code
CssSyntaxError: tailwindcss: C:\Users\janid\Downloads\mylms\lms\src\app\workspace.css:1:1: Cannot apply unknown utility class `text-body-strong`
    [at Input.error (turbopack:///[project]/node_modules/postcss/lib/input.js:135:16)]
    [at Root.error (turbopack:///[project]/node_modules/postcss/lib/node.js:166:32)]
    [at Object.Once (C:\Users\janid\Downloads\mylms\lms\node_modules\@tailwindcss\postcss\dist\index.js:10:7013)]
    [at process.processTicksAndRejections (node:internal/process/task_queues:104:5)]
    [at async LazyResult.runAsync (turbopack:///[project]/node_modules/postcss/lib/lazy-result.js:299:11)]
    [at async transform (turbopack:///[turbopack-node]/transforms/postcss.ts?config=[project]/postcss.config.js:70:34)]
    [at async run (turbopack:///[turbopack-node]/child_process/evaluate.ts:89:23)]

Import trace:
  Client Component Browser:
    ./src/app/workspace.css [Client Component Browser]
    ./src/app/[locale]/layout.tsx [Server Component] @ http://localhost:3000/_next/static/chunks/node_modules_next_dist_1e8vcs8._.js:1052
[  176074ms] [ERROR] ./src/app/workspace.css
Error: Error evaluating Node.js code
CssSyntaxError: tailwindcss: C:\Users\janid\Downloads\mylms\lms\src\app\workspace.css:1:1: Cannot apply unknown utility class `text-body-strong`
    [at Input.error (turbopack:///[project]/node_modules/postcss/lib/input.js:135:16)]
    [at Root.error (turbopack:///[project]/node_modules/postcss/lib/node.js:166:32)]
    [at Object.Once (C:\Users\janid\Downloads\mylms\lms\node_modules\@tailwindcss\postcss\dist\index.js:10:7013)]
    [at process.processTicksAndRejections (node:internal/process/task_queues:104:5)]
    [at async LazyResult.runAsync (turbopack:///[project]/node_modules/postcss/lib/lazy-result.js:299:11)]
    [at async transform (turbopack:///[turbopack-node]/transforms/postcss.ts?config=[project]/postcss.config.js:70:34)]
    [at async run (turbopack:///[turbopack-node]/child_process/evaluate.ts:89:23)]

Import trace:
  Client Component Browser:
    ./src/app/workspace.css [Client Component Browser]
    ./src/app/[locale]/layout.tsx [Server Component] @ http://localhost:3000/_next/static/chunks/node_modules_next_dist_1e8vcs8._.js:1052
[  176138ms] [ERROR] ./src/app/workspace.css
Error: Error evaluating Node.js code
CssSyntaxError: tailwindcss: C:\Users\janid\Downloads\mylms\lms\src\app\workspace.css:1:1: Cannot apply unknown utility class `text-body-strong`
    [at Input.error (turbopack:///[project]/node_modules/postcss/lib/input.js:135:16)]
    [at Root.error (turbopack:///[project]/node_modules/postcss/lib/node.js:166:32)]
    [at Object.Once (C:\Users\janid\Downloads\mylms\lms\node_modules\@tailwindcss\postcss\dist\index.js:10:7013)]
    [at process.processTicksAndRejections (node:internal/process/task_queues:104:5)]
    [at async LazyResult.runAsync (turbopack:///[project]/node_modules/postcss/lib/lazy-result.js:299:11)]
    [at async transform (turbopack:///[turbopack-node]/transforms/postcss.ts?config=[project]/postcss.config.js:70:34)]
    [at async run (turbopack:///[turbopack-node]/child_process/evaluate.ts:89:23)]

Import trace:
  Client Component Browser:
    ./src/app/workspace.css [Client Component Browser]
    ./src/app/[locale]/layout.tsx [Server Component] @ http://localhost:3000/_next/static/chunks/node_modules_next_dist_1e8vcs8._.js:1052
[  176201ms] [ERROR] ./src/app/workspace.css
Error: Error evaluating Node.js code
CssSyntaxError: tailwindcss: C:\Users\janid\Downloads\mylms\lms\src\app\workspace.css:1:1: Cannot apply unknown utility class `text-body-strong`
    [at Input.error (turbopack:///[project]/node_modules/postcss/lib/input.js:135:16)]
    [at Root.error (turbopack:///[project]/node_modules/postcss/lib/node.js:166:32)]
    [at Object.Once (C:\Users\janid\Downloads\mylms\lms\node_modules\@tailwindcss\postcss\dist\index.js:10:7013)]
    [at process.processTicksAndRejections (node:internal/process/task_queues:104:5)]
    [at async LazyResult.runAsync (turbopack:///[project]/node_modules/postcss/lib/lazy-result.js:299:11)]
    [at async transform (turbopack:///[turbopack-node]/transforms/postcss.ts?config=[project]/postcss.config.js:70:34)]
    [at async run (turbopack:///[turbopack-node]/child_process/evaluate.ts:89:23)]

Import trace:
  Client Component Browser:
    ./src/app/workspace.css [Client Component Browser]
    ./src/app/[locale]/layout.tsx [Server Component] @ http://localhost:3000/_next/static/chunks/node_modules_next_dist_1e8vcs8._.js:1052
[  176271ms] [ERROR] ./src/app/workspace.css
Error: Error evaluating Node.js code
CssSyntaxError: tailwindcss: C:\Users\janid\Downloads\mylms\lms\src\app\workspace.css:1:1: Cannot apply unknown utility class `text-body-strong`
    [at Input.error (turbopack:///[project]/node_modules/postcss/lib/input.js:135:16)]
    [at Root.error (turbopack:///[project]/node_modules/postcss/lib/node.js:166:32)]
    [at Object.Once (C:\Users\janid\Downloads\mylms\lms\node_modules\@tailwindcss\postcss\dist\index.js:10:7013)]
    [at process.processTicksAndRejections (node:internal/process/task_queues:104:5)]
    [at async LazyResult.runAsync (turbopack:///[project]/node_modules/postcss/lib/lazy-result.js:299:11)]
    [at async transform (turbopack:///[turbopack-node]/transforms/postcss.ts?config=[project]/postcss.config.js:70:34)]
    [at async run (turbopack:///[turbopack-node]/child_process/evaluate.ts:89:23)]

Import trace:
  Client Component Browser:
    ./src/app/workspace.css [Client Component Browser]
    ./src/app/[locale]/layout.tsx [Server Component] @ http://localhost:3000/_next/static/chunks/node_modules_next_dist_1e8vcs8._.js:1052
[  176327ms] [ERROR] ./src/app/workspace.css
Error: Error evaluating Node.js code
CssSyntaxError: tailwindcss: C:\Users\janid\Downloads\mylms\lms\src\app\workspace.css:1:1: Cannot apply unknown utility class `text-body-strong`
    [at Input.error (turbopack:///[project]/node_modules/postcss/lib/input.js:135:16)]
    [at Root.error (turbopack:///[project]/node_modules/postcss/lib/node.js:166:32)]
    [at Object.Once (C:\Users\janid\Downloads\mylms\lms\node_modules\@tailwindcss\postcss\dist\index.js:10:7013)]
    [at process.processTicksAndRejections (node:internal/process/task_queues:104:5)]
    [at async LazyResult.runAsync (turbopack:///[project]/node_modules/postcss/lib/lazy-result.js:299:11)]
    [at async transform (turbopack:///[turbopack-node]/transforms/postcss.ts?config=[project]/postcss.config.js:70:34)]
    [at async run (turbopack:///[turbopack-node]/child_process/evaluate.ts:89:23)]

Import trace:
  Client Component Browser:
    ./src/app/workspace.css [Client Component Browser]
    ./src/app/[locale]/layout.tsx [Server Component] @ http://localhost:3000/_next/static/chunks/node_modules_next_dist_1e8vcs8._.js:1052
[  176390ms] [ERROR] ./src/app/workspace.css
Error: Error evaluating Node.js code
CssSyntaxError: tailwindcss: C:\Users\janid\Downloads\mylms\lms\src\app\workspace.css:1:1: Cannot apply unknown utility class `text-body-strong`
    [at Input.error (turbopack:///[project]/node_modules/postcss/lib/input.js:135:16)]
    [at Root.error (turbopack:///[project]/node_modules/postcss/lib/node.js:166:32)]
    [at Object.Once (C:\Users\janid\Downloads\mylms\lms\node_modules\@tailwindcss\postcss\dist\index.js:10:7013)]
    [at process.processTicksAndRejections (node:internal/process/task_queues:104:5)]
    [at async LazyResult.runAsync (turbopack:///[project]/node_modules/postcss/lib/lazy-result.js:299:11)]
    [at async transform (turbopack:///[turbopack-node]/transforms/postcss.ts?config=[project]/postcss.config.js:70:34)]
    [at async run (turbopack:///[turbopack-node]/child_process/evaluate.ts:89:23)]

Import trace:
  Client Component Browser:
    ./src/app/workspace.css [Client Component Browser]
    ./src/app/[locale]/layout.tsx [Server Component] @ http://localhost:3000/_next/static/chunks/node_modules_next_dist_1e8vcs8._.js:1052
[  176452ms] [ERROR] ./src/app/workspace.css
Error: Error evaluating Node.js code
CssSyntaxError: tailwindcss: C:\Users\janid\Downloads\mylms\lms\src\app\workspace.css:1:1: Cannot apply unknown utility class `text-body-strong`
    [at Input.error (turbopack:///[project]/node_modules/postcss/lib/input.js:135:16)]
    [at Root.error (turbopack:///[project]/node_modules/postcss/lib/node.js:166:32)]
    [at Object.Once (C:\Users\janid\Downloads\mylms\lms\node_modules\@tailwindcss\postcss\dist\index.js:10:7013)]
    [at process.processTicksAndRejections (node:internal/process/task_queues:104:5)]
    [at async LazyResult.runAsync (turbopack:///[project]/node_modules/postcss/lib/lazy-result.js:299:11)]
    [at async transform (turbopack:///[turbopack-node]/transforms/postcss.ts?config=[project]/postcss.config.js:70:34)]
    [at async run (turbopack:///[turbopack-node]/child_process/evaluate.ts:89:23)]

Import trace:
  Client Component Browser:
    ./src/app/workspace.css [Client Component Browser]
    ./src/app/[locale]/layout.tsx [Server Component] @ http://localhost:3000/_next/static/chunks/node_modules_next_dist_1e8vcs8._.js:1052
[  176515ms] [ERROR] ./src/app/workspace.css
Error: Error evaluating Node.js code
CssSyntaxError: tailwindcss: C:\Users\janid\Downloads\mylms\lms\src\app\workspace.css:1:1: Cannot apply unknown utility class `text-body-strong`
    [at Input.error (turbopack:///[project]/node_modules/postcss/lib/input.js:135:16)]
    [at Root.error (turbopack:///[project]/node_modules/postcss/lib/node.js:166:32)]
    [at Object.Once (C:\Users\janid\Downloads\mylms\lms\node_modules\@tailwindcss\postcss\dist\index.js:10:7013)]
    [at process.processTicksAndRejections (node:internal/process/task_queues:104:5)]
    [at async LazyResult.runAsync (turbopack:///[project]/node_modules/postcss/lib/lazy-result.js:299:11)]
    [at async transform (turbopack:///[turbopack-node]/transforms/postcss.ts?config=[project]/postcss.config.js:70:34)]
    [at async run (turbopack:///[turbopack-node]/child_process/evaluate.ts:89:23)]

Import trace:
  Client Component Browser:
    ./src/app/workspace.css [Client Component Browser]
    ./src/app/[locale]/layout.tsx [Server Component] @ http://localhost:3000/_next/static/chunks/node_modules_next_dist_1e8vcs8._.js:1052
[  176578ms] [ERROR] ./src/app/workspace.css
Error: Error evaluating Node.js code
CssSyntaxError: tailwindcss: C:\Users\janid\Downloads\mylms\lms\src\app\workspace.css:1:1: Cannot apply unknown utility class `text-body-strong`
    [at Input.error (turbopack:///[project]/node_modules/postcss/lib/input.js:135:16)]
    [at Root.error (turbopack:///[project]/node_modules/postcss/lib/node.js:166:32)]
    [at Object.Once (C:\Users\janid\Downloads\mylms\lms\node_modules\@tailwindcss\postcss\dist\index.js:10:7013)]
    [at process.processTicksAndRejections (node:internal/process/task_queues:104:5)]
    [at async LazyResult.runAsync (turbopack:///[project]/node_modules/postcss/lib/lazy-result.js:299:11)]
    [at async transform (turbopack:///[turbopack-node]/transforms/postcss.ts?config=[project]/postcss.config.js:70:34)]
    [at async run (turbopack:///[turbopack-node]/child_process/evaluate.ts:89:23)]

Import trace:
  Client Component Browser:
    ./src/app/workspace.css [Client Component Browser]
    ./src/app/[locale]/layout.tsx [Server Component] @ http://localhost:3000/_next/static/chunks/node_modules_next_dist_1e8vcs8._.js:1052
[  176641ms] [ERROR] ./src/app/workspace.css
Error: Error evaluating Node.js code
CssSyntaxError: tailwindcss: C:\Users\janid\Downloads\mylms\lms\src\app\workspace.css:1:1: Cannot apply unknown utility class `text-body-strong`
    [at Input.error (turbopack:///[project]/node_modules/postcss/lib/input.js:135:16)]
    [at Root.error (turbopack:///[project]/node_modules/postcss/lib/node.js:166:32)]
    [at Object.Once (C:\Users\janid\Downloads\mylms\lms\node_modules\@tailwindcss\postcss\dist\index.js:10:7013)]
    [at process.processTicksAndRejections (node:internal/process/task_queues:104:5)]
    [at async LazyResult.runAsync (turbopack:///[project]/node_modules/postcss/lib/lazy-result.js:299:11)]
    [at async transform (turbopack:///[turbopack-node]/transforms/postcss.ts?config=[project]/postcss.config.js:70:34)]
    [at async run (turbopack:///[turbopack-node]/child_process/evaluate.ts:89:23)]

Import trace:
  Client Component Browser:
    ./src/app/workspace.css [Client Component Browser]
    ./src/app/[locale]/layout.tsx [Server Component] @ http://localhost:3000/_next/static/chunks/node_modules_next_dist_1e8vcs8._.js:1052
[  176706ms] [ERROR] ./src/app/workspace.css
Error: Error evaluating Node.js code
CssSyntaxError: tailwindcss: C:\Users\janid\Downloads\mylms\lms\src\app\workspace.css:1:1: Cannot apply unknown utility class `text-body-strong`
    [at Input.error (turbopack:///[project]/node_modules/postcss/lib/input.js:135:16)]
    [at Root.error (turbopack:///[project]/node_modules/postcss/lib/node.js:166:32)]
    [at Object.Once (C:\Users\janid\Downloads\mylms\lms\node_modules\@tailwindcss\postcss\dist\index.js:10:7013)]
    [at process.processTicksAndRejections (node:internal/process/task_queues:104:5)]
    [at async LazyResult.runAsync (turbopack:///[project]/node_modules/postcss/lib/lazy-result.js:299:11)]
    [at async transform (turbopack:///[turbopack-node]/transforms/postcss.ts?config=[project]/postcss.config.js:70:34)]
    [at async run (turbopack:///[turbopack-node]/child_process/evaluate.ts:89:23)]

Import trace:
  Client Component Browser:
    ./src/app/workspace.css [Client Component Browser]
    ./src/app/[locale]/layout.tsx [Server Component] @ http://localhost:3000/_next/static/chunks/node_modules_next_dist_1e8vcs8._.js:1052
[  176798ms] [ERROR] ./src/app/workspace.css
Error: Error evaluating Node.js code
CssSyntaxError: tailwindcss: C:\Users\janid\Downloads\mylms\lms\src\app\workspace.css:1:1: Cannot apply unknown utility class `text-body-strong`
    [at Input.error (turbopack:///[project]/node_modules/postcss/lib/input.js:135:16)]
    [at Root.error (turbopack:///[project]/node_modules/postcss/lib/node.js:166:32)]
    [at Object.Once (C:\Users\janid\Downloads\mylms\lms\node_modules\@tailwindcss\postcss\dist\index.js:10:7013)]
    [at process.processTicksAndRejections (node:internal/process/task_queues:104:5)]
    [at async LazyResult.runAsync (turbopack:///[project]/node_modules/postcss/lib/lazy-result.js:299:11)]
    [at async transform (turbopack:///[turbopack-node]/transforms/postcss.ts?config=[project]/postcss.config.js:70:34)]
    [at async run (turbopack:///[turbopack-node]/child_process/evaluate.ts:89:23)]

Import trace:
  Client Component Browser:
    ./src/app/workspace.css [Client Component Browser]
    ./src/app/[locale]/layout.tsx [Server Component] @ http://localhost:3000/_next/static/chunks/node_modules_next_dist_1e8vcs8._.js:1052
[  176879ms] [ERROR] ./src/app/workspace.css
Error: Error evaluating Node.js code
CssSyntaxError: tailwindcss: C:\Users\janid\Downloads\mylms\lms\src\app\workspace.css:1:1: Cannot apply unknown utility class `text-body-strong`
    [at Input.error (turbopack:///[project]/node_modules/postcss/lib/input.js:135:16)]
    [at Root.error (turbopack:///[project]/node_modules/postcss/lib/node.js:166:32)]
    [at Object.Once (C:\Users\janid\Downloads\mylms\lms\node_modules\@tailwindcss\postcss\dist\index.js:10:7013)]
    [at process.processTicksAndRejections (node:internal/process/task_queues:104:5)]
    [at async LazyResult.runAsync (turbopack:///[project]/node_modules/postcss/lib/lazy-result.js:299:11)]
    [at async transform (turbopack:///[turbopack-node]/transforms/postcss.ts?config=[project]/postcss.config.js:70:34)]
    [at async run (turbopack:///[turbopack-node]/child_process/evaluate.ts:89:23)]

Import trace:
  Client Component Browser:
    ./src/app/workspace.css [Client Component Browser]
    ./src/app/[locale]/layout.tsx [Server Component] @ http://localhost:3000/_next/static/chunks/node_modules_next_dist_1e8vcs8._.js:1052
[  176943ms] [ERROR] ./src/app/workspace.css
Error: Error evaluating Node.js code
CssSyntaxError: tailwindcss: C:\Users\janid\Downloads\mylms\lms\src\app\workspace.css:1:1: Cannot apply unknown utility class `text-body-strong`
    [at Input.error (turbopack:///[project]/node_modules/postcss/lib/input.js:135:16)]
    [at Root.error (turbopack:///[project]/node_modules/postcss/lib/node.js:166:32)]
    [at Object.Once (C:\Users\janid\Downloads\mylms\lms\node_modules\@tailwindcss\postcss\dist\index.js:10:7013)]
    [at process.processTicksAndRejections (node:internal/process/task_queues:104:5)]
    [at async LazyResult.runAsync (turbopack:///[project]/node_modules/postcss/lib/lazy-result.js:299:11)]
    [at async transform (turbopack:///[turbopack-node]/transforms/postcss.ts?config=[project]/postcss.config.js:70:34)]
    [at async run (turbopack:///[turbopack-node]/child_process/evaluate.ts:89:23)]

Import trace:
  Client Component Browser:
    ./src/app/workspace.css [Client Component Browser]
    ./src/app/[locale]/layout.tsx [Server Component] @ http://localhost:3000/_next/static/chunks/node_modules_next_dist_1e8vcs8._.js:1052
[  177009ms] [ERROR] ./src/app/workspace.css
Error: Error evaluating Node.js code
CssSyntaxError: tailwindcss: C:\Users\janid\Downloads\mylms\lms\src\app\workspace.css:1:1: Cannot apply unknown utility class `text-body-strong`
    [at Input.error (turbopack:///[project]/node_modules/postcss/lib/input.js:135:16)]
    [at Root.error (turbopack:///[project]/node_modules/postcss/lib/node.js:166:32)]
    [at Object.Once (C:\Users\janid\Downloads\mylms\lms\node_modules\@tailwindcss\postcss\dist\index.js:10:7013)]
    [at process.processTicksAndRejections (node:internal/process/task_queues:104:5)]
    [at async LazyResult.runAsync (turbopack:///[project]/node_modules/postcss/lib/lazy-result.js:299:11)]
    [at async transform (turbopack:///[turbopack-node]/transforms/postcss.ts?config=[project]/postcss.config.js:70:34)]
    [at async run (turbopack:///[turbopack-node]/child_process/evaluate.ts:89:23)]

Import trace:
  Client Component Browser:
    ./src/app/workspace.css [Client Component Browser]
    ./src/app/[locale]/layout.tsx [Server Component] @ http://localhost:3000/_next/static/chunks/node_modules_next_dist_1e8vcs8._.js:1052
[  177069ms] [ERROR] ./src/app/workspace.css
Error: Error evaluating Node.js code
CssSyntaxError: tailwindcss: C:\Users\janid\Downloads\mylms\lms\src\app\workspace.css:1:1: Cannot apply unknown utility class `text-body-strong`
    [at Input.error (turbopack:///[project]/node_modules/postcss/lib/input.js:135:16)]
    [at Root.error (turbopack:///[project]/node_modules/postcss/lib/node.js:166:32)]
    [at Object.Once (C:\Users\janid\Downloads\mylms\lms\node_modules\@tailwindcss\postcss\dist\index.js:10:7013)]
    [at process.processTicksAndRejections (node:internal/process/task_queues:104:5)]
    [at async LazyResult.runAsync (turbopack:///[project]/node_modules/postcss/lib/lazy-result.js:299:11)]
    [at async transform (turbopack:///[turbopack-node]/transforms/postcss.ts?config=[project]/postcss.config.js:70:34)]
    [at async run (turbopack:///[turbopack-node]/child_process/evaluate.ts:89:23)]

Import trace:
  Client Component Browser:
    ./src/app/workspace.css [Client Component Browser]
    ./src/app/[locale]/layout.tsx [Server Component] @ http://localhost:3000/_next/static/chunks/node_modules_next_dist_1e8vcs8._.js:1052
[  177132ms] [ERROR] ./src/app/workspace.css
Error: Error evaluating Node.js code
CssSyntaxError: tailwindcss: C:\Users\janid\Downloads\mylms\lms\src\app\workspace.css:1:1: Cannot apply unknown utility class `text-body-strong`
    [at Input.error (turbopack:///[project]/node_modules/postcss/lib/input.js:135:16)]
    [at Root.error (turbopack:///[project]/node_modules/postcss/lib/node.js:166:32)]
    [at Object.Once (C:\Users\janid\Downloads\mylms\lms\node_modules\@tailwindcss\postcss\dist\index.js:10:7013)]
    [at process.processTicksAndRejections (node:internal/process/task_queues:104:5)]
    [at async LazyResult.runAsync (turbopack:///[project]/node_modules/postcss/lib/lazy-result.js:299:11)]
    [at async transform (turbopack:///[turbopack-node]/transforms/postcss.ts?config=[project]/postcss.config.js:70:34)]
    [at async run (turbopack:///[turbopack-node]/child_process/evaluate.ts:89:23)]

Import trace:
  Client Component Browser:
    ./src/app/workspace.css [Client Component Browser]
    ./src/app/[locale]/layout.tsx [Server Component] @ http://localhost:3000/_next/static/chunks/node_modules_next_dist_1e8vcs8._.js:1052
[  177215ms] [ERROR] ./src/app/workspace.css
Error: Error evaluating Node.js code
CssSyntaxError: tailwindcss: C:\Users\janid\Downloads\mylms\lms\src\app\workspace.css:1:1: Cannot apply unknown utility class `text-body-strong`
    [at Input.error (turbopack:///[project]/node_modules/postcss/lib/input.js:135:16)]
    [at Root.error (turbopack:///[project]/node_modules/postcss/lib/node.js:166:32)]
    [at Object.Once (C:\Users\janid\Downloads\mylms\lms\node_modules\@tailwindcss\postcss\dist\index.js:10:7013)]
    [at process.processTicksAndRejections (node:internal/process/task_queues:104:5)]
    [at async LazyResult.runAsync (turbopack:///[project]/node_modules/postcss/lib/lazy-result.js:299:11)]
    [at async transform (turbopack:///[turbopack-node]/transforms/postcss.ts?config=[project]/postcss.config.js:70:34)]
    [at async run (turbopack:///[turbopack-node]/child_process/evaluate.ts:89:23)]

Import trace:
  Client Component Browser:
    ./src/app/workspace.css [Client Component Browser]
    ./src/app/[locale]/layout.tsx [Server Component] @ http://localhost:3000/_next/static/chunks/node_modules_next_dist_1e8vcs8._.js:1052
[  177275ms] [ERROR] ./src/app/workspace.css
Error: Error evaluating Node.js code
CssSyntaxError: tailwindcss: C:\Users\janid\Downloads\mylms\lms\src\app\workspace.css:1:1: Cannot apply unknown utility class `text-body-strong`
    [at Input.error (turbopack:///[project]/node_modules/postcss/lib/input.js:135:16)]
    [at Root.error (turbopack:///[project]/node_modules/postcss/lib/node.js:166:32)]
    [at Object.Once (C:\Users\janid\Downloads\mylms\lms\node_modules\@tailwindcss\postcss\dist\index.js:10:7013)]
    [at process.processTicksAndRejections (node:internal/process/task_queues:104:5)]
    [at async LazyResult.runAsync (turbopack:///[project]/node_modules/postcss/lib/lazy-result.js:299:11)]
    [at async transform (turbopack:///[turbopack-node]/transforms/postcss.ts?config=[project]/postcss.config.js:70:34)]
    [at async run (turbopack:///[turbopack-node]/child_process/evaluate.ts:89:23)]

Import trace:
  Client Component Browser:
    ./src/app/workspace.css [Client Component Browser]
    ./src/app/[locale]/layout.tsx [Server Component] @ http://localhost:3000/_next/static/chunks/node_modules_next_dist_1e8vcs8._.js:1052
[  177337ms] [ERROR] ./src/app/workspace.css
Error: Error evaluating Node.js code
CssSyntaxError: tailwindcss: C:\Users\janid\Downloads\mylms\lms\src\app\workspace.css:1:1: Cannot apply unknown utility class `text-body-strong`
    [at Input.error (turbopack:///[project]/node_modules/postcss/lib/input.js:135:16)]
    [at Root.error (turbopack:///[project]/node_modules/postcss/lib/node.js:166:32)]
    [at Object.Once (C:\Users\janid\Downloads\mylms\lms\node_modules\@tailwindcss\postcss\dist\index.js:10:7013)]
    [at process.processTicksAndRejections (node:internal/process/task_queues:104:5)]
    [at async LazyResult.runAsync (turbopack:///[project]/node_modules/postcss/lib/lazy-result.js:299:11)]
    [at async transform (turbopack:///[turbopack-node]/transforms/postcss.ts?config=[project]/postcss.config.js:70:34)]
    [at async run (turbopack:///[turbopack-node]/child_process/evaluate.ts:89:23)]

Import trace:
  Client Component Browser:
    ./src/app/workspace.css [Client Component Browser]
    ./src/app/[locale]/layout.tsx [Server Component] @ http://localhost:3000/_next/static/chunks/node_modules_next_dist_1e8vcs8._.js:1052
[  177400ms] [ERROR] ./src/app/workspace.css
Error: Error evaluating Node.js code
CssSyntaxError: tailwindcss: C:\Users\janid\Downloads\mylms\lms\src\app\workspace.css:1:1: Cannot apply unknown utility class `text-body-strong`
    [at Input.error (turbopack:///[project]/node_modules/postcss/lib/input.js:135:16)]
    [at Root.error (turbopack:///[project]/node_modules/postcss/lib/node.js:166:32)]
    [at Object.Once (C:\Users\janid\Downloads\mylms\lms\node_modules\@tailwindcss\postcss\dist\index.js:10:7013)]
    [at process.processTicksAndRejections (node:internal/process/task_queues:104:5)]
    [at async LazyResult.runAsync (turbopack:///[project]/node_modules/postcss/lib/lazy-result.js:299:11)]
    [at async transform (turbopack:///[turbopack-node]/transforms/postcss.ts?config=[project]/postcss.config.js:70:34)]
    [at async run (turbopack:///[turbopack-node]/child_process/evaluate.ts:89:23)]

Import trace:
  Client Component Browser:
    ./src/app/workspace.css [Client Component Browser]
    ./src/app/[locale]/layout.tsx [Server Component] @ http://localhost:3000/_next/static/chunks/node_modules_next_dist_1e8vcs8._.js:1052
[  177475ms] [ERROR] ./src/app/workspace.css
Error: Error evaluating Node.js code
CssSyntaxError: tailwindcss: C:\Users\janid\Downloads\mylms\lms\src\app\workspace.css:1:1: Cannot apply unknown utility class `text-body-strong`
    [at Input.error (turbopack:///[project]/node_modules/postcss/lib/input.js:135:16)]
    [at Root.error (turbopack:///[project]/node_modules/postcss/lib/node.js:166:32)]
    [at Object.Once (C:\Users\janid\Downloads\mylms\lms\node_modules\@tailwindcss\postcss\dist\index.js:10:7013)]
    [at process.processTicksAndRejections (node:internal/process/task_queues:104:5)]
    [at async LazyResult.runAsync (turbopack:///[project]/node_modules/postcss/lib/lazy-result.js:299:11)]
    [at async transform (turbopack:///[turbopack-node]/transforms/postcss.ts?config=[project]/postcss.config.js:70:34)]
    [at async run (turbopack:///[turbopack-node]/child_process/evaluate.ts:89:23)]

Import trace:
  Client Component Browser:
    ./src/app/workspace.css [Client Component Browser]
    ./src/app/[locale]/layout.tsx [Server Component] @ http://localhost:3000/_next/static/chunks/node_modules_next_dist_1e8vcs8._.js:1052
[  177543ms] [ERROR] ./src/app/workspace.css
Error: Error evaluating Node.js code
CssSyntaxError: tailwindcss: C:\Users\janid\Downloads\mylms\lms\src\app\workspace.css:1:1: Cannot apply unknown utility class `text-body-strong`
    [at Input.error (turbopack:///[project]/node_modules/postcss/lib/input.js:135:16)]
    [at Root.error (turbopack:///[project]/node_modules/postcss/lib/node.js:166:32)]
    [at Object.Once (C:\Users\janid\Downloads\mylms\lms\node_modules\@tailwindcss\postcss\dist\index.js:10:7013)]
    [at process.processTicksAndRejections (node:internal/process/task_queues:104:5)]
    [at async LazyResult.runAsync (turbopack:///[project]/node_modules/postcss/lib/lazy-result.js:299:11)]
    [at async transform (turbopack:///[turbopack-node]/transforms/postcss.ts?config=[project]/postcss.config.js:70:34)]
    [at async run (turbopack:///[turbopack-node]/child_process/evaluate.ts:89:23)]

Import trace:
  Client Component Browser:
    ./src/app/workspace.css [Client Component Browser]
    ./src/app/[locale]/layout.tsx [Server Component] @ http://localhost:3000/_next/static/chunks/node_modules_next_dist_1e8vcs8._.js:1052
[  177604ms] [ERROR] ./src/app/workspace.css
Error: Error evaluating Node.js code
CssSyntaxError: tailwindcss: C:\Users\janid\Downloads\mylms\lms\src\app\workspace.css:1:1: Cannot apply unknown utility class `text-body-strong`
    [at Input.error (turbopack:///[project]/node_modules/postcss/lib/input.js:135:16)]
    [at Root.error (turbopack:///[project]/node_modules/postcss/lib/node.js:166:32)]
    [at Object.Once (C:\Users\janid\Downloads\mylms\lms\node_modules\@tailwindcss\postcss\dist\index.js:10:7013)]
    [at process.processTicksAndRejections (node:internal/process/task_queues:104:5)]
    [at async LazyResult.runAsync (turbopack:///[project]/node_modules/postcss/lib/lazy-result.js:299:11)]
    [at async transform (turbopack:///[turbopack-node]/transforms/postcss.ts?config=[project]/postcss.config.js:70:34)]
    [at async run (turbopack:///[turbopack-node]/child_process/evaluate.ts:89:23)]

Import trace:
  Client Component Browser:
    ./src/app/workspace.css [Client Component Browser]
    ./src/app/[locale]/layout.tsx [Server Component] @ http://localhost:3000/_next/static/chunks/node_modules_next_dist_1e8vcs8._.js:1052
[  177693ms] [ERROR] ./src/app/workspace.css
Error: Error evaluating Node.js code
CssSyntaxError: tailwindcss: C:\Users\janid\Downloads\mylms\lms\src\app\workspace.css:1:1: Cannot apply unknown utility class `text-body-strong`
    [at Input.error (turbopack:///[project]/node_modules/postcss/lib/input.js:135:16)]
    [at Root.error (turbopack:///[project]/node_modules/postcss/lib/node.js:166:32)]
    [at Object.Once (C:\Users\janid\Downloads\mylms\lms\node_modules\@tailwindcss\postcss\dist\index.js:10:7013)]
    [at process.processTicksAndRejections (node:internal/process/task_queues:104:5)]
    [at async LazyResult.runAsync (turbopack:///[project]/node_modules/postcss/lib/lazy-result.js:299:11)]
    [at async transform (turbopack:///[turbopack-node]/transforms/postcss.ts?config=[project]/postcss.config.js:70:34)]
    [at async run (turbopack:///[turbopack-node]/child_process/evaluate.ts:89:23)]

Import trace:
  Client Component Browser:
    ./src/app/workspace.css [Client Component Browser]
    ./src/app/[locale]/layout.tsx [Server Component] @ http://localhost:3000/_next/static/chunks/node_modules_next_dist_1e8vcs8._.js:1052
[  177741ms] [ERROR] ./src/app/workspace.css
Error: Error evaluating Node.js code
CssSyntaxError: tailwindcss: C:\Users\janid\Downloads\mylms\lms\src\app\workspace.css:1:1: Cannot apply unknown utility class `text-body-strong`
    [at Input.error (turbopack:///[project]/node_modules/postcss/lib/input.js:135:16)]
    [at Root.error (turbopack:///[project]/node_modules/postcss/lib/node.js:166:32)]
    [at Object.Once (C:\Users\janid\Downloads\mylms\lms\node_modules\@tailwindcss\postcss\dist\index.js:10:7013)]
    [at process.processTicksAndRejections (node:internal/process/task_queues:104:5)]
    [at async LazyResult.runAsync (turbopack:///[project]/node_modules/postcss/lib/lazy-result.js:299:11)]
    [at async transform (turbopack:///[turbopack-node]/transforms/postcss.ts?config=[project]/postcss.config.js:70:34)]
    [at async run (turbopack:///[turbopack-node]/child_process/evaluate.ts:89:23)]

Import trace:
  Client Component Browser:
    ./src/app/workspace.css [Client Component Browser]
    ./src/app/[locale]/layout.tsx [Server Component] @ http://localhost:3000/_next/static/chunks/node_modules_next_dist_1e8vcs8._.js:1052
[  177806ms] [ERROR] ./src/app/workspace.css
Error: Error evaluating Node.js code
CssSyntaxError: tailwindcss: C:\Users\janid\Downloads\mylms\lms\src\app\workspace.css:1:1: Cannot apply unknown utility class `text-body-strong`
    [at Input.error (turbopack:///[project]/node_modules/postcss/lib/input.js:135:16)]
    [at Root.error (turbopack:///[project]/node_modules/postcss/lib/node.js:166:32)]
    [at Object.Once (C:\Users\janid\Downloads\mylms\lms\node_modules\@tailwindcss\postcss\dist\index.js:10:7013)]
    [at process.processTicksAndRejections (node:internal/process/task_queues:104:5)]
    [at async LazyResult.runAsync (turbopack:///[project]/node_modules/postcss/lib/lazy-result.js:299:11)]
    [at async transform (turbopack:///[turbopack-node]/transforms/postcss.ts?config=[project]/postcss.config.js:70:34)]
    [at async run (turbopack:///[turbopack-node]/child_process/evaluate.ts:89:23)]

Import trace:
  Client Component Browser:
    ./src/app/workspace.css [Client Component Browser]
    ./src/app/[locale]/layout.tsx [Server Component] @ http://localhost:3000/_next/static/chunks/node_modules_next_dist_1e8vcs8._.js:1052
[  177868ms] [ERROR] ./src/app/workspace.css
Error: Error evaluating Node.js code
CssSyntaxError: tailwindcss: C:\Users\janid\Downloads\mylms\lms\src\app\workspace.css:1:1: Cannot apply unknown utility class `text-body-strong`
    [at Input.error (turbopack:///[project]/node_modules/postcss/lib/input.js:135:16)]
    [at Root.error (turbopack:///[project]/node_modules/postcss/lib/node.js:166:32)]
    [at Object.Once (C:\Users\janid\Downloads\mylms\lms\node_modules\@tailwindcss\postcss\dist\index.js:10:7013)]
    [at process.processTicksAndRejections (node:internal/process/task_queues:104:5)]
    [at async LazyResult.runAsync (turbopack:///[project]/node_modules/postcss/lib/lazy-result.js:299:11)]
    [at async transform (turbopack:///[turbopack-node]/transforms/postcss.ts?config=[project]/postcss.config.js:70:34)]
    [at async run (turbopack:///[turbopack-node]/child_process/evaluate.ts:89:23)]

Import trace:
  Client Component Browser:
    ./src/app/workspace.css [Client Component Browser]
    ./src/app/[locale]/layout.tsx [Server Component] @ http://localhost:3000/_next/static/chunks/node_modules_next_dist_1e8vcs8._.js:1052
[  177932ms] [ERROR] ./src/app/workspace.css
Error: Error evaluating Node.js code
CssSyntaxError: tailwindcss: C:\Users\janid\Downloads\mylms\lms\src\app\workspace.css:1:1: Cannot apply unknown utility class `text-body-strong`
    [at Input.error (turbopack:///[project]/node_modules/postcss/lib/input.js:135:16)]
    [at Root.error (turbopack:///[project]/node_modules/postcss/lib/node.js:166:32)]
    [at Object.Once (C:\Users\janid\Downloads\mylms\lms\node_modules\@tailwindcss\postcss\dist\index.js:10:7013)]
    [at process.processTicksAndRejections (node:internal/process/task_queues:104:5)]
    [at async LazyResult.runAsync (turbopack:///[project]/node_modules/postcss/lib/lazy-result.js:299:11)]
    [at async transform (turbopack:///[turbopack-node]/transforms/postcss.ts?config=[project]/postcss.config.js:70:34)]
    [at async run (turbopack:///[turbopack-node]/child_process/evaluate.ts:89:23)]

Import trace:
  Client Component Browser:
    ./src/app/workspace.css [Client Component Browser]
    ./src/app/[locale]/layout.tsx [Server Component] @ http://localhost:3000/_next/static/chunks/node_modules_next_dist_1e8vcs8._.js:1052
[  177995ms] [ERROR] ./src/app/workspace.css
Error: Error evaluating Node.js code
CssSyntaxError: tailwindcss: C:\Users\janid\Downloads\mylms\lms\src\app\workspace.css:1:1: Cannot apply unknown utility class `text-body-strong`
    [at Input.error (turbopack:///[project]/node_modules/postcss/lib/input.js:135:16)]
    [at Root.error (turbopack:///[project]/node_modules/postcss/lib/node.js:166:32)]
    [at Object.Once (C:\Users\janid\Downloads\mylms\lms\node_modules\@tailwindcss\postcss\dist\index.js:10:7013)]
    [at process.processTicksAndRejections (node:internal/process/task_queues:104:5)]
    [at async LazyResult.runAsync (turbopack:///[project]/node_modules/postcss/lib/lazy-result.js:299:11)]
    [at async transform (turbopack:///[turbopack-node]/transforms/postcss.ts?config=[project]/postcss.config.js:70:34)]
    [at async run (turbopack:///[turbopack-node]/child_process/evaluate.ts:89:23)]

Import trace:
  Client Component Browser:
    ./src/app/workspace.css [Client Component Browser]
    ./src/app/[locale]/layout.tsx [Server Component] @ http://localhost:3000/_next/static/chunks/node_modules_next_dist_1e8vcs8._.js:1052
[  178057ms] [ERROR] ./src/app/workspace.css
Error: Error evaluating Node.js code
CssSyntaxError: tailwindcss: C:\Users\janid\Downloads\mylms\lms\src\app\workspace.css:1:1: Cannot apply unknown utility class `text-body-strong`
    [at Input.error (turbopack:///[project]/node_modules/postcss/lib/input.js:135:16)]
    [at Root.error (turbopack:///[project]/node_modules/postcss/lib/node.js:166:32)]
    [at Object.Once (C:\Users\janid\Downloads\mylms\lms\node_modules\@tailwindcss\postcss\dist\index.js:10:7013)]
    [at process.processTicksAndRejections (node:internal/process/task_queues:104:5)]
    [at async LazyResult.runAsync (turbopack:///[project]/node_modules/postcss/lib/lazy-result.js:299:11)]
    [at async transform (turbopack:///[turbopack-node]/transforms/postcss.ts?config=[project]/postcss.config.js:70:34)]
    [at async run (turbopack:///[turbopack-node]/child_process/evaluate.ts:89:23)]

Import trace:
  Client Component Browser:
    ./src/app/workspace.css [Client Component Browser]
    ./src/app/[locale]/layout.tsx [Server Component] @ http://localhost:3000/_next/static/chunks/node_modules_next_dist_1e8vcs8._.js:1052
[  178120ms] [ERROR] ./src/app/workspace.css
Error: Error evaluating Node.js code
CssSyntaxError: tailwindcss: C:\Users\janid\Downloads\mylms\lms\src\app\workspace.css:1:1: Cannot apply unknown utility class `text-body-strong`
    [at Input.error (turbopack:///[project]/node_modules/postcss/lib/input.js:135:16)]
    [at Root.error (turbopack:///[project]/node_modules/postcss/lib/node.js:166:32)]
    [at Object.Once (C:\Users\janid\Downloads\mylms\lms\node_modules\@tailwindcss\postcss\dist\index.js:10:7013)]
    [at process.processTicksAndRejections (node:internal/process/task_queues:104:5)]
    [at async LazyResult.runAsync (turbopack:///[project]/node_modules/postcss/lib/lazy-result.js:299:11)]
    [at async transform (turbopack:///[turbopack-node]/transforms/postcss.ts?config=[project]/postcss.config.js:70:34)]
    [at async run (turbopack:///[turbopack-node]/child_process/evaluate.ts:89:23)]

Import trace:
  Client Component Browser:
    ./src/app/workspace.css [Client Component Browser]
    ./src/app/[locale]/layout.tsx [Server Component] @ http://localhost:3000/_next/static/chunks/node_modules_next_dist_1e8vcs8._.js:1052
[  178183ms] [ERROR] ./src/app/workspace.css
Error: Error evaluating Node.js code
CssSyntaxError: tailwindcss: C:\Users\janid\Downloads\mylms\lms\src\app\workspace.css:1:1: Cannot apply unknown utility class `text-body-strong`
    [at Input.error (turbopack:///[project]/node_modules/postcss/lib/input.js:135:16)]
    [at Root.error (turbopack:///[project]/node_modules/postcss/lib/node.js:166:32)]
    [at Object.Once (C:\Users\janid\Downloads\mylms\lms\node_modules\@tailwindcss\postcss\dist\index.js:10:7013)]
    [at process.processTicksAndRejections (node:internal/process/task_queues:104:5)]
    [at async LazyResult.runAsync (turbopack:///[project]/node_modules/postcss/lib/lazy-result.js:299:11)]
    [at async transform (turbopack:///[turbopack-node]/transforms/postcss.ts?config=[project]/postcss.config.js:70:34)]
    [at async run (turbopack:///[turbopack-node]/child_process/evaluate.ts:89:23)]

Import trace:
  Client Component Browser:
    ./src/app/workspace.css [Client Component Browser]
    ./src/app/[locale]/layout.tsx [Server Component] @ http://localhost:3000/_next/static/chunks/node_modules_next_dist_1e8vcs8._.js:1052
[  178247ms] [ERROR] ./src/app/workspace.css
Error: Error evaluating Node.js code
CssSyntaxError: tailwindcss: C:\Users\janid\Downloads\mylms\lms\src\app\workspace.css:1:1: Cannot apply unknown utility class `text-body-strong`
    [at Input.error (turbopack:///[project]/node_modules/postcss/lib/input.js:135:16)]
    [at Root.error (turbopack:///[project]/node_modules/postcss/lib/node.js:166:32)]
    [at Object.Once (C:\Users\janid\Downloads\mylms\lms\node_modules\@tailwindcss\postcss\dist\index.js:10:7013)]
    [at process.processTicksAndRejections (node:internal/process/task_queues:104:5)]
    [at async LazyResult.runAsync (turbopack:///[project]/node_modules/postcss/lib/lazy-result.js:299:11)]
    [at async transform (turbopack:///[turbopack-node]/transforms/postcss.ts?config=[project]/postcss.config.js:70:34)]
    [at async run (turbopack:///[turbopack-node]/child_process/evaluate.ts:89:23)]

Import trace:
  Client Component Browser:
    ./src/app/workspace.css [Client Component Browser]
    ./src/app/[locale]/layout.tsx [Server Component] @ http://localhost:3000/_next/static/chunks/node_modules_next_dist_1e8vcs8._.js:1052
[  178309ms] [ERROR] ./src/app/workspace.css
Error: Error evaluating Node.js code
CssSyntaxError: tailwindcss: C:\Users\janid\Downloads\mylms\lms\src\app\workspace.css:1:1: Cannot apply unknown utility class `text-body-strong`
    [at Input.error (turbopack:///[project]/node_modules/postcss/lib/input.js:135:16)]
    [at Root.error (turbopack:///[project]/node_modules/postcss/lib/node.js:166:32)]
    [at Object.Once (C:\Users\janid\Downloads\mylms\lms\node_modules\@tailwindcss\postcss\dist\index.js:10:7013)]
    [at process.processTicksAndRejections (node:internal/process/task_queues:104:5)]
    [at async LazyResult.runAsync (turbopack:///[project]/node_modules/postcss/lib/lazy-result.js:299:11)]
    [at async transform (turbopack:///[turbopack-node]/transforms/postcss.ts?config=[project]/postcss.config.js:70:34)]
    [at async run (turbopack:///[turbopack-node]/child_process/evaluate.ts:89:23)]

Import trace:
  Client Component Browser:
    ./src/app/workspace.css [Client Component Browser]
    ./src/app/[locale]/layout.tsx [Server Component] @ http://localhost:3000/_next/static/chunks/node_modules_next_dist_1e8vcs8._.js:1052
[  178374ms] [ERROR] ./src/app/workspace.css
Error: Error evaluating Node.js code
CssSyntaxError: tailwindcss: C:\Users\janid\Downloads\mylms\lms\src\app\workspace.css:1:1: Cannot apply unknown utility class `text-body-strong`
    [at Input.error (turbopack:///[project]/node_modules/postcss/lib/input.js:135:16)]
    [at Root.error (turbopack:///[project]/node_modules/postcss/lib/node.js:166:32)]
    [at Object.Once (C:\Users\janid\Downloads\mylms\lms\node_modules\@tailwindcss\postcss\dist\index.js:10:7013)]
    [at process.processTicksAndRejections (node:internal/process/task_queues:104:5)]
    [at async LazyResult.runAsync (turbopack:///[project]/node_modules/postcss/lib/lazy-result.js:299:11)]
    [at async transform (turbopack:///[turbopack-node]/transforms/postcss.ts?config=[project]/postcss.config.js:70:34)]
    [at async run (turbopack:///[turbopack-node]/child_process/evaluate.ts:89:23)]

Import trace:
  Client Component Browser:
    ./src/app/workspace.css [Client Component Browser]
    ./src/app/[locale]/layout.tsx [Server Component] @ http://localhost:3000/_next/static/chunks/node_modules_next_dist_1e8vcs8._.js:1052
[  178435ms] [ERROR] ./src/app/workspace.css
Error: Error evaluating Node.js code
CssSyntaxError: tailwindcss: C:\Users\janid\Downloads\mylms\lms\src\app\workspace.css:1:1: Cannot apply unknown utility class `text-body-strong`
    [at Input.error (turbopack:///[project]/node_modules/postcss/lib/input.js:135:16)]
    [at Root.error (turbopack:///[project]/node_modules/postcss/lib/node.js:166:32)]
    [at Object.Once (C:\Users\janid\Downloads\mylms\lms\node_modules\@tailwindcss\postcss\dist\index.js:10:7013)]
    [at process.processTicksAndRejections (node:internal/process/task_queues:104:5)]
    [at async LazyResult.runAsync (turbopack:///[project]/node_modules/postcss/lib/lazy-result.js:299:11)]
    [at async transform (turbopack:///[turbopack-node]/transforms/postcss.ts?config=[project]/postcss.config.js:70:34)]
    [at async run (turbopack:///[turbopack-node]/child_process/evaluate.ts:89:23)]

Import trace:
  Client Component Browser:
    ./src/app/workspace.css [Client Component Browser]
    ./src/app/[locale]/layout.tsx [Server Component] @ http://localhost:3000/_next/static/chunks/node_modules_next_dist_1e8vcs8._.js:1052
[  178498ms] [ERROR] ./src/app/workspace.css
Error: Error evaluating Node.js code
CssSyntaxError: tailwindcss: C:\Users\janid\Downloads\mylms\lms\src\app\workspace.css:1:1: Cannot apply unknown utility class `text-body-strong`
    [at Input.error (turbopack:///[project]/node_modules/postcss/lib/input.js:135:16)]
    [at Root.error (turbopack:///[project]/node_modules/postcss/lib/node.js:166:32)]
    [at Object.Once (C:\Users\janid\Downloads\mylms\lms\node_modules\@tailwindcss\postcss\dist\index.js:10:7013)]
    [at process.processTicksAndRejections (node:internal/process/task_queues:104:5)]
    [at async LazyResult.runAsync (turbopack:///[project]/node_modules/postcss/lib/lazy-result.js:299:11)]
    [at async transform (turbopack:///[turbopack-node]/transforms/postcss.ts?config=[project]/postcss.config.js:70:34)]
    [at async run (turbopack:///[turbopack-node]/child_process/evaluate.ts:89:23)]

Import trace:
  Client Component Browser:
    ./src/app/workspace.css [Client Component Browser]
    ./src/app/[locale]/layout.tsx [Server Component] @ http://localhost:3000/_next/static/chunks/node_modules_next_dist_1e8vcs8._.js:1052
[  178561ms] [ERROR] ./src/app/workspace.css
Error: Error evaluating Node.js code
CssSyntaxError: tailwindcss: C:\Users\janid\Downloads\mylms\lms\src\app\workspace.css:1:1: Cannot apply unknown utility class `text-body-strong`
    [at Input.error (turbopack:///[project]/node_modules/postcss/lib/input.js:135:16)]
    [at Root.error (turbopack:///[project]/node_modules/postcss/lib/node.js:166:32)]
    [at Object.Once (C:\Users\janid\Downloads\mylms\lms\node_modules\@tailwindcss\postcss\dist\index.js:10:7013)]
    [at process.processTicksAndRejections (node:internal/process/task_queues:104:5)]
    [at async LazyResult.runAsync (turbopack:///[project]/node_modules/postcss/lib/lazy-result.js:299:11)]
    [at async transform (turbopack:///[turbopack-node]/transforms/postcss.ts?config=[project]/postcss.config.js:70:34)]
    [at async run (turbopack:///[turbopack-node]/child_process/evaluate.ts:89:23)]

Import trace:
  Client Component Browser:
    ./src/app/workspace.css [Client Component Browser]
    ./src/app/[locale]/layout.tsx [Server Component] @ http://localhost:3000/_next/static/chunks/node_modules_next_dist_1e8vcs8._.js:1052
[  178625ms] [ERROR] ./src/app/workspace.css
Error: Error evaluating Node.js code
CssSyntaxError: tailwindcss: C:\Users\janid\Downloads\mylms\lms\src\app\workspace.css:1:1: Cannot apply unknown utility class `text-body-strong`
    [at Input.error (turbopack:///[project]/node_modules/postcss/lib/input.js:135:16)]
    [at Root.error (turbopack:///[project]/node_modules/postcss/lib/node.js:166:32)]
    [at Object.Once (C:\Users\janid\Downloads\mylms\lms\node_modules\@tailwindcss\postcss\dist\index.js:10:7013)]
    [at process.processTicksAndRejections (node:internal/process/task_queues:104:5)]
    [at async LazyResult.runAsync (turbopack:///[project]/node_modules/postcss/lib/lazy-result.js:299:11)]
    [at async transform (turbopack:///[turbopack-node]/transforms/postcss.ts?config=[project]/postcss.config.js:70:34)]
    [at async run (turbopack:///[turbopack-node]/child_process/evaluate.ts:89:23)]

Import trace:
  Client Component Browser:
    ./src/app/workspace.css [Client Component Browser]
    ./src/app/[locale]/layout.tsx [Server Component] @ http://localhost:3000/_next/static/chunks/node_modules_next_dist_1e8vcs8._.js:1052
[  178688ms] [ERROR] ./src/app/workspace.css
Error: Error evaluating Node.js code
CssSyntaxError: tailwindcss: C:\Users\janid\Downloads\mylms\lms\src\app\workspace.css:1:1: Cannot apply unknown utility class `text-body-strong`
    [at Input.error (turbopack:///[project]/node_modules/postcss/lib/input.js:135:16)]
    [at Root.error (turbopack:///[project]/node_modules/postcss/lib/node.js:166:32)]
    [at Object.Once (C:\Users\janid\Downloads\mylms\lms\node_modules\@tailwindcss\postcss\dist\index.js:10:7013)]
    [at process.processTicksAndRejections (node:internal/process/task_queues:104:5)]
    [at async LazyResult.runAsync (turbopack:///[project]/node_modules/postcss/lib/lazy-result.js:299:11)]
    [at async transform (turbopack:///[turbopack-node]/transforms/postcss.ts?config=[project]/postcss.config.js:70:34)]
    [at async run (turbopack:///[turbopack-node]/child_process/evaluate.ts:89:23)]

Import trace:
  Client Component Browser:
    ./src/app/workspace.css [Client Component Browser]
    ./src/app/[locale]/layout.tsx [Server Component] @ http://localhost:3000/_next/static/chunks/node_modules_next_dist_1e8vcs8._.js:1052
[  178748ms] [ERROR] ./src/app/workspace.css
Error: Error evaluating Node.js code
CssSyntaxError: tailwindcss: C:\Users\janid\Downloads\mylms\lms\src\app\workspace.css:1:1: Cannot apply unknown utility class `text-body-strong`
    [at Input.error (turbopack:///[project]/node_modules/postcss/lib/input.js:135:16)]
    [at Root.error (turbopack:///[project]/node_modules/postcss/lib/node.js:166:32)]
    [at Object.Once (C:\Users\janid\Downloads\mylms\lms\node_modules\@tailwindcss\postcss\dist\index.js:10:7013)]
    [at process.processTicksAndRejections (node:internal/process/task_queues:104:5)]
    [at async LazyResult.runAsync (turbopack:///[project]/node_modules/postcss/lib/lazy-result.js:299:11)]
    [at async transform (turbopack:///[turbopack-node]/transforms/postcss.ts?config=[project]/postcss.config.js:70:34)]
    [at async run (turbopack:///[turbopack-node]/child_process/evaluate.ts:89:23)]

Import trace:
  Client Component Browser:
    ./src/app/workspace.css [Client Component Browser]
    ./src/app/[locale]/layout.tsx [Server Component] @ http://localhost:3000/_next/static/chunks/node_modules_next_dist_1e8vcs8._.js:1052
[  178832ms] [ERROR] ./src/app/workspace.css
Error: Error evaluating Node.js code
CssSyntaxError: tailwindcss: C:\Users\janid\Downloads\mylms\lms\src\app\workspace.css:1:1: Cannot apply unknown utility class `text-body-strong`
    [at Input.error (turbopack:///[project]/node_modules/postcss/lib/input.js:135:16)]
    [at Root.error (turbopack:///[project]/node_modules/postcss/lib/node.js:166:32)]
    [at Object.Once (C:\Users\janid\Downloads\mylms\lms\node_modules\@tailwindcss\postcss\dist\index.js:10:7013)]
    [at process.processTicksAndRejections (node:internal/process/task_queues:104:5)]
    [at async LazyResult.runAsync (turbopack:///[project]/node_modules/postcss/lib/lazy-result.js:299:11)]
    [at async transform (turbopack:///[turbopack-node]/transforms/postcss.ts?config=[project]/postcss.config.js:70:34)]
    [at async run (turbopack:///[turbopack-node]/child_process/evaluate.ts:89:23)]

Import trace:
  Client Component Browser:
    ./src/app/workspace.css [Client Component Browser]
    ./src/app/[locale]/layout.tsx [Server Component] @ http://localhost:3000/_next/static/chunks/node_modules_next_dist_1e8vcs8._.js:1052
[  178894ms] [ERROR] ./src/app/workspace.css
Error: Error evaluating Node.js code
CssSyntaxError: tailwindcss: C:\Users\janid\Downloads\mylms\lms\src\app\workspace.css:1:1: Cannot apply unknown utility class `text-body-strong`
    [at Input.error (turbopack:///[project]/node_modules/postcss/lib/input.js:135:16)]
    [at Root.error (turbopack:///[project]/node_modules/postcss/lib/node.js:166:32)]
    [at Object.Once (C:\Users\janid\Downloads\mylms\lms\node_modules\@tailwindcss\postcss\dist\index.js:10:7013)]
    [at process.processTicksAndRejections (node:internal/process/task_queues:104:5)]
    [at async LazyResult.runAsync (turbopack:///[project]/node_modules/postcss/lib/lazy-result.js:299:11)]
    [at async transform (turbopack:///[turbopack-node]/transforms/postcss.ts?config=[project]/postcss.config.js:70:34)]
    [at async run (turbopack:///[turbopack-node]/child_process/evaluate.ts:89:23)]

Import trace:
  Client Component Browser:
    ./src/app/workspace.css [Client Component Browser]
    ./src/app/[locale]/layout.tsx [Server Component] @ http://localhost:3000/_next/static/chunks/node_modules_next_dist_1e8vcs8._.js:1052
[  178965ms] [ERROR] ./src/app/workspace.css
Error: Error evaluating Node.js code
CssSyntaxError: tailwindcss: C:\Users\janid\Downloads\mylms\lms\src\app\workspace.css:1:1: Cannot apply unknown utility class `text-body-strong`
    [at Input.error (turbopack:///[project]/node_modules/postcss/lib/input.js:135:16)]
    [at Root.error (turbopack:///[project]/node_modules/postcss/lib/node.js:166:32)]
    [at Object.Once (C:\Users\janid\Downloads\mylms\lms\node_modules\@tailwindcss\postcss\dist\index.js:10:7013)]
    [at process.processTicksAndRejections (node:internal/process/task_queues:104:5)]
    [at async LazyResult.runAsync (turbopack:///[project]/node_modules/postcss/lib/lazy-result.js:299:11)]
    [at async transform (turbopack:///[turbopack-node]/transforms/postcss.ts?config=[project]/postcss.config.js:70:34)]
    [at async run (turbopack:///[turbopack-node]/child_process/evaluate.ts:89:23)]

Import trace:
  Client Component Browser:
    ./src/app/workspace.css [Client Component Browser]
    ./src/app/[locale]/layout.tsx [Server Component] @ http://localhost:3000/_next/static/chunks/node_modules_next_dist_1e8vcs8._.js:1052
[  179031ms] [ERROR] ./src/app/workspace.css
Error: Error evaluating Node.js code
CssSyntaxError: tailwindcss: C:\Users\janid\Downloads\mylms\lms\src\app\workspace.css:1:1: Cannot apply unknown utility class `text-body-strong`
    [at Input.error (turbopack:///[project]/node_modules/postcss/lib/input.js:135:16)]
    [at Root.error (turbopack:///[project]/node_modules/postcss/lib/node.js:166:32)]
    [at Object.Once (C:\Users\janid\Downloads\mylms\lms\node_modules\@tailwindcss\postcss\dist\index.js:10:7013)]
    [at process.processTicksAndRejections (node:internal/process/task_queues:104:5)]
    [at async LazyResult.runAsync (turbopack:///[project]/node_modules/postcss/lib/lazy-result.js:299:11)]
    [at async transform (turbopack:///[turbopack-node]/transforms/postcss.ts?config=[project]/postcss.config.js:70:34)]
    [at async run (turbopack:///[turbopack-node]/child_process/evaluate.ts:89:23)]

Import trace:
  Client Component Browser:
    ./src/app/workspace.css [Client Component Browser]
    ./src/app/[locale]/layout.tsx [Server Component] @ http://localhost:3000/_next/static/chunks/node_modules_next_dist_1e8vcs8._.js:1052
[  179097ms] [ERROR] ./src/app/workspace.css
Error: Error evaluating Node.js code
CssSyntaxError: tailwindcss: C:\Users\janid\Downloads\mylms\lms\src\app\workspace.css:1:1: Cannot apply unknown utility class `text-body-strong`
    [at Input.error (turbopack:///[project]/node_modules/postcss/lib/input.js:135:16)]
    [at Root.error (turbopack:///[project]/node_modules/postcss/lib/node.js:166:32)]
    [at Object.Once (C:\Users\janid\Downloads\mylms\lms\node_modules\@tailwindcss\postcss\dist\index.js:10:7013)]
    [at process.processTicksAndRejections (node:internal/process/task_queues:104:5)]
    [at async LazyResult.runAsync (turbopack:///[project]/node_modules/postcss/lib/lazy-result.js:299:11)]
    [at async transform (turbopack:///[turbopack-node]/transforms/postcss.ts?config=[project]/postcss.config.js:70:34)]
    [at async run (turbopack:///[turbopack-node]/child_process/evaluate.ts:89:23)]

Import trace:
  Client Component Browser:
    ./src/app/workspace.css [Client Component Browser]
    ./src/app/[locale]/layout.tsx [Server Component] @ http://localhost:3000/_next/static/chunks/node_modules_next_dist_1e8vcs8._.js:1052
[  179159ms] [ERROR] ./src/app/workspace.css
Error: Error evaluating Node.js code
CssSyntaxError: tailwindcss: C:\Users\janid\Downloads\mylms\lms\src\app\workspace.css:1:1: Cannot apply unknown utility class `text-body-strong`
    [at Input.error (turbopack:///[project]/node_modules/postcss/lib/input.js:135:16)]
    [at Root.error (turbopack:///[project]/node_modules/postcss/lib/node.js:166:32)]
    [at Object.Once (C:\Users\janid\Downloads\mylms\lms\node_modules\@tailwindcss\postcss\dist\index.js:10:7013)]
    [at process.processTicksAndRejections (node:internal/process/task_queues:104:5)]
    [at async LazyResult.runAsync (turbopack:///[project]/node_modules/postcss/lib/lazy-result.js:299:11)]
    [at async transform (turbopack:///[turbopack-node]/transforms/postcss.ts?config=[project]/postcss.config.js:70:34)]
    [at async run (turbopack:///[turbopack-node]/child_process/evaluate.ts:89:23)]

Import trace:
  Client Component Browser:
    ./src/app/workspace.css [Client Component Browser]
    ./src/app/[locale]/layout.tsx [Server Component] @ http://localhost:3000/_next/static/chunks/node_modules_next_dist_1e8vcs8._.js:1052
[  179222ms] [ERROR] ./src/app/workspace.css
Error: Error evaluating Node.js code
CssSyntaxError: tailwindcss: C:\Users\janid\Downloads\mylms\lms\src\app\workspace.css:1:1: Cannot apply unknown utility class `text-body-strong`
    [at Input.error (turbopack:///[project]/node_modules/postcss/lib/input.js:135:16)]
    [at Root.error (turbopack:///[project]/node_modules/postcss/lib/node.js:166:32)]
    [at Object.Once (C:\Users\janid\Downloads\mylms\lms\node_modules\@tailwindcss\postcss\dist\index.js:10:7013)]
    [at process.processTicksAndRejections (node:internal/process/task_queues:104:5)]
    [at async LazyResult.runAsync (turbopack:///[project]/node_modules/postcss/lib/lazy-result.js:299:11)]
    [at async transform (turbopack:///[turbopack-node]/transforms/postcss.ts?config=[project]/postcss.config.js:70:34)]
    [at async run (turbopack:///[turbopack-node]/child_process/evaluate.ts:89:23)]

Import trace:
  Client Component Browser:
    ./src/app/workspace.css [Client Component Browser]
    ./src/app/[locale]/layout.tsx [Server Component] @ http://localhost:3000/_next/static/chunks/node_modules_next_dist_1e8vcs8._.js:1052
[  179287ms] [ERROR] ./src/app/workspace.css
Error: Error evaluating Node.js code
CssSyntaxError: tailwindcss: C:\Users\janid\Downloads\mylms\lms\src\app\workspace.css:1:1: Cannot apply unknown utility class `text-body-strong`
    [at Input.error (turbopack:///[project]/node_modules/postcss/lib/input.js:135:16)]
    [at Root.error (turbopack:///[project]/node_modules/postcss/lib/node.js:166:32)]
    [at Object.Once (C:\Users\janid\Downloads\mylms\lms\node_modules\@tailwindcss\postcss\dist\index.js:10:7013)]
    [at process.processTicksAndRejections (node:internal/process/task_queues:104:5)]
    [at async LazyResult.runAsync (turbopack:///[project]/node_modules/postcss/lib/lazy-result.js:299:11)]
    [at async transform (turbopack:///[turbopack-node]/transforms/postcss.ts?config=[project]/postcss.config.js:70:34)]
    [at async run (turbopack:///[turbopack-node]/child_process/evaluate.ts:89:23)]

Import trace:
  Client Component Browser:
    ./src/app/workspace.css [Client Component Browser]
    ./src/app/[locale]/layout.tsx [Server Component] @ http://localhost:3000/_next/static/chunks/node_modules_next_dist_1e8vcs8._.js:1052
[  179343ms] [ERROR] ./src/app/workspace.css
Error: Error evaluating Node.js code
CssSyntaxError: tailwindcss: C:\Users\janid\Downloads\mylms\lms\src\app\workspace.css:1:1: Cannot apply unknown utility class `text-body-strong`
    [at Input.error (turbopack:///[project]/node_modules/postcss/lib/input.js:135:16)]
    [at Root.error (turbopack:///[project]/node_modules/postcss/lib/node.js:166:32)]
    [at Object.Once (C:\Users\janid\Downloads\mylms\lms\node_modules\@tailwindcss\postcss\dist\index.js:10:7013)]
    [at process.processTicksAndRejections (node:internal/process/task_queues:104:5)]
    [at async LazyResult.runAsync (turbopack:///[project]/node_modules/postcss/lib/lazy-result.js:299:11)]
    [at async transform (turbopack:///[turbopack-node]/transforms/postcss.ts?config=[project]/postcss.config.js:70:34)]
    [at async run (turbopack:///[turbopack-node]/child_process/evaluate.ts:89:23)]

Import trace:
  Client Component Browser:
    ./src/app/workspace.css [Client Component Browser]
    ./src/app/[locale]/layout.tsx [Server Component] @ http://localhost:3000/_next/static/chunks/node_modules_next_dist_1e8vcs8._.js:1052
[  179409ms] [ERROR] ./src/app/workspace.css
Error: Error evaluating Node.js code
CssSyntaxError: tailwindcss: C:\Users\janid\Downloads\mylms\lms\src\app\workspace.css:1:1: Cannot apply unknown utility class `text-body-strong`
    [at Input.error (turbopack:///[project]/node_modules/postcss/lib/input.js:135:16)]
    [at Root.error (turbopack:///[project]/node_modules/postcss/lib/node.js:166:32)]
    [at Object.Once (C:\Users\janid\Downloads\mylms\lms\node_modules\@tailwindcss\postcss\dist\index.js:10:7013)]
    [at process.processTicksAndRejections (node:internal/process/task_queues:104:5)]
    [at async LazyResult.runAsync (turbopack:///[project]/node_modules/postcss/lib/lazy-result.js:299:11)]
    [at async transform (turbopack:///[turbopack-node]/transforms/postcss.ts?config=[project]/postcss.config.js:70:34)]
    [at async run (turbopack:///[turbopack-node]/child_process/evaluate.ts:89:23)]

Import trace:
  Client Component Browser:
    ./src/app/workspace.css [Client Component Browser]
    ./src/app/[locale]/layout.tsx [Server Component] @ http://localhost:3000/_next/static/chunks/node_modules_next_dist_1e8vcs8._.js:1052
[  179469ms] [ERROR] ./src/app/workspace.css
Error: Error evaluating Node.js code
CssSyntaxError: tailwindcss: C:\Users\janid\Downloads\mylms\lms\src\app\workspace.css:1:1: Cannot apply unknown utility class `text-body-strong`
    [at Input.error (turbopack:///[project]/node_modules/postcss/lib/input.js:135:16)]
    [at Root.error (turbopack:///[project]/node_modules/postcss/lib/node.js:166:32)]
    [at Object.Once (C:\Users\janid\Downloads\mylms\lms\node_modules\@tailwindcss\postcss\dist\index.js:10:7013)]
    [at process.processTicksAndRejections (node:internal/process/task_queues:104:5)]
    [at async LazyResult.runAsync (turbopack:///[project]/node_modules/postcss/lib/lazy-result.js:299:11)]
    [at async transform (turbopack:///[turbopack-node]/transforms/postcss.ts?config=[project]/postcss.config.js:70:34)]
    [at async run (turbopack:///[turbopack-node]/child_process/evaluate.ts:89:23)]

Import trace:
  Client Component Browser:
    ./src/app/workspace.css [Client Component Browser]
    ./src/app/[locale]/layout.tsx [Server Component] @ http://localhost:3000/_next/static/chunks/node_modules_next_dist_1e8vcs8._.js:1052
[  179535ms] [ERROR] ./src/app/workspace.css
Error: Error evaluating Node.js code
CssSyntaxError: tailwindcss: C:\Users\janid\Downloads\mylms\lms\src\app\workspace.css:1:1: Cannot apply unknown utility class `text-body-strong`
    [at Input.error (turbopack:///[project]/node_modules/postcss/lib/input.js:135:16)]
    [at Root.error (turbopack:///[project]/node_modules/postcss/lib/node.js:166:32)]
    [at Object.Once (C:\Users\janid\Downloads\mylms\lms\node_modules\@tailwindcss\postcss\dist\index.js:10:7013)]
    [at process.processTicksAndRejections (node:internal/process/task_queues:104:5)]
    [at async LazyResult.runAsync (turbopack:///[project]/node_modules/postcss/lib/lazy-result.js:299:11)]
    [at async transform (turbopack:///[turbopack-node]/transforms/postcss.ts?config=[project]/postcss.config.js:70:34)]
    [at async run (turbopack:///[turbopack-node]/child_process/evaluate.ts:89:23)]

Import trace:
  Client Component Browser:
    ./src/app/workspace.css [Client Component Browser]
    ./src/app/[locale]/layout.tsx [Server Component] @ http://localhost:3000/_next/static/chunks/node_modules_next_dist_1e8vcs8._.js:1052
[  179594ms] [ERROR] ./src/app/workspace.css
Error: Error evaluating Node.js code
CssSyntaxError: tailwindcss: C:\Users\janid\Downloads\mylms\lms\src\app\workspace.css:1:1: Cannot apply unknown utility class `text-body-strong`
    [at Input.error (turbopack:///[project]/node_modules/postcss/lib/input.js:135:16)]
    [at Root.error (turbopack:///[project]/node_modules/postcss/lib/node.js:166:32)]
    [at Object.Once (C:\Users\janid\Downloads\mylms\lms\node_modules\@tailwindcss\postcss\dist\index.js:10:7013)]
    [at process.processTicksAndRejections (node:internal/process/task_queues:104:5)]
    [at async LazyResult.runAsync (turbopack:///[project]/node_modules/postcss/lib/lazy-result.js:299:11)]
    [at async transform (turbopack:///[turbopack-node]/transforms/postcss.ts?config=[project]/postcss.config.js:70:34)]
    [at async run (turbopack:///[turbopack-node]/child_process/evaluate.ts:89:23)]

Import trace:
  Client Component Browser:
    ./src/app/workspace.css [Client Component Browser]
    ./src/app/[locale]/layout.tsx [Server Component] @ http://localhost:3000/_next/static/chunks/node_modules_next_dist_1e8vcs8._.js:1052
[  179678ms] [ERROR] ./src/app/workspace.css
Error: Error evaluating Node.js code
CssSyntaxError: tailwindcss: C:\Users\janid\Downloads\mylms\lms\src\app\workspace.css:1:1: Cannot apply unknown utility class `text-body-strong`
    [at Input.error (turbopack:///[project]/node_modules/postcss/lib/input.js:135:16)]
    [at Root.error (turbopack:///[project]/node_modules/postcss/lib/node.js:166:32)]
    [at Object.Once (C:\Users\janid\Downloads\mylms\lms\node_modules\@tailwindcss\postcss\dist\index.js:10:7013)]
    [at process.processTicksAndRejections (node:internal/process/task_queues:104:5)]
    [at async LazyResult.runAsync (turbopack:///[project]/node_modules/postcss/lib/lazy-result.js:299:11)]
    [at async transform (turbopack:///[turbopack-node]/transforms/postcss.ts?config=[project]/postcss.config.js:70:34)]
    [at async run (turbopack:///[turbopack-node]/child_process/evaluate.ts:89:23)]

Import trace:
  Client Component Browser:
    ./src/app/workspace.css [Client Component Browser]
    ./src/app/[locale]/layout.tsx [Server Component] @ http://localhost:3000/_next/static/chunks/node_modules_next_dist_1e8vcs8._.js:1052
[  179737ms] [ERROR] ./src/app/workspace.css
Error: Error evaluating Node.js code
CssSyntaxError: tailwindcss: C:\Users\janid\Downloads\mylms\lms\src\app\workspace.css:1:1: Cannot apply unknown utility class `text-body-strong`
    [at Input.error (turbopack:///[project]/node_modules/postcss/lib/input.js:135:16)]
    [at Root.error (turbopack:///[project]/node_modules/postcss/lib/node.js:166:32)]
    [at Object.Once (C:\Users\janid\Downloads\mylms\lms\node_modules\@tailwindcss\postcss\dist\index.js:10:7013)]
    [at process.processTicksAndRejections (node:internal/process/task_queues:104:5)]
    [at async LazyResult.runAsync (turbopack:///[project]/node_modules/postcss/lib/lazy-result.js:299:11)]
    [at async transform (turbopack:///[turbopack-node]/transforms/postcss.ts?config=[project]/postcss.config.js:70:34)]
    [at async run (turbopack:///[turbopack-node]/child_process/evaluate.ts:89:23)]

Import trace:
  Client Component Browser:
    ./src/app/workspace.css [Client Component Browser]
    ./src/app/[locale]/layout.tsx [Server Component] @ http://localhost:3000/_next/static/chunks/node_modules_next_dist_1e8vcs8._.js:1052
[  179800ms] [ERROR] ./src/app/workspace.css
Error: Error evaluating Node.js code
CssSyntaxError: tailwindcss: C:\Users\janid\Downloads\mylms\lms\src\app\workspace.css:1:1: Cannot apply unknown utility class `text-body-strong`
    [at Input.error (turbopack:///[project]/node_modules/postcss/lib/input.js:135:16)]
    [at Root.error (turbopack:///[project]/node_modules/postcss/lib/node.js:166:32)]
    [at Object.Once (C:\Users\janid\Downloads\mylms\lms\node_modules\@tailwindcss\postcss\dist\index.js:10:7013)]
    [at process.processTicksAndRejections (node:internal/process/task_queues:104:5)]
    [at async LazyResult.runAsync (turbopack:///[project]/node_modules/postcss/lib/lazy-result.js:299:11)]
    [at async transform (turbopack:///[turbopack-node]/transforms/postcss.ts?config=[project]/postcss.config.js:70:34)]
    [at async run (turbopack:///[turbopack-node]/child_process/evaluate.ts:89:23)]

Import trace:
  Client Component Browser:
    ./src/app/workspace.css [Client Component Browser]
    ./src/app/[locale]/layout.tsx [Server Component] @ http://localhost:3000/_next/static/chunks/node_modules_next_dist_1e8vcs8._.js:1052
[  179863ms] [ERROR] ./src/app/workspace.css
Error: Error evaluating Node.js code
CssSyntaxError: tailwindcss: C:\Users\janid\Downloads\mylms\lms\src\app\workspace.css:1:1: Cannot apply unknown utility class `text-body-strong`
    [at Input.error (turbopack:///[project]/node_modules/postcss/lib/input.js:135:16)]
    [at Root.error (turbopack:///[project]/node_modules/postcss/lib/node.js:166:32)]
    [at Object.Once (C:\Users\janid\Downloads\mylms\lms\node_modules\@tailwindcss\postcss\dist\index.js:10:7013)]
    [at process.processTicksAndRejections (node:internal/process/task_queues:104:5)]
    [at async LazyResult.runAsync (turbopack:///[project]/node_modules/postcss/lib/lazy-result.js:299:11)]
    [at async transform (turbopack:///[turbopack-node]/transforms/postcss.ts?config=[project]/postcss.config.js:70:34)]
    [at async run (turbopack:///[turbopack-node]/child_process/evaluate.ts:89:23)]

Import trace:
  Client Component Browser:
    ./src/app/workspace.css [Client Component Browser]
    ./src/app/[locale]/layout.tsx [Server Component] @ http://localhost:3000/_next/static/chunks/node_modules_next_dist_1e8vcs8._.js:1052
[  179928ms] [ERROR] ./src/app/workspace.css
Error: Error evaluating Node.js code
CssSyntaxError: tailwindcss: C:\Users\janid\Downloads\mylms\lms\src\app\workspace.css:1:1: Cannot apply unknown utility class `text-body-strong`
    [at Input.error (turbopack:///[project]/node_modules/postcss/lib/input.js:135:16)]
    [at Root.error (turbopack:///[project]/node_modules/postcss/lib/node.js:166:32)]
    [at Object.Once (C:\Users\janid\Downloads\mylms\lms\node_modules\@tailwindcss\postcss\dist\index.js:10:7013)]
    [at process.processTicksAndRejections (node:internal/process/task_queues:104:5)]
    [at async LazyResult.runAsync (turbopack:///[project]/node_modules/postcss/lib/lazy-result.js:299:11)]
    [at async transform (turbopack:///[turbopack-node]/transforms/postcss.ts?config=[project]/postcss.config.js:70:34)]
    [at async run (turbopack:///[turbopack-node]/child_process/evaluate.ts:89:23)]

Import trace:
  Client Component Browser:
    ./src/app/workspace.css [Client Component Browser]
    ./src/app/[locale]/layout.tsx [Server Component] @ http://localhost:3000/_next/static/chunks/node_modules_next_dist_1e8vcs8._.js:1052
[  179988ms] [ERROR] ./src/app/workspace.css
Error: Error evaluating Node.js code
CssSyntaxError: tailwindcss: C:\Users\janid\Downloads\mylms\lms\src\app\workspace.css:1:1: Cannot apply unknown utility class `text-body-strong`
    [at Input.error (turbopack:///[project]/node_modules/postcss/lib/input.js:135:16)]
    [at Root.error (turbopack:///[project]/node_modules/postcss/lib/node.js:166:32)]
    [at Object.Once (C:\Users\janid\Downloads\mylms\lms\node_modules\@tailwindcss\postcss\dist\index.js:10:7013)]
    [at process.processTicksAndRejections (node:internal/process/task_queues:104:5)]
    [at async LazyResult.runAsync (turbopack:///[project]/node_modules/postcss/lib/lazy-result.js:299:11)]
    [at async transform (turbopack:///[turbopack-node]/transforms/postcss.ts?config=[project]/postcss.config.js:70:34)]
    [at async run (turbopack:///[turbopack-node]/child_process/evaluate.ts:89:23)]

Import trace:
  Client Component Browser:
    ./src/app/workspace.css [Client Component Browser]
    ./src/app/[locale]/layout.tsx [Server Component] @ http://localhost:3000/_next/static/chunks/node_modules_next_dist_1e8vcs8._.js:1052
[  180051ms] [ERROR] ./src/app/workspace.css
Error: Error evaluating Node.js code
CssSyntaxError: tailwindcss: C:\Users\janid\Downloads\mylms\lms\src\app\workspace.css:1:1: Cannot apply unknown utility class `text-body-strong`
    [at Input.error (turbopack:///[project]/node_modules/postcss/lib/input.js:135:16)]
    [at Root.error (turbopack:///[project]/node_modules/postcss/lib/node.js:166:32)]
    [at Object.Once (C:\Users\janid\Downloads\mylms\lms\node_modules\@tailwindcss\postcss\dist\index.js:10:7013)]
    [at process.processTicksAndRejections (node:internal/process/task_queues:104:5)]
    [at async LazyResult.runAsync (turbopack:///[project]/node_modules/postcss/lib/lazy-result.js:299:11)]
    [at async transform (turbopack:///[turbopack-node]/transforms/postcss.ts?config=[project]/postcss.config.js:70:34)]
    [at async run (turbopack:///[turbopack-node]/child_process/evaluate.ts:89:23)]

Import trace:
  Client Component Browser:
    ./src/app/workspace.css [Client Component Browser]
    ./src/app/[locale]/layout.tsx [Server Component] @ http://localhost:3000/_next/static/chunks/node_modules_next_dist_1e8vcs8._.js:1052
[  180119ms] [ERROR] ./src/app/workspace.css
Error: Error evaluating Node.js code
CssSyntaxError: tailwindcss: C:\Users\janid\Downloads\mylms\lms\src\app\workspace.css:1:1: Cannot apply unknown utility class `text-body-strong`
    [at Input.error (turbopack:///[project]/node_modules/postcss/lib/input.js:135:16)]
    [at Root.error (turbopack:///[project]/node_modules/postcss/lib/node.js:166:32)]
    [at Object.Once (C:\Users\janid\Downloads\mylms\lms\node_modules\@tailwindcss\postcss\dist\index.js:10:7013)]
    [at process.processTicksAndRejections (node:internal/process/task_queues:104:5)]
    [at async LazyResult.runAsync (turbopack:///[project]/node_modules/postcss/lib/lazy-result.js:299:11)]
    [at async transform (turbopack:///[turbopack-node]/transforms/postcss.ts?config=[project]/postcss.config.js:70:34)]
    [at async run (turbopack:///[turbopack-node]/child_process/evaluate.ts:89:23)]

Import trace:
  Client Component Browser:
    ./src/app/workspace.css [Client Component Browser]
    ./src/app/[locale]/layout.tsx [Server Component] @ http://localhost:3000/_next/static/chunks/node_modules_next_dist_1e8vcs8._.js:1052
[  180176ms] [ERROR] ./src/app/workspace.css
Error: Error evaluating Node.js code
CssSyntaxError: tailwindcss: C:\Users\janid\Downloads\mylms\lms\src\app\workspace.css:1:1: Cannot apply unknown utility class `text-body-strong`
    [at Input.error (turbopack:///[project]/node_modules/postcss/lib/input.js:135:16)]
    [at Root.error (turbopack:///[project]/node_modules/postcss/lib/node.js:166:32)]
    [at Object.Once (C:\Users\janid\Downloads\mylms\lms\node_modules\@tailwindcss\postcss\dist\index.js:10:7013)]
    [at process.processTicksAndRejections (node:internal/process/task_queues:104:5)]
    [at async LazyResult.runAsync (turbopack:///[project]/node_modules/postcss/lib/lazy-result.js:299:11)]
    [at async transform (turbopack:///[turbopack-node]/transforms/postcss.ts?config=[project]/postcss.config.js:70:34)]
    [at async run (turbopack:///[turbopack-node]/child_process/evaluate.ts:89:23)]

Import trace:
  Client Component Browser:
    ./src/app/workspace.css [Client Component Browser]
    ./src/app/[locale]/layout.tsx [Server Component] @ http://localhost:3000/_next/static/chunks/node_modules_next_dist_1e8vcs8._.js:1052
[  180228ms] [ERROR] ./src/app/workspace.css
Error: Error evaluating Node.js code
CssSyntaxError: tailwindcss: C:\Users\janid\Downloads\mylms\lms\src\app\workspace.css:1:1: Cannot apply unknown utility class `text-body-strong`
    [at Input.error (turbopack:///[project]/node_modules/postcss/lib/input.js:135:16)]
    [at Root.error (turbopack:///[project]/node_modules/postcss/lib/node.js:166:32)]
    [at Object.Once (C:\Users\janid\Downloads\mylms\lms\node_modules\@tailwindcss\postcss\dist\index.js:10:7013)]
    [at process.processTicksAndRejections (node:internal/process/task_queues:104:5)]
    [at async LazyResult.runAsync (turbopack:///[project]/node_modules/postcss/lib/lazy-result.js:299:11)]
    [at async transform (turbopack:///[turbopack-node]/transforms/postcss.ts?config=[project]/postcss.config.js:70:34)]
    [at async run (turbopack:///[turbopack-node]/child_process/evaluate.ts:89:23)]

Import trace:
  Client Component Browser:
    ./src/app/workspace.css [Client Component Browser]
    ./src/app/[locale]/layout.tsx [Server Component] @ http://localhost:3000/_next/static/chunks/node_modules_next_dist_1e8vcs8._.js:1052
[  180305ms] [ERROR] ./src/app/workspace.css
Error: Error evaluating Node.js code
CssSyntaxError: tailwindcss: C:\Users\janid\Downloads\mylms\lms\src\app\workspace.css:1:1: Cannot apply unknown utility class `text-body-strong`
    [at Input.error (turbopack:///[project]/node_modules/postcss/lib/input.js:135:16)]
    [at Root.error (turbopack:///[project]/node_modules/postcss/lib/node.js:166:32)]
    [at Object.Once (C:\Users\janid\Downloads\mylms\lms\node_modules\@tailwindcss\postcss\dist\index.js:10:7013)]
    [at process.processTicksAndRejections (node:internal/process/task_queues:104:5)]
    [at async LazyResult.runAsync (turbopack:///[project]/node_modules/postcss/lib/lazy-result.js:299:11)]
    [at async transform (turbopack:///[turbopack-node]/transforms/postcss.ts?config=[project]/postcss.config.js:70:34)]
    [at async run (turbopack:///[turbopack-node]/child_process/evaluate.ts:89:23)]

Import trace:
  Client Component Browser:
    ./src/app/workspace.css [Client Component Browser]
    ./src/app/[locale]/layout.tsx [Server Component] @ http://localhost:3000/_next/static/chunks/node_modules_next_dist_1e8vcs8._.js:1052
[  180368ms] [ERROR] ./src/app/workspace.css
Error: Error evaluating Node.js code
CssSyntaxError: tailwindcss: C:\Users\janid\Downloads\mylms\lms\src\app\workspace.css:1:1: Cannot apply unknown utility class `text-body-strong`
    [at Input.error (turbopack:///[project]/node_modules/postcss/lib/input.js:135:16)]
    [at Root.error (turbopack:///[project]/node_modules/postcss/lib/node.js:166:32)]
    [at Object.Once (C:\Users\janid\Downloads\mylms\lms\node_modules\@tailwindcss\postcss\dist\index.js:10:7013)]
    [at process.processTicksAndRejections (node:internal/process/task_queues:104:5)]
    [at async LazyResult.runAsync (turbopack:///[project]/node_modules/postcss/lib/lazy-result.js:299:11)]
    [at async transform (turbopack:///[turbopack-node]/transforms/postcss.ts?config=[project]/postcss.config.js:70:34)]
    [at async run (turbopack:///[turbopack-node]/child_process/evaluate.ts:89:23)]

Import trace:
  Client Component Browser:
    ./src/app/workspace.css [Client Component Browser]
    ./src/app/[locale]/layout.tsx [Server Component] @ http://localhost:3000/_next/static/chunks/node_modules_next_dist_1e8vcs8._.js:1052
[  180432ms] [ERROR] ./src/app/workspace.css
Error: Error evaluating Node.js code
CssSyntaxError: tailwindcss: C:\Users\janid\Downloads\mylms\lms\src\app\workspace.css:1:1: Cannot apply unknown utility class `text-body-strong`
    [at Input.error (turbopack:///[project]/node_modules/postcss/lib/input.js:135:16)]
    [at Root.error (turbopack:///[project]/node_modules/postcss/lib/node.js:166:32)]
    [at Object.Once (C:\Users\janid\Downloads\mylms\lms\node_modules\@tailwindcss\postcss\dist\index.js:10:7013)]
    [at process.processTicksAndRejections (node:internal/process/task_queues:104:5)]
    [at async LazyResult.runAsync (turbopack:///[project]/node_modules/postcss/lib/lazy-result.js:299:11)]
    [at async transform (turbopack:///[turbopack-node]/transforms/postcss.ts?config=[project]/postcss.config.js:70:34)]
    [at async run (turbopack:///[turbopack-node]/child_process/evaluate.ts:89:23)]

Import trace:
  Client Component Browser:
    ./src/app/workspace.css [Client Component Browser]
    ./src/app/[locale]/layout.tsx [Server Component] @ http://localhost:3000/_next/static/chunks/node_modules_next_dist_1e8vcs8._.js:1052
[  180493ms] [ERROR] ./src/app/workspace.css
Error: Error evaluating Node.js code
CssSyntaxError: tailwindcss: C:\Users\janid\Downloads\mylms\lms\src\app\workspace.css:1:1: Cannot apply unknown utility class `text-body-strong`
    [at Input.error (turbopack:///[project]/node_modules/postcss/lib/input.js:135:16)]
    [at Root.error (turbopack:///[project]/node_modules/postcss/lib/node.js:166:32)]
    [at Object.Once (C:\Users\janid\Downloads\mylms\lms\node_modules\@tailwindcss\postcss\dist\index.js:10:7013)]
    [at process.processTicksAndRejections (node:internal/process/task_queues:104:5)]
    [at async LazyResult.runAsync (turbopack:///[project]/node_modules/postcss/lib/lazy-result.js:299:11)]
    [at async transform (turbopack:///[turbopack-node]/transforms/postcss.ts?config=[project]/postcss.config.js:70:34)]
    [at async run (turbopack:///[turbopack-node]/child_process/evaluate.ts:89:23)]

Import trace:
  Client Component Browser:
    ./src/app/workspace.css [Client Component Browser]
    ./src/app/[locale]/layout.tsx [Server Component] @ http://localhost:3000/_next/static/chunks/node_modules_next_dist_1e8vcs8._.js:1052
[  180556ms] [ERROR] ./src/app/workspace.css
Error: Error evaluating Node.js code
CssSyntaxError: tailwindcss: C:\Users\janid\Downloads\mylms\lms\src\app\workspace.css:1:1: Cannot apply unknown utility class `text-body-strong`
    [at Input.error (turbopack:///[project]/node_modules/postcss/lib/input.js:135:16)]
    [at Root.error (turbopack:///[project]/node_modules/postcss/lib/node.js:166:32)]
    [at Object.Once (C:\Users\janid\Downloads\mylms\lms\node_modules\@tailwindcss\postcss\dist\index.js:10:7013)]
    [at process.processTicksAndRejections (node:internal/process/task_queues:104:5)]
    [at async LazyResult.runAsync (turbopack:///[project]/node_modules/postcss/lib/lazy-result.js:299:11)]
    [at async transform (turbopack:///[turbopack-node]/transforms/postcss.ts?config=[project]/postcss.config.js:70:34)]
    [at async run (turbopack:///[turbopack-node]/child_process/evaluate.ts:89:23)]

Import trace:
  Client Component Browser:
    ./src/app/workspace.css [Client Component Browser]
    ./src/app/[locale]/layout.tsx [Server Component] @ http://localhost:3000/_next/static/chunks/node_modules_next_dist_1e8vcs8._.js:1052
[  180617ms] [ERROR] ./src/app/workspace.css
Error: Error evaluating Node.js code
CssSyntaxError: tailwindcss: C:\Users\janid\Downloads\mylms\lms\src\app\workspace.css:1:1: Cannot apply unknown utility class `text-body-strong`
    [at Input.error (turbopack:///[project]/node_modules/postcss/lib/input.js:135:16)]
    [at Root.error (turbopack:///[project]/node_modules/postcss/lib/node.js:166:32)]
    [at Object.Once (C:\Users\janid\Downloads\mylms\lms\node_modules\@tailwindcss\postcss\dist\index.js:10:7013)]
    [at process.processTicksAndRejections (node:internal/process/task_queues:104:5)]
    [at async LazyResult.runAsync (turbopack:///[project]/node_modules/postcss/lib/lazy-result.js:299:11)]
    [at async transform (turbopack:///[turbopack-node]/transforms/postcss.ts?config=[project]/postcss.config.js:70:34)]
    [at async run (turbopack:///[turbopack-node]/child_process/evaluate.ts:89:23)]

Import trace:
  Client Component Browser:
    ./src/app/workspace.css [Client Component Browser]
    ./src/app/[locale]/layout.tsx [Server Component] @ http://localhost:3000/_next/static/chunks/node_modules_next_dist_1e8vcs8._.js:1052
[  180681ms] [ERROR] ./src/app/workspace.css
Error: Error evaluating Node.js code
CssSyntaxError: tailwindcss: C:\Users\janid\Downloads\mylms\lms\src\app\workspace.css:1:1: Cannot apply unknown utility class `text-body-strong`
    [at Input.error (turbopack:///[project]/node_modules/postcss/lib/input.js:135:16)]
    [at Root.error (turbopack:///[project]/node_modules/postcss/lib/node.js:166:32)]
    [at Object.Once (C:\Users\janid\Downloads\mylms\lms\node_modules\@tailwindcss\postcss\dist\index.js:10:7013)]
    [at process.processTicksAndRejections (node:internal/process/task_queues:104:5)]
    [at async LazyResult.runAsync (turbopack:///[project]/node_modules/postcss/lib/lazy-result.js:299:11)]
    [at async transform (turbopack:///[turbopack-node]/transforms/postcss.ts?config=[project]/postcss.config.js:70:34)]
    [at async run (turbopack:///[turbopack-node]/child_process/evaluate.ts:89:23)]

Import trace:
  Client Component Browser:
    ./src/app/workspace.css [Client Component Browser]
    ./src/app/[locale]/layout.tsx [Server Component] @ http://localhost:3000/_next/static/chunks/node_modules_next_dist_1e8vcs8._.js:1052
[  180743ms] [ERROR] ./src/app/workspace.css
Error: Error evaluating Node.js code
CssSyntaxError: tailwindcss: C:\Users\janid\Downloads\mylms\lms\src\app\workspace.css:1:1: Cannot apply unknown utility class `text-body-strong`
    [at Input.error (turbopack:///[project]/node_modules/postcss/lib/input.js:135:16)]
    [at Root.error (turbopack:///[project]/node_modules/postcss/lib/node.js:166:32)]
    [at Object.Once (C:\Users\janid\Downloads\mylms\lms\node_modules\@tailwindcss\postcss\dist\index.js:10:7013)]
    [at process.processTicksAndRejections (node:internal/process/task_queues:104:5)]
    [at async LazyResult.runAsync (turbopack:///[project]/node_modules/postcss/lib/lazy-result.js:299:11)]
    [at async transform (turbopack:///[turbopack-node]/transforms/postcss.ts?config=[project]/postcss.config.js:70:34)]
    [at async run (turbopack:///[turbopack-node]/child_process/evaluate.ts:89:23)]

Import trace:
  Client Component Browser:
    ./src/app/workspace.css [Client Component Browser]
    ./src/app/[locale]/layout.tsx [Server Component] @ http://localhost:3000/_next/static/chunks/node_modules_next_dist_1e8vcs8._.js:1052
[  180807ms] [ERROR] ./src/app/workspace.css
Error: Error evaluating Node.js code
CssSyntaxError: tailwindcss: C:\Users\janid\Downloads\mylms\lms\src\app\workspace.css:1:1: Cannot apply unknown utility class `text-body-strong`
    [at Input.error (turbopack:///[project]/node_modules/postcss/lib/input.js:135:16)]
    [at Root.error (turbopack:///[project]/node_modules/postcss/lib/node.js:166:32)]
    [at Object.Once (C:\Users\janid\Downloads\mylms\lms\node_modules\@tailwindcss\postcss\dist\index.js:10:7013)]
    [at process.processTicksAndRejections (node:internal/process/task_queues:104:5)]
    [at async LazyResult.runAsync (turbopack:///[project]/node_modules/postcss/lib/lazy-result.js:299:11)]
    [at async transform (turbopack:///[turbopack-node]/transforms/postcss.ts?config=[project]/postcss.config.js:70:34)]
    [at async run (turbopack:///[turbopack-node]/child_process/evaluate.ts:89:23)]

Import trace:
  Client Component Browser:
    ./src/app/workspace.css [Client Component Browser]
    ./src/app/[locale]/layout.tsx [Server Component] @ http://localhost:3000/_next/static/chunks/node_modules_next_dist_1e8vcs8._.js:1052
[  180870ms] [ERROR] ./src/app/workspace.css
Error: Error evaluating Node.js code
CssSyntaxError: tailwindcss: C:\Users\janid\Downloads\mylms\lms\src\app\workspace.css:1:1: Cannot apply unknown utility class `text-body-strong`
    [at Input.error (turbopack:///[project]/node_modules/postcss/lib/input.js:135:16)]
    [at Root.error (turbopack:///[project]/node_modules/postcss/lib/node.js:166:32)]
    [at Object.Once (C:\Users\janid\Downloads\mylms\lms\node_modules\@tailwindcss\postcss\dist\index.js:10:7013)]
    [at process.processTicksAndRejections (node:internal/process/task_queues:104:5)]
    [at async LazyResult.runAsync (turbopack:///[project]/node_modules/postcss/lib/lazy-result.js:299:11)]
    [at async transform (turbopack:///[turbopack-node]/transforms/postcss.ts?config=[project]/postcss.config.js:70:34)]
    [at async run (turbopack:///[turbopack-node]/child_process/evaluate.ts:89:23)]

Import trace:
  Client Component Browser:
    ./src/app/workspace.css [Client Component Browser]
    ./src/app/[locale]/layout.tsx [Server Component] @ http://localhost:3000/_next/static/chunks/node_modules_next_dist_1e8vcs8._.js:1052
[  180932ms] [ERROR] ./src/app/workspace.css
Error: Error evaluating Node.js code
CssSyntaxError: tailwindcss: C:\Users\janid\Downloads\mylms\lms\src\app\workspace.css:1:1: Cannot apply unknown utility class `text-body-strong`
    [at Input.error (turbopack:///[project]/node_modules/postcss/lib/input.js:135:16)]
    [at Root.error (turbopack:///[project]/node_modules/postcss/lib/node.js:166:32)]
    [at Object.Once (C:\Users\janid\Downloads\mylms\lms\node_modules\@tailwindcss\postcss\dist\index.js:10:7013)]
    [at process.processTicksAndRejections (node:internal/process/task_queues:104:5)]
    [at async LazyResult.runAsync (turbopack:///[project]/node_modules/postcss/lib/lazy-result.js:299:11)]
    [at async transform (turbopack:///[turbopack-node]/transforms/postcss.ts?config=[project]/postcss.config.js:70:34)]
    [at async run (turbopack:///[turbopack-node]/child_process/evaluate.ts:89:23)]

Import trace:
  Client Component Browser:
    ./src/app/workspace.css [Client Component Browser]
    ./src/app/[locale]/layout.tsx [Server Component] @ http://localhost:3000/_next/static/chunks/node_modules_next_dist_1e8vcs8._.js:1052
[  180994ms] [ERROR] ./src/app/workspace.css
Error: Error evaluating Node.js code
CssSyntaxError: tailwindcss: C:\Users\janid\Downloads\mylms\lms\src\app\workspace.css:1:1: Cannot apply unknown utility class `text-body-strong`
    [at Input.error (turbopack:///[project]/node_modules/postcss/lib/input.js:135:16)]
    [at Root.error (turbopack:///[project]/node_modules/postcss/lib/node.js:166:32)]
    [at Object.Once (C:\Users\janid\Downloads\mylms\lms\node_modules\@tailwindcss\postcss\dist\index.js:10:7013)]
    [at process.processTicksAndRejections (node:internal/process/task_queues:104:5)]
    [at async LazyResult.runAsync (turbopack:///[project]/node_modules/postcss/lib/lazy-result.js:299:11)]
    [at async transform (turbopack:///[turbopack-node]/transforms/postcss.ts?config=[project]/postcss.config.js:70:34)]
    [at async run (turbopack:///[turbopack-node]/child_process/evaluate.ts:89:23)]

Import trace:
  Client Component Browser:
    ./src/app/workspace.css [Client Component Browser]
    ./src/app/[locale]/layout.tsx [Server Component] @ http://localhost:3000/_next/static/chunks/node_modules_next_dist_1e8vcs8._.js:1052
[  181057ms] [ERROR] ./src/app/workspace.css
Error: Error evaluating Node.js code
CssSyntaxError: tailwindcss: C:\Users\janid\Downloads\mylms\lms\src\app\workspace.css:1:1: Cannot apply unknown utility class `text-body-strong`
    [at Input.error (turbopack:///[project]/node_modules/postcss/lib/input.js:135:16)]
    [at Root.error (turbopack:///[project]/node_modules/postcss/lib/node.js:166:32)]
    [at Object.Once (C:\Users\janid\Downloads\mylms\lms\node_modules\@tailwindcss\postcss\dist\index.js:10:7013)]
    [at process.processTicksAndRejections (node:internal/process/task_queues:104:5)]
    [at async LazyResult.runAsync (turbopack:///[project]/node_modules/postcss/lib/lazy-result.js:299:11)]
    [at async transform (turbopack:///[turbopack-node]/transforms/postcss.ts?config=[project]/postcss.config.js:70:34)]
    [at async run (turbopack:///[turbopack-node]/child_process/evaluate.ts:89:23)]

Import trace:
  Client Component Browser:
    ./src/app/workspace.css [Client Component Browser]
    ./src/app/[locale]/layout.tsx [Server Component] @ http://localhost:3000/_next/static/chunks/node_modules_next_dist_1e8vcs8._.js:1052
[  181120ms] [ERROR] ./src/app/workspace.css
Error: Error evaluating Node.js code
CssSyntaxError: tailwindcss: C:\Users\janid\Downloads\mylms\lms\src\app\workspace.css:1:1: Cannot apply unknown utility class `text-body-strong`
    [at Input.error (turbopack:///[project]/node_modules/postcss/lib/input.js:135:16)]
    [at Root.error (turbopack:///[project]/node_modules/postcss/lib/node.js:166:32)]
    [at Object.Once (C:\Users\janid\Downloads\mylms\lms\node_modules\@tailwindcss\postcss\dist\index.js:10:7013)]
    [at process.processTicksAndRejections (node:internal/process/task_queues:104:5)]
    [at async LazyResult.runAsync (turbopack:///[project]/node_modules/postcss/lib/lazy-result.js:299:11)]
    [at async transform (turbopack:///[turbopack-node]/transforms/postcss.ts?config=[project]/postcss.config.js:70:34)]
    [at async run (turbopack:///[turbopack-node]/child_process/evaluate.ts:89:23)]

Import trace:
  Client Component Browser:
    ./src/app/workspace.css [Client Component Browser]
    ./src/app/[locale]/layout.tsx [Server Component] @ http://localhost:3000/_next/static/chunks/node_modules_next_dist_1e8vcs8._.js:1052
[  181184ms] [ERROR] ./src/app/workspace.css
Error: Error evaluating Node.js code
CssSyntaxError: tailwindcss: C:\Users\janid\Downloads\mylms\lms\src\app\workspace.css:1:1: Cannot apply unknown utility class `text-body-strong`
    [at Input.error (turbopack:///[project]/node_modules/postcss/lib/input.js:135:16)]
    [at Root.error (turbopack:///[project]/node_modules/postcss/lib/node.js:166:32)]
    [at Object.Once (C:\Users\janid\Downloads\mylms\lms\node_modules\@tailwindcss\postcss\dist\index.js:10:7013)]
    [at process.processTicksAndRejections (node:internal/process/task_queues:104:5)]
    [at async LazyResult.runAsync (turbopack:///[project]/node_modules/postcss/lib/lazy-result.js:299:11)]
    [at async transform (turbopack:///[turbopack-node]/transforms/postcss.ts?config=[project]/postcss.config.js:70:34)]
    [at async run (turbopack:///[turbopack-node]/child_process/evaluate.ts:89:23)]

Import trace:
  Client Component Browser:
    ./src/app/workspace.css [Client Component Browser]
    ./src/app/[locale]/layout.tsx [Server Component] @ http://localhost:3000/_next/static/chunks/node_modules_next_dist_1e8vcs8._.js:1052
[  181245ms] [ERROR] ./src/app/workspace.css
Error: Error evaluating Node.js code
CssSyntaxError: tailwindcss: C:\Users\janid\Downloads\mylms\lms\src\app\workspace.css:1:1: Cannot apply unknown utility class `text-body-strong`
    [at Input.error (turbopack:///[project]/node_modules/postcss/lib/input.js:135:16)]
    [at Root.error (turbopack:///[project]/node_modules/postcss/lib/node.js:166:32)]
    [at Object.Once (C:\Users\janid\Downloads\mylms\lms\node_modules\@tailwindcss\postcss\dist\index.js:10:7013)]
    [at process.processTicksAndRejections (node:internal/process/task_queues:104:5)]
    [at async LazyResult.runAsync (turbopack:///[project]/node_modules/postcss/lib/lazy-result.js:299:11)]
    [at async transform (turbopack:///[turbopack-node]/transforms/postcss.ts?config=[project]/postcss.config.js:70:34)]
    [at async run (turbopack:///[turbopack-node]/child_process/evaluate.ts:89:23)]

Import trace:
  Client Component Browser:
    ./src/app/workspace.css [Client Component Browser]
    ./src/app/[locale]/layout.tsx [Server Component] @ http://localhost:3000/_next/static/chunks/node_modules_next_dist_1e8vcs8._.js:1052
[  181307ms] [ERROR] ./src/app/workspace.css
Error: Error evaluating Node.js code
CssSyntaxError: tailwindcss: C:\Users\janid\Downloads\mylms\lms\src\app\workspace.css:1:1: Cannot apply unknown utility class `text-body-strong`
    [at Input.error (turbopack:///[project]/node_modules/postcss/lib/input.js:135:16)]
    [at Root.error (turbopack:///[project]/node_modules/postcss/lib/node.js:166:32)]
    [at Object.Once (C:\Users\janid\Downloads\mylms\lms\node_modules\@tailwindcss\postcss\dist\index.js:10:7013)]
    [at process.processTicksAndRejections (node:internal/process/task_queues:104:5)]
    [at async LazyResult.runAsync (turbopack:///[project]/node_modules/postcss/lib/lazy-result.js:299:11)]
    [at async transform (turbopack:///[turbopack-node]/transforms/postcss.ts?config=[project]/postcss.config.js:70:34)]
    [at async run (turbopack:///[turbopack-node]/child_process/evaluate.ts:89:23)]

Import trace:
  Client Component Browser:
    ./src/app/workspace.css [Client Component Browser]
    ./src/app/[locale]/layout.tsx [Server Component] @ http://localhost:3000/_next/static/chunks/node_modules_next_dist_1e8vcs8._.js:1052
[  181369ms] [ERROR] ./src/app/workspace.css
Error: Error evaluating Node.js code
CssSyntaxError: tailwindcss: C:\Users\janid\Downloads\mylms\lms\src\app\workspace.css:1:1: Cannot apply unknown utility class `text-body-strong`
    [at Input.error (turbopack:///[project]/node_modules/postcss/lib/input.js:135:16)]
    [at Root.error (turbopack:///[project]/node_modules/postcss/lib/node.js:166:32)]
    [at Object.Once (C:\Users\janid\Downloads\mylms\lms\node_modules\@tailwindcss\postcss\dist\index.js:10:7013)]
    [at process.processTicksAndRejections (node:internal/process/task_queues:104:5)]
    [at async LazyResult.runAsync (turbopack:///[project]/node_modules/postcss/lib/lazy-result.js:299:11)]
    [at async transform (turbopack:///[turbopack-node]/transforms/postcss.ts?config=[project]/postcss.config.js:70:34)]
    [at async run (turbopack:///[turbopack-node]/child_process/evaluate.ts:89:23)]

Import trace:
  Client Component Browser:
    ./src/app/workspace.css [Client Component Browser]
    ./src/app/[locale]/layout.tsx [Server Component] @ http://localhost:3000/_next/static/chunks/node_modules_next_dist_1e8vcs8._.js:1052
[  181431ms] [ERROR] ./src/app/workspace.css
Error: Error evaluating Node.js code
CssSyntaxError: tailwindcss: C:\Users\janid\Downloads\mylms\lms\src\app\workspace.css:1:1: Cannot apply unknown utility class `text-body-strong`
    [at Input.error (turbopack:///[project]/node_modules/postcss/lib/input.js:135:16)]
    [at Root.error (turbopack:///[project]/node_modules/postcss/lib/node.js:166:32)]
    [at Object.Once (C:\Users\janid\Downloads\mylms\lms\node_modules\@tailwindcss\postcss\dist\index.js:10:7013)]
    [at process.processTicksAndRejections (node:internal/process/task_queues:104:5)]
    [at async LazyResult.runAsync (turbopack:///[project]/node_modules/postcss/lib/lazy-result.js:299:11)]
    [at async transform (turbopack:///[turbopack-node]/transforms/postcss.ts?config=[project]/postcss.config.js:70:34)]
    [at async run (turbopack:///[turbopack-node]/child_process/evaluate.ts:89:23)]

Import trace:
  Client Component Browser:
    ./src/app/workspace.css [Client Component Browser]
    ./src/app/[locale]/layout.tsx [Server Component] @ http://localhost:3000/_next/static/chunks/node_modules_next_dist_1e8vcs8._.js:1052
[  181493ms] [ERROR] ./src/app/workspace.css
Error: Error evaluating Node.js code
CssSyntaxError: tailwindcss: C:\Users\janid\Downloads\mylms\lms\src\app\workspace.css:1:1: Cannot apply unknown utility class `text-body-strong`
    [at Input.error (turbopack:///[project]/node_modules/postcss/lib/input.js:135:16)]
    [at Root.error (turbopack:///[project]/node_modules/postcss/lib/node.js:166:32)]
    [at Object.Once (C:\Users\janid\Downloads\mylms\lms\node_modules\@tailwindcss\postcss\dist\index.js:10:7013)]
    [at process.processTicksAndRejections (node:internal/process/task_queues:104:5)]
    [at async LazyResult.runAsync (turbopack:///[project]/node_modules/postcss/lib/lazy-result.js:299:11)]
    [at async transform (turbopack:///[turbopack-node]/transforms/postcss.ts?config=[project]/postcss.config.js:70:34)]
    [at async run (turbopack:///[turbopack-node]/child_process/evaluate.ts:89:23)]

Import trace:
  Client Component Browser:
    ./src/app/workspace.css [Client Component Browser]
    ./src/app/[locale]/layout.tsx [Server Component] @ http://localhost:3000/_next/static/chunks/node_modules_next_dist_1e8vcs8._.js:1052
[  181557ms] [ERROR] ./src/app/workspace.css
Error: Error evaluating Node.js code
CssSyntaxError: tailwindcss: C:\Users\janid\Downloads\mylms\lms\src\app\workspace.css:1:1: Cannot apply unknown utility class `text-body-strong`
    [at Input.error (turbopack:///[project]/node_modules/postcss/lib/input.js:135:16)]
    [at Root.error (turbopack:///[project]/node_modules/postcss/lib/node.js:166:32)]
    [at Object.Once (C:\Users\janid\Downloads\mylms\lms\node_modules\@tailwindcss\postcss\dist\index.js:10:7013)]
    [at process.processTicksAndRejections (node:internal/process/task_queues:104:5)]
    [at async LazyResult.runAsync (turbopack:///[project]/node_modules/postcss/lib/lazy-result.js:299:11)]
    [at async transform (turbopack:///[turbopack-node]/transforms/postcss.ts?config=[project]/postcss.config.js:70:34)]
    [at async run (turbopack:///[turbopack-node]/child_process/evaluate.ts:89:23)]

Import trace:
  Client Component Browser:
    ./src/app/workspace.css [Client Component Browser]
    ./src/app/[locale]/layout.tsx [Server Component] @ http://localhost:3000/_next/static/chunks/node_modules_next_dist_1e8vcs8._.js:1052
[  181620ms] [ERROR] ./src/app/workspace.css
Error: Error evaluating Node.js code
CssSyntaxError: tailwindcss: C:\Users\janid\Downloads\mylms\lms\src\app\workspace.css:1:1: Cannot apply unknown utility class `text-body-strong`
    [at Input.error (turbopack:///[project]/node_modules/postcss/lib/input.js:135:16)]
    [at Root.error (turbopack:///[project]/node_modules/postcss/lib/node.js:166:32)]
    [at Object.Once (C:\Users\janid\Downloads\mylms\lms\node_modules\@tailwindcss\postcss\dist\index.js:10:7013)]
    [at process.processTicksAndRejections (node:internal/process/task_queues:104:5)]
    [at async LazyResult.runAsync (turbopack:///[project]/node_modules/postcss/lib/lazy-result.js:299:11)]
    [at async transform (turbopack:///[turbopack-node]/transforms/postcss.ts?config=[project]/postcss.config.js:70:34)]
    [at async run (turbopack:///[turbopack-node]/child_process/evaluate.ts:89:23)]

Import trace:
  Client Component Browser:
    ./src/app/workspace.css [Client Component Browser]
    ./src/app/[locale]/layout.tsx [Server Component] @ http://localhost:3000/_next/static/chunks/node_modules_next_dist_1e8vcs8._.js:1052
[  181698ms] [ERROR] ./src/app/workspace.css
Error: Error evaluating Node.js code
CssSyntaxError: tailwindcss: C:\Users\janid\Downloads\mylms\lms\src\app\workspace.css:1:1: Cannot apply unknown utility class `text-body-strong`
    [at Input.error (turbopack:///[project]/node_modules/postcss/lib/input.js:135:16)]
    [at Root.error (turbopack:///[project]/node_modules/postcss/lib/node.js:166:32)]
    [at Object.Once (C:\Users\janid\Downloads\mylms\lms\node_modules\@tailwindcss\postcss\dist\index.js:10:7013)]
    [at process.processTicksAndRejections (node:internal/process/task_queues:104:5)]
    [at async LazyResult.runAsync (turbopack:///[project]/node_modules/postcss/lib/lazy-result.js:299:11)]
    [at async transform (turbopack:///[turbopack-node]/transforms/postcss.ts?config=[project]/postcss.config.js:70:34)]
    [at async run (turbopack:///[turbopack-node]/child_process/evaluate.ts:89:23)]

Import trace:
  Client Component Browser:
    ./src/app/workspace.css [Client Component Browser]
    ./src/app/[locale]/layout.tsx [Server Component] @ http://localhost:3000/_next/static/chunks/node_modules_next_dist_1e8vcs8._.js:1052
[  181761ms] [ERROR] ./src/app/workspace.css
Error: Error evaluating Node.js code
CssSyntaxError: tailwindcss: C:\Users\janid\Downloads\mylms\lms\src\app\workspace.css:1:1: Cannot apply unknown utility class `text-body-strong`
    [at Input.error (turbopack:///[project]/node_modules/postcss/lib/input.js:135:16)]
    [at Root.error (turbopack:///[project]/node_modules/postcss/lib/node.js:166:32)]
    [at Object.Once (C:\Users\janid\Downloads\mylms\lms\node_modules\@tailwindcss\postcss\dist\index.js:10:7013)]
    [at process.processTicksAndRejections (node:internal/process/task_queues:104:5)]
    [at async LazyResult.runAsync (turbopack:///[project]/node_modules/postcss/lib/lazy-result.js:299:11)]
    [at async transform (turbopack:///[turbopack-node]/transforms/postcss.ts?config=[project]/postcss.config.js:70:34)]
    [at async run (turbopack:///[turbopack-node]/child_process/evaluate.ts:89:23)]

Import trace:
  Client Component Browser:
    ./src/app/workspace.css [Client Component Browser]
    ./src/app/[locale]/layout.tsx [Server Component] @ http://localhost:3000/_next/static/chunks/node_modules_next_dist_1e8vcs8._.js:1052
[  181823ms] [ERROR] ./src/app/workspace.css
Error: Error evaluating Node.js code
CssSyntaxError: tailwindcss: C:\Users\janid\Downloads\mylms\lms\src\app\workspace.css:1:1: Cannot apply unknown utility class `text-body-strong`
    [at Input.error (turbopack:///[project]/node_modules/postcss/lib/input.js:135:16)]
    [at Root.error (turbopack:///[project]/node_modules/postcss/lib/node.js:166:32)]
    [at Object.Once (C:\Users\janid\Downloads\mylms\lms\node_modules\@tailwindcss\postcss\dist\index.js:10:7013)]
    [at process.processTicksAndRejections (node:internal/process/task_queues:104:5)]
    [at async LazyResult.runAsync (turbopack:///[project]/node_modules/postcss/lib/lazy-result.js:299:11)]
    [at async transform (turbopack:///[turbopack-node]/transforms/postcss.ts?config=[project]/postcss.config.js:70:34)]
    [at async run (turbopack:///[turbopack-node]/child_process/evaluate.ts:89:23)]

Import trace:
  Client Component Browser:
    ./src/app/workspace.css [Client Component Browser]
    ./src/app/[locale]/layout.tsx [Server Component] @ http://localhost:3000/_next/static/chunks/node_modules_next_dist_1e8vcs8._.js:1052
[  181890ms] [ERROR] ./src/app/workspace.css
Error: Error evaluating Node.js code
CssSyntaxError: tailwindcss: C:\Users\janid\Downloads\mylms\lms\src\app\workspace.css:1:1: Cannot apply unknown utility class `text-body-strong`
    [at Input.error (turbopack:///[project]/node_modules/postcss/lib/input.js:135:16)]
    [at Root.error (turbopack:///[project]/node_modules/postcss/lib/node.js:166:32)]
    [at Object.Once (C:\Users\janid\Downloads\mylms\lms\node_modules\@tailwindcss\postcss\dist\index.js:10:7013)]
    [at process.processTicksAndRejections (node:internal/process/task_queues:104:5)]
    [at async LazyResult.runAsync (turbopack:///[project]/node_modules/postcss/lib/lazy-result.js:299:11)]
    [at async transform (turbopack:///[turbopack-node]/transforms/postcss.ts?config=[project]/postcss.config.js:70:34)]
    [at async run (turbopack:///[turbopack-node]/child_process/evaluate.ts:89:23)]

Import trace:
  Client Component Browser:
    ./src/app/workspace.css [Client Component Browser]
    ./src/app/[locale]/layout.tsx [Server Component] @ http://localhost:3000/_next/static/chunks/node_modules_next_dist_1e8vcs8._.js:1052
[  182011ms] [ERROR] ./src/app/workspace.css
Error: Error evaluating Node.js code
CssSyntaxError: tailwindcss: C:\Users\janid\Downloads\mylms\lms\src\app\workspace.css:1:1: Cannot apply unknown utility class `text-body-strong`
    [at Input.error (turbopack:///[project]/node_modules/postcss/lib/input.js:135:16)]
    [at Root.error (turbopack:///[project]/node_modules/postcss/lib/node.js:166:32)]
    [at Object.Once (C:\Users\janid\Downloads\mylms\lms\node_modules\@tailwindcss\postcss\dist\index.js:10:7013)]
    [at process.processTicksAndRejections (node:internal/process/task_queues:104:5)]
    [at async LazyResult.runAsync (turbopack:///[project]/node_modules/postcss/lib/lazy-result.js:299:11)]
    [at async transform (turbopack:///[turbopack-node]/transforms/postcss.ts?config=[project]/postcss.config.js:70:34)]
    [at async run (turbopack:///[turbopack-node]/child_process/evaluate.ts:89:23)]

Import trace:
  Client Component Browser:
    ./src/app/workspace.css [Client Component Browser]
    ./src/app/[locale]/layout.tsx [Server Component] @ http://localhost:3000/_next/static/chunks/node_modules_next_dist_1e8vcs8._.js:1052
[  182079ms] [ERROR] ./src/app/workspace.css
Error: Error evaluating Node.js code
CssSyntaxError: tailwindcss: C:\Users\janid\Downloads\mylms\lms\src\app\workspace.css:1:1: Cannot apply unknown utility class `text-body-strong`
    [at Input.error (turbopack:///[project]/node_modules/postcss/lib/input.js:135:16)]
    [at Root.error (turbopack:///[project]/node_modules/postcss/lib/node.js:166:32)]
    [at Object.Once (C:\Users\janid\Downloads\mylms\lms\node_modules\@tailwindcss\postcss\dist\index.js:10:7013)]
    [at process.processTicksAndRejections (node:internal/process/task_queues:104:5)]
    [at async LazyResult.runAsync (turbopack:///[project]/node_modules/postcss/lib/lazy-result.js:299:11)]
    [at async transform (turbopack:///[turbopack-node]/transforms/postcss.ts?config=[project]/postcss.config.js:70:34)]
    [at async run (turbopack:///[turbopack-node]/child_process/evaluate.ts:89:23)]

Import trace:
  Client Component Browser:
    ./src/app/workspace.css [Client Component Browser]
    ./src/app/[locale]/layout.tsx [Server Component] @ http://localhost:3000/_next/static/chunks/node_modules_next_dist_1e8vcs8._.js:1052
[  182141ms] [ERROR] ./src/app/workspace.css
Error: Error evaluating Node.js code
CssSyntaxError: tailwindcss: C:\Users\janid\Downloads\mylms\lms\src\app\workspace.css:1:1: Cannot apply unknown utility class `text-body-strong`
    [at Input.error (turbopack:///[project]/node_modules/postcss/lib/input.js:135:16)]
    [at Root.error (turbopack:///[project]/node_modules/postcss/lib/node.js:166:32)]
    [at Object.Once (C:\Users\janid\Downloads\mylms\lms\node_modules\@tailwindcss\postcss\dist\index.js:10:7013)]
    [at process.processTicksAndRejections (node:internal/process/task_queues:104:5)]
    [at async LazyResult.runAsync (turbopack:///[project]/node_modules/postcss/lib/lazy-result.js:299:11)]
    [at async transform (turbopack:///[turbopack-node]/transforms/postcss.ts?config=[project]/postcss.config.js:70:34)]
    [at async run (turbopack:///[turbopack-node]/child_process/evaluate.ts:89:23)]

Import trace:
  Client Component Browser:
    ./src/app/workspace.css [Client Component Browser]
    ./src/app/[locale]/layout.tsx [Server Component] @ http://localhost:3000/_next/static/chunks/node_modules_next_dist_1e8vcs8._.js:1052
[  182203ms] [ERROR] ./src/app/workspace.css
Error: Error evaluating Node.js code
CssSyntaxError: tailwindcss: C:\Users\janid\Downloads\mylms\lms\src\app\workspace.css:1:1: Cannot apply unknown utility class `text-body-strong`
    [at Input.error (turbopack:///[project]/node_modules/postcss/lib/input.js:135:16)]
    [at Root.error (turbopack:///[project]/node_modules/postcss/lib/node.js:166:32)]
    [at Object.Once (C:\Users\janid\Downloads\mylms\lms\node_modules\@tailwindcss\postcss\dist\index.js:10:7013)]
    [at process.processTicksAndRejections (node:internal/process/task_queues:104:5)]
    [at async LazyResult.runAsync (turbopack:///[project]/node_modules/postcss/lib/lazy-result.js:299:11)]
    [at async transform (turbopack:///[turbopack-node]/transforms/postcss.ts?config=[project]/postcss.config.js:70:34)]
    [at async run (turbopack:///[turbopack-node]/child_process/evaluate.ts:89:23)]

Import trace:
  Client Component Browser:
    ./src/app/workspace.css [Client Component Browser]
    ./src/app/[locale]/layout.tsx [Server Component] @ http://localhost:3000/_next/static/chunks/node_modules_next_dist_1e8vcs8._.js:1052
[  182266ms] [ERROR] ./src/app/workspace.css
Error: Error evaluating Node.js code
CssSyntaxError: tailwindcss: C:\Users\janid\Downloads\mylms\lms\src\app\workspace.css:1:1: Cannot apply unknown utility class `text-body-strong`
    [at Input.error (turbopack:///[project]/node_modules/postcss/lib/input.js:135:16)]
    [at Root.error (turbopack:///[project]/node_modules/postcss/lib/node.js:166:32)]
    [at Object.Once (C:\Users\janid\Downloads\mylms\lms\node_modules\@tailwindcss\postcss\dist\index.js:10:7013)]
    [at process.processTicksAndRejections (node:internal/process/task_queues:104:5)]
    [at async LazyResult.runAsync (turbopack:///[project]/node_modules/postcss/lib/lazy-result.js:299:11)]
    [at async transform (turbopack:///[turbopack-node]/transforms/postcss.ts?config=[project]/postcss.config.js:70:34)]
    [at async run (turbopack:///[turbopack-node]/child_process/evaluate.ts:89:23)]

Import trace:
  Client Component Browser:
    ./src/app/workspace.css [Client Component Browser]
    ./src/app/[locale]/layout.tsx [Server Component] @ http://localhost:3000/_next/static/chunks/node_modules_next_dist_1e8vcs8._.js:1052
[  182371ms] [ERROR] ./src/app/workspace.css
Error: Error evaluating Node.js code
CssSyntaxError: tailwindcss: C:\Users\janid\Downloads\mylms\lms\src\app\workspace.css:1:1: Cannot apply unknown utility class `text-body-strong`
    [at Input.error (turbopack:///[project]/node_modules/postcss/lib/input.js:135:16)]
    [at Root.error (turbopack:///[project]/node_modules/postcss/lib/node.js:166:32)]
    [at Object.Once (C:\Users\janid\Downloads\mylms\lms\node_modules\@tailwindcss\postcss\dist\index.js:10:7013)]
    [at process.processTicksAndRejections (node:internal/process/task_queues:104:5)]
    [at async LazyResult.runAsync (turbopack:///[project]/node_modules/postcss/lib/lazy-result.js:299:11)]
    [at async transform (turbopack:///[turbopack-node]/transforms/postcss.ts?config=[project]/postcss.config.js:70:34)]
    [at async run (turbopack:///[turbopack-node]/child_process/evaluate.ts:89:23)]

Import trace:
  Client Component Browser:
    ./src/app/workspace.css [Client Component Browser]
    ./src/app/[locale]/layout.tsx [Server Component] @ http://localhost:3000/_next/static/chunks/node_modules_next_dist_1e8vcs8._.js:1052
[  182423ms] [ERROR] ./src/app/workspace.css
Error: Error evaluating Node.js code
CssSyntaxError: tailwindcss: C:\Users\janid\Downloads\mylms\lms\src\app\workspace.css:1:1: Cannot apply unknown utility class `text-body-strong`
    [at Input.error (turbopack:///[project]/node_modules/postcss/lib/input.js:135:16)]
    [at Root.error (turbopack:///[project]/node_modules/postcss/lib/node.js:166:32)]
    [at Object.Once (C:\Users\janid\Downloads\mylms\lms\node_modules\@tailwindcss\postcss\dist\index.js:10:7013)]
    [at process.processTicksAndRejections (node:internal/process/task_queues:104:5)]
    [at async LazyResult.runAsync (turbopack:///[project]/node_modules/postcss/lib/lazy-result.js:299:11)]
    [at async transform (turbopack:///[turbopack-node]/transforms/postcss.ts?config=[project]/postcss.config.js:70:34)]
    [at async run (turbopack:///[turbopack-node]/child_process/evaluate.ts:89:23)]

Import trace:
  Client Component Browser:
    ./src/app/workspace.css [Client Component Browser]
    ./src/app/[locale]/layout.tsx [Server Component] @ http://localhost:3000/_next/static/chunks/node_modules_next_dist_1e8vcs8._.js:1052
[  182494ms] [ERROR] ./src/app/workspace.css
Error: Error evaluating Node.js code
CssSyntaxError: tailwindcss: C:\Users\janid\Downloads\mylms\lms\src\app\workspace.css:1:1: Cannot apply unknown utility class `text-body-strong`
    [at Input.error (turbopack:///[project]/node_modules/postcss/lib/input.js:135:16)]
    [at Root.error (turbopack:///[project]/node_modules/postcss/lib/node.js:166:32)]
    [at Object.Once (C:\Users\janid\Downloads\mylms\lms\node_modules\@tailwindcss\postcss\dist\index.js:10:7013)]
    [at process.processTicksAndRejections (node:internal/process/task_queues:104:5)]
    [at async LazyResult.runAsync (turbopack:///[project]/node_modules/postcss/lib/lazy-result.js:299:11)]
    [at async transform (turbopack:///[turbopack-node]/transforms/postcss.ts?config=[project]/postcss.config.js:70:34)]
    [at async run (turbopack:///[turbopack-node]/child_process/evaluate.ts:89:23)]

Import trace:
  Client Component Browser:
    ./src/app/workspace.css [Client Component Browser]
    ./src/app/[locale]/layout.tsx [Server Component] @ http://localhost:3000/_next/static/chunks/node_modules_next_dist_1e8vcs8._.js:1052
[  182551ms] [ERROR] ./src/app/workspace.css
Error: Error evaluating Node.js code
CssSyntaxError: tailwindcss: C:\Users\janid\Downloads\mylms\lms\src\app\workspace.css:1:1: Cannot apply unknown utility class `text-body-strong`
    [at Input.error (turbopack:///[project]/node_modules/postcss/lib/input.js:135:16)]
    [at Root.error (turbopack:///[project]/node_modules/postcss/lib/node.js:166:32)]
    [at Object.Once (C:\Users\janid\Downloads\mylms\lms\node_modules\@tailwindcss\postcss\dist\index.js:10:7013)]
    [at process.processTicksAndRejections (node:internal/process/task_queues:104:5)]
    [at async LazyResult.runAsync (turbopack:///[project]/node_modules/postcss/lib/lazy-result.js:299:11)]
    [at async transform (turbopack:///[turbopack-node]/transforms/postcss.ts?config=[project]/postcss.config.js:70:34)]
    [at async run (turbopack:///[turbopack-node]/child_process/evaluate.ts:89:23)]

Import trace:
  Client Component Browser:
    ./src/app/workspace.css [Client Component Browser]
    ./src/app/[locale]/layout.tsx [Server Component] @ http://localhost:3000/_next/static/chunks/node_modules_next_dist_1e8vcs8._.js:1052
[  182612ms] [ERROR] ./src/app/workspace.css
Error: Error evaluating Node.js code
CssSyntaxError: tailwindcss: C:\Users\janid\Downloads\mylms\lms\src\app\workspace.css:1:1: Cannot apply unknown utility class `text-body-strong`
    [at Input.error (turbopack:///[project]/node_modules/postcss/lib/input.js:135:16)]
    [at Root.error (turbopack:///[project]/node_modules/postcss/lib/node.js:166:32)]
    [at Object.Once (C:\Users\janid\Downloads\mylms\lms\node_modules\@tailwindcss\postcss\dist\index.js:10:7013)]
    [at process.processTicksAndRejections (node:internal/process/task_queues:104:5)]
    [at async LazyResult.runAsync (turbopack:///[project]/node_modules/postcss/lib/lazy-result.js:299:11)]
    [at async transform (turbopack:///[turbopack-node]/transforms/postcss.ts?config=[project]/postcss.config.js:70:34)]
    [at async run (turbopack:///[turbopack-node]/child_process/evaluate.ts:89:23)]

Import trace:
  Client Component Browser:
    ./src/app/workspace.css [Client Component Browser]
    ./src/app/[locale]/layout.tsx [Server Component] @ http://localhost:3000/_next/static/chunks/node_modules_next_dist_1e8vcs8._.js:1052
[  182675ms] [ERROR] ./src/app/workspace.css
Error: Error evaluating Node.js code
CssSyntaxError: tailwindcss: C:\Users\janid\Downloads\mylms\lms\src\app\workspace.css:1:1: Cannot apply unknown utility class `text-body-strong`
    [at Input.error (turbopack:///[project]/node_modules/postcss/lib/input.js:135:16)]
    [at Root.error (turbopack:///[project]/node_modules/postcss/lib/node.js:166:32)]
    [at Object.Once (C:\Users\janid\Downloads\mylms\lms\node_modules\@tailwindcss\postcss\dist\index.js:10:7013)]
    [at process.processTicksAndRejections (node:internal/process/task_queues:104:5)]
    [at async LazyResult.runAsync (turbopack:///[project]/node_modules/postcss/lib/lazy-result.js:299:11)]
    [at async transform (turbopack:///[turbopack-node]/transforms/postcss.ts?config=[project]/postcss.config.js:70:34)]
    [at async run (turbopack:///[turbopack-node]/child_process/evaluate.ts:89:23)]

Import trace:
  Client Component Browser:
    ./src/app/workspace.css [Client Component Browser]
    ./src/app/[locale]/layout.tsx [Server Component] @ http://localhost:3000/_next/static/chunks/node_modules_next_dist_1e8vcs8._.js:1052
[  182738ms] [ERROR] ./src/app/workspace.css
Error: Error evaluating Node.js code
CssSyntaxError: tailwindcss: C:\Users\janid\Downloads\mylms\lms\src\app\workspace.css:1:1: Cannot apply unknown utility class `text-body-strong`
    [at Input.error (turbopack:///[project]/node_modules/postcss/lib/input.js:135:16)]
    [at Root.error (turbopack:///[project]/node_modules/postcss/lib/node.js:166:32)]
    [at Object.Once (C:\Users\janid\Downloads\mylms\lms\node_modules\@tailwindcss\postcss\dist\index.js:10:7013)]
    [at process.processTicksAndRejections (node:internal/process/task_queues:104:5)]
    [at async LazyResult.runAsync (turbopack:///[project]/node_modules/postcss/lib/lazy-result.js:299:11)]
    [at async transform (turbopack:///[turbopack-node]/transforms/postcss.ts?config=[project]/postcss.config.js:70:34)]
    [at async run (turbopack:///[turbopack-node]/child_process/evaluate.ts:89:23)]

Import trace:
  Client Component Browser:
    ./src/app/workspace.css [Client Component Browser]
    ./src/app/[locale]/layout.tsx [Server Component] @ http://localhost:3000/_next/static/chunks/node_modules_next_dist_1e8vcs8._.js:1052
[  182801ms] [ERROR] ./src/app/workspace.css
Error: Error evaluating Node.js code
CssSyntaxError: tailwindcss: C:\Users\janid\Downloads\mylms\lms\src\app\workspace.css:1:1: Cannot apply unknown utility class `text-body-strong`
    [at Input.error (turbopack:///[project]/node_modules/postcss/lib/input.js:135:16)]
    [at Root.error (turbopack:///[project]/node_modules/postcss/lib/node.js:166:32)]
    [at Object.Once (C:\Users\janid\Downloads\mylms\lms\node_modules\@tailwindcss\postcss\dist\index.js:10:7013)]
    [at process.processTicksAndRejections (node:internal/process/task_queues:104:5)]
    [at async LazyResult.runAsync (turbopack:///[project]/node_modules/postcss/lib/lazy-result.js:299:11)]
    [at async transform (turbopack:///[turbopack-node]/transforms/postcss.ts?config=[project]/postcss.config.js:70:34)]
    [at async run (turbopack:///[turbopack-node]/child_process/evaluate.ts:89:23)]

Import trace:
  Client Component Browser:
    ./src/app/workspace.css [Client Component Browser]
    ./src/app/[locale]/layout.tsx [Server Component] @ http://localhost:3000/_next/static/chunks/node_modules_next_dist_1e8vcs8._.js:1052
[  182863ms] [ERROR] ./src/app/workspace.css
Error: Error evaluating Node.js code
CssSyntaxError: tailwindcss: C:\Users\janid\Downloads\mylms\lms\src\app\workspace.css:1:1: Cannot apply unknown utility class `text-body-strong`
    [at Input.error (turbopack:///[project]/node_modules/postcss/lib/input.js:135:16)]
    [at Root.error (turbopack:///[project]/node_modules/postcss/lib/node.js:166:32)]
    [at Object.Once (C:\Users\janid\Downloads\mylms\lms\node_modules\@tailwindcss\postcss\dist\index.js:10:7013)]
    [at process.processTicksAndRejections (node:internal/process/task_queues:104:5)]
    [at async LazyResult.runAsync (turbopack:///[project]/node_modules/postcss/lib/lazy-result.js:299:11)]
    [at async transform (turbopack:///[turbopack-node]/transforms/postcss.ts?config=[project]/postcss.config.js:70:34)]
    [at async run (turbopack:///[turbopack-node]/child_process/evaluate.ts:89:23)]

Import trace:
  Client Component Browser:
    ./src/app/workspace.css [Client Component Browser]
    ./src/app/[locale]/layout.tsx [Server Component] @ http://localhost:3000/_next/static/chunks/node_modules_next_dist_1e8vcs8._.js:1052
[  182926ms] [ERROR] ./src/app/workspace.css
Error: Error evaluating Node.js code
CssSyntaxError: tailwindcss: C:\Users\janid\Downloads\mylms\lms\src\app\workspace.css:1:1: Cannot apply unknown utility class `text-body-strong`
    [at Input.error (turbopack:///[project]/node_modules/postcss/lib/input.js:135:16)]
    [at Root.error (turbopack:///[project]/node_modules/postcss/lib/node.js:166:32)]
    [at Object.Once (C:\Users\janid\Downloads\mylms\lms\node_modules\@tailwindcss\postcss\dist\index.js:10:7013)]
    [at process.processTicksAndRejections (node:internal/process/task_queues:104:5)]
    [at async LazyResult.runAsync (turbopack:///[project]/node_modules/postcss/lib/lazy-result.js:299:11)]
    [at async transform (turbopack:///[turbopack-node]/transforms/postcss.ts?config=[project]/postcss.config.js:70:34)]
    [at async run (turbopack:///[turbopack-node]/child_process/evaluate.ts:89:23)]

Import trace:
  Client Component Browser:
    ./src/app/workspace.css [Client Component Browser]
    ./src/app/[locale]/layout.tsx [Server Component] @ http://localhost:3000/_next/static/chunks/node_modules_next_dist_1e8vcs8._.js:1052
[  182989ms] [ERROR] ./src/app/workspace.css
Error: Error evaluating Node.js code
CssSyntaxError: tailwindcss: C:\Users\janid\Downloads\mylms\lms\src\app\workspace.css:1:1: Cannot apply unknown utility class `text-body-strong`
    [at Input.error (turbopack:///[project]/node_modules/postcss/lib/input.js:135:16)]
    [at Root.error (turbopack:///[project]/node_modules/postcss/lib/node.js:166:32)]
    [at Object.Once (C:\Users\janid\Downloads\mylms\lms\node_modules\@tailwindcss\postcss\dist\index.js:10:7013)]
    [at process.processTicksAndRejections (node:internal/process/task_queues:104:5)]
    [at async LazyResult.runAsync (turbopack:///[project]/node_modules/postcss/lib/lazy-result.js:299:11)]
    [at async transform (turbopack:///[turbopack-node]/transforms/postcss.ts?config=[project]/postcss.config.js:70:34)]
    [at async run (turbopack:///[turbopack-node]/child_process/evaluate.ts:89:23)]

Import trace:
  Client Component Browser:
    ./src/app/workspace.css [Client Component Browser]
    ./src/app/[locale]/layout.tsx [Server Component] @ http://localhost:3000/_next/static/chunks/node_modules_next_dist_1e8vcs8._.js:1052
[  183052ms] [ERROR] ./src/app/workspace.css
Error: Error evaluating Node.js code
CssSyntaxError: tailwindcss: C:\Users\janid\Downloads\mylms\lms\src\app\workspace.css:1:1: Cannot apply unknown utility class `text-body-strong`
    [at Input.error (turbopack:///[project]/node_modules/postcss/lib/input.js:135:16)]
    [at Root.error (turbopack:///[project]/node_modules/postcss/lib/node.js:166:32)]
    [at Object.Once (C:\Users\janid\Downloads\mylms\lms\node_modules\@tailwindcss\postcss\dist\index.js:10:7013)]
    [at process.processTicksAndRejections (node:internal/process/task_queues:104:5)]
    [at async LazyResult.runAsync (turbopack:///[project]/node_modules/postcss/lib/lazy-result.js:299:11)]
    [at async transform (turbopack:///[turbopack-node]/transforms/postcss.ts?config=[project]/postcss.config.js:70:34)]
    [at async run (turbopack:///[turbopack-node]/child_process/evaluate.ts:89:23)]

Import trace:
  Client Component Browser:
    ./src/app/workspace.css [Client Component Browser]
    ./src/app/[locale]/layout.tsx [Server Component] @ http://localhost:3000/_next/static/chunks/node_modules_next_dist_1e8vcs8._.js:1052
[  183115ms] [ERROR] ./src/app/workspace.css
Error: Error evaluating Node.js code
CssSyntaxError: tailwindcss: C:\Users\janid\Downloads\mylms\lms\src\app\workspace.css:1:1: Cannot apply unknown utility class `text-body-strong`
    [at Input.error (turbopack:///[project]/node_modules/postcss/lib/input.js:135:16)]
    [at Root.error (turbopack:///[project]/node_modules/postcss/lib/node.js:166:32)]
    [at Object.Once (C:\Users\janid\Downloads\mylms\lms\node_modules\@tailwindcss\postcss\dist\index.js:10:7013)]
    [at process.processTicksAndRejections (node:internal/process/task_queues:104:5)]
    [at async LazyResult.runAsync (turbopack:///[project]/node_modules/postcss/lib/lazy-result.js:299:11)]
    [at async transform (turbopack:///[turbopack-node]/transforms/postcss.ts?config=[project]/postcss.config.js:70:34)]
    [at async run (turbopack:///[turbopack-node]/child_process/evaluate.ts:89:23)]

Import trace:
  Client Component Browser:
    ./src/app/workspace.css [Client Component Browser]
    ./src/app/[locale]/layout.tsx [Server Component] @ http://localhost:3000/_next/static/chunks/node_modules_next_dist_1e8vcs8._.js:1052
[  183181ms] [ERROR] ./src/app/workspace.css
Error: Error evaluating Node.js code
CssSyntaxError: tailwindcss: C:\Users\janid\Downloads\mylms\lms\src\app\workspace.css:1:1: Cannot apply unknown utility class `text-body-strong`
    [at Input.error (turbopack:///[project]/node_modules/postcss/lib/input.js:135:16)]
    [at Root.error (turbopack:///[project]/node_modules/postcss/lib/node.js:166:32)]
    [at Object.Once (C:\Users\janid\Downloads\mylms\lms\node_modules\@tailwindcss\postcss\dist\index.js:10:7013)]
    [at process.processTicksAndRejections (node:internal/process/task_queues:104:5)]
    [at async LazyResult.runAsync (turbopack:///[project]/node_modules/postcss/lib/lazy-result.js:299:11)]
    [at async transform (turbopack:///[turbopack-node]/transforms/postcss.ts?config=[project]/postcss.config.js:70:34)]
    [at async run (turbopack:///[turbopack-node]/child_process/evaluate.ts:89:23)]

Import trace:
  Client Component Browser:
    ./src/app/workspace.css [Client Component Browser]
    ./src/app/[locale]/layout.tsx [Server Component] @ http://localhost:3000/_next/static/chunks/node_modules_next_dist_1e8vcs8._.js:1052
[  183257ms] [ERROR] ./src/app/workspace.css
Error: Error evaluating Node.js code
CssSyntaxError: tailwindcss: C:\Users\janid\Downloads\mylms\lms\src\app\workspace.css:1:1: Cannot apply unknown utility class `text-body-strong`
    [at Input.error (turbopack:///[project]/node_modules/postcss/lib/input.js:135:16)]
    [at Root.error (turbopack:///[project]/node_modules/postcss/lib/node.js:166:32)]
    [at Object.Once (C:\Users\janid\Downloads\mylms\lms\node_modules\@tailwindcss\postcss\dist\index.js:10:7013)]
    [at process.processTicksAndRejections (node:internal/process/task_queues:104:5)]
    [at async LazyResult.runAsync (turbopack:///[project]/node_modules/postcss/lib/lazy-result.js:299:11)]
    [at async transform (turbopack:///[turbopack-node]/transforms/postcss.ts?config=[project]/postcss.config.js:70:34)]
    [at async run (turbopack:///[turbopack-node]/child_process/evaluate.ts:89:23)]

Import trace:
  Client Component Browser:
    ./src/app/workspace.css [Client Component Browser]
    ./src/app/[locale]/layout.tsx [Server Component] @ http://localhost:3000/_next/static/chunks/node_modules_next_dist_1e8vcs8._.js:1052
[  183320ms] [ERROR] ./src/app/workspace.css
Error: Error evaluating Node.js code
CssSyntaxError: tailwindcss: C:\Users\janid\Downloads\mylms\lms\src\app\workspace.css:1:1: Cannot apply unknown utility class `text-body-strong`
    [at Input.error (turbopack:///[project]/node_modules/postcss/lib/input.js:135:16)]
    [at Root.error (turbopack:///[project]/node_modules/postcss/lib/node.js:166:32)]
    [at Object.Once (C:\Users\janid\Downloads\mylms\lms\node_modules\@tailwindcss\postcss\dist\index.js:10:7013)]
    [at process.processTicksAndRejections (node:internal/process/task_queues:104:5)]
    [at async LazyResult.runAsync (turbopack:///[project]/node_modules/postcss/lib/lazy-result.js:299:11)]
    [at async transform (turbopack:///[turbopack-node]/transforms/postcss.ts?config=[project]/postcss.config.js:70:34)]
    [at async run (turbopack:///[turbopack-node]/child_process/evaluate.ts:89:23)]

Import trace:
  Client Component Browser:
    ./src/app/workspace.css [Client Component Browser]
    ./src/app/[locale]/layout.tsx [Server Component] @ http://localhost:3000/_next/static/chunks/node_modules_next_dist_1e8vcs8._.js:1052
[  183383ms] [ERROR] ./src/app/workspace.css
Error: Error evaluating Node.js code
CssSyntaxError: tailwindcss: C:\Users\janid\Downloads\mylms\lms\src\app\workspace.css:1:1: Cannot apply unknown utility class `text-body-strong`
    [at Input.error (turbopack:///[project]/node_modules/postcss/lib/input.js:135:16)]
    [at Root.error (turbopack:///[project]/node_modules/postcss/lib/node.js:166:32)]
    [at Object.Once (C:\Users\janid\Downloads\mylms\lms\node_modules\@tailwindcss\postcss\dist\index.js:10:7013)]
    [at process.processTicksAndRejections (node:internal/process/task_queues:104:5)]
    [at async LazyResult.runAsync (turbopack:///[project]/node_modules/postcss/lib/lazy-result.js:299:11)]
    [at async transform (turbopack:///[turbopack-node]/transforms/postcss.ts?config=[project]/postcss.config.js:70:34)]
    [at async run (turbopack:///[turbopack-node]/child_process/evaluate.ts:89:23)]

Import trace:
  Client Component Browser:
    ./src/app/workspace.css [Client Component Browser]
    ./src/app/[locale]/layout.tsx [Server Component] @ http://localhost:3000/_next/static/chunks/node_modules_next_dist_1e8vcs8._.js:1052
[  183448ms] [ERROR] ./src/app/workspace.css
Error: Error evaluating Node.js code
CssSyntaxError: tailwindcss: C:\Users\janid\Downloads\mylms\lms\src\app\workspace.css:1:1: Cannot apply unknown utility class `text-body-strong`
    [at Input.error (turbopack:///[project]/node_modules/postcss/lib/input.js:135:16)]
    [at Root.error (turbopack:///[project]/node_modules/postcss/lib/node.js:166:32)]
    [at Object.Once (C:\Users\janid\Downloads\mylms\lms\node_modules\@tailwindcss\postcss\dist\index.js:10:7013)]
    [at process.processTicksAndRejections (node:internal/process/task_queues:104:5)]
    [at async LazyResult.runAsync (turbopack:///[project]/node_modules/postcss/lib/lazy-result.js:299:11)]
    [at async transform (turbopack:///[turbopack-node]/transforms/postcss.ts?config=[project]/postcss.config.js:70:34)]
    [at async run (turbopack:///[turbopack-node]/child_process/evaluate.ts:89:23)]

Import trace:
  Client Component Browser:
    ./src/app/workspace.css [Client Component Browser]
    ./src/app/[locale]/layout.tsx [Server Component] @ http://localhost:3000/_next/static/chunks/node_modules_next_dist_1e8vcs8._.js:1052
[  183509ms] [ERROR] ./src/app/workspace.css
Error: Error evaluating Node.js code
CssSyntaxError: tailwindcss: C:\Users\janid\Downloads\mylms\lms\src\app\workspace.css:1:1: Cannot apply unknown utility class `text-body-strong`
    [at Input.error (turbopack:///[project]/node_modules/postcss/lib/input.js:135:16)]
    [at Root.error (turbopack:///[project]/node_modules/postcss/lib/node.js:166:32)]
    [at Object.Once (C:\Users\janid\Downloads\mylms\lms\node_modules\@tailwindcss\postcss\dist\index.js:10:7013)]
    [at process.processTicksAndRejections (node:internal/process/task_queues:104:5)]
    [at async LazyResult.runAsync (turbopack:///[project]/node_modules/postcss/lib/lazy-result.js:299:11)]
    [at async transform (turbopack:///[turbopack-node]/transforms/postcss.ts?config=[project]/postcss.config.js:70:34)]
    [at async run (turbopack:///[turbopack-node]/child_process/evaluate.ts:89:23)]

Import trace:
  Client Component Browser:
    ./src/app/workspace.css [Client Component Browser]
    ./src/app/[locale]/layout.tsx [Server Component] @ http://localhost:3000/_next/static/chunks/node_modules_next_dist_1e8vcs8._.js:1052
[  183571ms] [ERROR] ./src/app/workspace.css
Error: Error evaluating Node.js code
CssSyntaxError: tailwindcss: C:\Users\janid\Downloads\mylms\lms\src\app\workspace.css:1:1: Cannot apply unknown utility class `text-body-strong`
    [at Input.error (turbopack:///[project]/node_modules/postcss/lib/input.js:135:16)]
    [at Root.error (turbopack:///[project]/node_modules/postcss/lib/node.js:166:32)]
    [at Object.Once (C:\Users\janid\Downloads\mylms\lms\node_modules\@tailwindcss\postcss\dist\index.js:10:7013)]
    [at process.processTicksAndRejections (node:internal/process/task_queues:104:5)]
    [at async LazyResult.runAsync (turbopack:///[project]/node_modules/postcss/lib/lazy-result.js:299:11)]
    [at async transform (turbopack:///[turbopack-node]/transforms/postcss.ts?config=[project]/postcss.config.js:70:34)]
    [at async run (turbopack:///[turbopack-node]/child_process/evaluate.ts:89:23)]

Import trace:
  Client Component Browser:
    ./src/app/workspace.css [Client Component Browser]
    ./src/app/[locale]/layout.tsx [Server Component] @ http://localhost:3000/_next/static/chunks/node_modules_next_dist_1e8vcs8._.js:1052
[  183635ms] [ERROR] ./src/app/workspace.css
Error: Error evaluating Node.js code
CssSyntaxError: tailwindcss: C:\Users\janid\Downloads\mylms\lms\src\app\workspace.css:1:1: Cannot apply unknown utility class `text-body-strong`
    [at Input.error (turbopack:///[project]/node_modules/postcss/lib/input.js:135:16)]
    [at Root.error (turbopack:///[project]/node_modules/postcss/lib/node.js:166:32)]
    [at Object.Once (C:\Users\janid\Downloads\mylms\lms\node_modules\@tailwindcss\postcss\dist\index.js:10:7013)]
    [at process.processTicksAndRejections (node:internal/process/task_queues:104:5)]
    [at async LazyResult.runAsync (turbopack:///[project]/node_modules/postcss/lib/lazy-result.js:299:11)]
    [at async transform (turbopack:///[turbopack-node]/transforms/postcss.ts?config=[project]/postcss.config.js:70:34)]
    [at async run (turbopack:///[turbopack-node]/child_process/evaluate.ts:89:23)]

Import trace:
  Client Component Browser:
    ./src/app/workspace.css [Client Component Browser]
    ./src/app/[locale]/layout.tsx [Server Component] @ http://localhost:3000/_next/static/chunks/node_modules_next_dist_1e8vcs8._.js:1052
[  183699ms] [ERROR] ./src/app/workspace.css
Error: Error evaluating Node.js code
CssSyntaxError: tailwindcss: C:\Users\janid\Downloads\mylms\lms\src\app\workspace.css:1:1: Cannot apply unknown utility class `text-body-strong`
    [at Input.error (turbopack:///[project]/node_modules/postcss/lib/input.js:135:16)]
    [at Root.error (turbopack:///[project]/node_modules/postcss/lib/node.js:166:32)]
    [at Object.Once (C:\Users\janid\Downloads\mylms\lms\node_modules\@tailwindcss\postcss\dist\index.js:10:7013)]
    [at process.processTicksAndRejections (node:internal/process/task_queues:104:5)]
    [at async LazyResult.runAsync (turbopack:///[project]/node_modules/postcss/lib/lazy-result.js:299:11)]
    [at async transform (turbopack:///[turbopack-node]/transforms/postcss.ts?config=[project]/postcss.config.js:70:34)]
    [at async run (turbopack:///[turbopack-node]/child_process/evaluate.ts:89:23)]

Import trace:
  Client Component Browser:
    ./src/app/workspace.css [Client Component Browser]
    ./src/app/[locale]/layout.tsx [Server Component] @ http://localhost:3000/_next/static/chunks/node_modules_next_dist_1e8vcs8._.js:1052
[  183762ms] [ERROR] ./src/app/workspace.css
Error: Error evaluating Node.js code
CssSyntaxError: tailwindcss: C:\Users\janid\Downloads\mylms\lms\src\app\workspace.css:1:1: Cannot apply unknown utility class `text-body-strong`
    [at Input.error (turbopack:///[project]/node_modules/postcss/lib/input.js:135:16)]
    [at Root.error (turbopack:///[project]/node_modules/postcss/lib/node.js:166:32)]
    [at Object.Once (C:\Users\janid\Downloads\mylms\lms\node_modules\@tailwindcss\postcss\dist\index.js:10:7013)]
    [at process.processTicksAndRejections (node:internal/process/task_queues:104:5)]
    [at async LazyResult.runAsync (turbopack:///[project]/node_modules/postcss/lib/lazy-result.js:299:11)]
    [at async transform (turbopack:///[turbopack-node]/transforms/postcss.ts?config=[project]/postcss.config.js:70:34)]
    [at async run (turbopack:///[turbopack-node]/child_process/evaluate.ts:89:23)]

Import trace:
  Client Component Browser:
    ./src/app/workspace.css [Client Component Browser]
    ./src/app/[locale]/layout.tsx [Server Component] @ http://localhost:3000/_next/static/chunks/node_modules_next_dist_1e8vcs8._.js:1052
[  183825ms] [ERROR] ./src/app/workspace.css
Error: Error evaluating Node.js code
CssSyntaxError: tailwindcss: C:\Users\janid\Downloads\mylms\lms\src\app\workspace.css:1:1: Cannot apply unknown utility class `text-body-strong`
    [at Input.error (turbopack:///[project]/node_modules/postcss/lib/input.js:135:16)]
    [at Root.error (turbopack:///[project]/node_modules/postcss/lib/node.js:166:32)]
    [at Object.Once (C:\Users\janid\Downloads\mylms\lms\node_modules\@tailwindcss\postcss\dist\index.js:10:7013)]
    [at process.processTicksAndRejections (node:internal/process/task_queues:104:5)]
    [at async LazyResult.runAsync (turbopack:///[project]/node_modules/postcss/lib/lazy-result.js:299:11)]
    [at async transform (turbopack:///[turbopack-node]/transforms/postcss.ts?config=[project]/postcss.config.js:70:34)]
    [at async run (turbopack:///[turbopack-node]/child_process/evaluate.ts:89:23)]

Import trace:
  Client Component Browser:
    ./src/app/workspace.css [Client Component Browser]
    ./src/app/[locale]/layout.tsx [Server Component] @ http://localhost:3000/_next/static/chunks/node_modules_next_dist_1e8vcs8._.js:1052
[  183907ms] [ERROR] ./src/app/workspace.css
Error: Error evaluating Node.js code
CssSyntaxError: tailwindcss: C:\Users\janid\Downloads\mylms\lms\src\app\workspace.css:1:1: Cannot apply unknown utility class `text-body-strong`
    [at Input.error (turbopack:///[project]/node_modules/postcss/lib/input.js:135:16)]
    [at Root.error (turbopack:///[project]/node_modules/postcss/lib/node.js:166:32)]
    [at Object.Once (C:\Users\janid\Downloads\mylms\lms\node_modules\@tailwindcss\postcss\dist\index.js:10:7013)]
    [at process.processTicksAndRejections (node:internal/process/task_queues:104:5)]
    [at async LazyResult.runAsync (turbopack:///[project]/node_modules/postcss/lib/lazy-result.js:299:11)]
    [at async transform (turbopack:///[turbopack-node]/transforms/postcss.ts?config=[project]/postcss.config.js:70:34)]
    [at async run (turbopack:///[turbopack-node]/child_process/evaluate.ts:89:23)]

Import trace:
  Client Component Browser:
    ./src/app/workspace.css [Client Component Browser]
    ./src/app/[locale]/layout.tsx [Server Component] @ http://localhost:3000/_next/static/chunks/node_modules_next_dist_1e8vcs8._.js:1052
[  183966ms] [ERROR] ./src/app/workspace.css
Error: Error evaluating Node.js code
CssSyntaxError: tailwindcss: C:\Users\janid\Downloads\mylms\lms\src\app\workspace.css:1:1: Cannot apply unknown utility class `text-body-strong`
    [at Input.error (turbopack:///[project]/node_modules/postcss/lib/input.js:135:16)]
    [at Root.error (turbopack:///[project]/node_modules/postcss/lib/node.js:166:32)]
    [at Object.Once (C:\Users\janid\Downloads\mylms\lms\node_modules\@tailwindcss\postcss\dist\index.js:10:7013)]
    [at process.processTicksAndRejections (node:internal/process/task_queues:104:5)]
    [at async LazyResult.runAsync (turbopack:///[project]/node_modules/postcss/lib/lazy-result.js:299:11)]
    [at async transform (turbopack:///[turbopack-node]/transforms/postcss.ts?config=[project]/postcss.config.js:70:34)]
    [at async run (turbopack:///[turbopack-node]/child_process/evaluate.ts:89:23)]

Import trace:
  Client Component Browser:
    ./src/app/workspace.css [Client Component Browser]
    ./src/app/[locale]/layout.tsx [Server Component] @ http://localhost:3000/_next/static/chunks/node_modules_next_dist_1e8vcs8._.js:1052
[  184031ms] [ERROR] ./src/app/workspace.css
Error: Error evaluating Node.js code
CssSyntaxError: tailwindcss: C:\Users\janid\Downloads\mylms\lms\src\app\workspace.css:1:1: Cannot apply unknown utility class `text-body-strong`
    [at Input.error (turbopack:///[project]/node_modules/postcss/lib/input.js:135:16)]
    [at Root.error (turbopack:///[project]/node_modules/postcss/lib/node.js:166:32)]
    [at Object.Once (C:\Users\janid\Downloads\mylms\lms\node_modules\@tailwindcss\postcss\dist\index.js:10:7013)]
    [at process.processTicksAndRejections (node:internal/process/task_queues:104:5)]
    [at async LazyResult.runAsync (turbopack:///[project]/node_modules/postcss/lib/lazy-result.js:299:11)]
    [at async transform (turbopack:///[turbopack-node]/transforms/postcss.ts?config=[project]/postcss.config.js:70:34)]
    [at async run (turbopack:///[turbopack-node]/child_process/evaluate.ts:89:23)]

Import trace:
  Client Component Browser:
    ./src/app/workspace.css [Client Component Browser]
    ./src/app/[locale]/layout.tsx [Server Component] @ http://localhost:3000/_next/static/chunks/node_modules_next_dist_1e8vcs8._.js:1052
[  184091ms] [ERROR] ./src/app/workspace.css
Error: Error evaluating Node.js code
CssSyntaxError: tailwindcss: C:\Users\janid\Downloads\mylms\lms\src\app\workspace.css:1:1: Cannot apply unknown utility class `text-body-strong`
    [at Input.error (turbopack:///[project]/node_modules/postcss/lib/input.js:135:16)]
    [at Root.error (turbopack:///[project]/node_modules/postcss/lib/node.js:166:32)]
    [at Object.Once (C:\Users\janid\Downloads\mylms\lms\node_modules\@tailwindcss\postcss\dist\index.js:10:7013)]
    [at process.processTicksAndRejections (node:internal/process/task_queues:104:5)]
    [at async LazyResult.runAsync (turbopack:///[project]/node_modules/postcss/lib/lazy-result.js:299:11)]
    [at async transform (turbopack:///[turbopack-node]/transforms/postcss.ts?config=[project]/postcss.config.js:70:34)]
    [at async run (turbopack:///[turbopack-node]/child_process/evaluate.ts:89:23)]

Import trace:
  Client Component Browser:
    ./src/app/workspace.css [Client Component Browser]
    ./src/app/[locale]/layout.tsx [Server Component] @ http://localhost:3000/_next/static/chunks/node_modules_next_dist_1e8vcs8._.js:1052
[  184155ms] [ERROR] ./src/app/workspace.css
Error: Error evaluating Node.js code
CssSyntaxError: tailwindcss: C:\Users\janid\Downloads\mylms\lms\src\app\workspace.css:1:1: Cannot apply unknown utility class `text-body-strong`
    [at Input.error (turbopack:///[project]/node_modules/postcss/lib/input.js:135:16)]
    [at Root.error (turbopack:///[project]/node_modules/postcss/lib/node.js:166:32)]
    [at Object.Once (C:\Users\janid\Downloads\mylms\lms\node_modules\@tailwindcss\postcss\dist\index.js:10:7013)]
    [at process.processTicksAndRejections (node:internal/process/task_queues:104:5)]
    [at async LazyResult.runAsync (turbopack:///[project]/node_modules/postcss/lib/lazy-result.js:299:11)]
    [at async transform (turbopack:///[turbopack-node]/transforms/postcss.ts?config=[project]/postcss.config.js:70:34)]
    [at async run (turbopack:///[turbopack-node]/child_process/evaluate.ts:89:23)]

Import trace:
  Client Component Browser:
    ./src/app/workspace.css [Client Component Browser]
    ./src/app/[locale]/layout.tsx [Server Component] @ http://localhost:3000/_next/static/chunks/node_modules_next_dist_1e8vcs8._.js:1052
[  184225ms] [ERROR] ./src/app/workspace.css
Error: Error evaluating Node.js code
CssSyntaxError: tailwindcss: C:\Users\janid\Downloads\mylms\lms\src\app\workspace.css:1:1: Cannot apply unknown utility class `text-body-strong`
    [at Input.error (turbopack:///[project]/node_modules/postcss/lib/input.js:135:16)]
    [at Root.error (turbopack:///[project]/node_modules/postcss/lib/node.js:166:32)]
    [at Object.Once (C:\Users\janid\Downloads\mylms\lms\node_modules\@tailwindcss\postcss\dist\index.js:10:7013)]
    [at process.processTicksAndRejections (node:internal/process/task_queues:104:5)]
    [at async LazyResult.runAsync (turbopack:///[project]/node_modules/postcss/lib/lazy-result.js:299:11)]
    [at async transform (turbopack:///[turbopack-node]/transforms/postcss.ts?config=[project]/postcss.config.js:70:34)]
    [at async run (turbopack:///[turbopack-node]/child_process/evaluate.ts:89:23)]

Import trace:
  Client Component Browser:
    ./src/app/workspace.css [Client Component Browser]
    ./src/app/[locale]/layout.tsx [Server Component] @ http://localhost:3000/_next/static/chunks/node_modules_next_dist_1e8vcs8._.js:1052
[  184304ms] [ERROR] ./src/app/workspace.css
Error: Error evaluating Node.js code
CssSyntaxError: tailwindcss: C:\Users\janid\Downloads\mylms\lms\src\app\workspace.css:1:1: Cannot apply unknown utility class `text-body-strong`
    [at Input.error (turbopack:///[project]/node_modules/postcss/lib/input.js:135:16)]
    [at Root.error (turbopack:///[project]/node_modules/postcss/lib/node.js:166:32)]
    [at Object.Once (C:\Users\janid\Downloads\mylms\lms\node_modules\@tailwindcss\postcss\dist\index.js:10:7013)]
    [at process.processTicksAndRejections (node:internal/process/task_queues:104:5)]
    [at async LazyResult.runAsync (turbopack:///[project]/node_modules/postcss/lib/lazy-result.js:299:11)]
    [at async transform (turbopack:///[turbopack-node]/transforms/postcss.ts?config=[project]/postcss.config.js:70:34)]
    [at async run (turbopack:///[turbopack-node]/child_process/evaluate.ts:89:23)]

Import trace:
  Client Component Browser:
    ./src/app/workspace.css [Client Component Browser]
    ./src/app/[locale]/layout.tsx [Server Component] @ http://localhost:3000/_next/static/chunks/node_modules_next_dist_1e8vcs8._.js:1052
[  184357ms] [ERROR] ./src/app/workspace.css
Error: Error evaluating Node.js code
CssSyntaxError: tailwindcss: C:\Users\janid\Downloads\mylms\lms\src\app\workspace.css:1:1: Cannot apply unknown utility class `text-body-strong`
    [at Input.error (turbopack:///[project]/node_modules/postcss/lib/input.js:135:16)]
    [at Root.error (turbopack:///[project]/node_modules/postcss/lib/node.js:166:32)]
    [at Object.Once (C:\Users\janid\Downloads\mylms\lms\node_modules\@tailwindcss\postcss\dist\index.js:10:7013)]
    [at process.processTicksAndRejections (node:internal/process/task_queues:104:5)]
    [at async LazyResult.runAsync (turbopack:///[project]/node_modules/postcss/lib/lazy-result.js:299:11)]
    [at async transform (turbopack:///[turbopack-node]/transforms/postcss.ts?config=[project]/postcss.config.js:70:34)]
    [at async run (turbopack:///[turbopack-node]/child_process/evaluate.ts:89:23)]

Import trace:
  Client Component Browser:
    ./src/app/workspace.css [Client Component Browser]
    ./src/app/[locale]/layout.tsx [Server Component] @ http://localhost:3000/_next/static/chunks/node_modules_next_dist_1e8vcs8._.js:1052
[  184419ms] [ERROR] ./src/app/workspace.css
Error: Error evaluating Node.js code
CssSyntaxError: tailwindcss: C:\Users\janid\Downloads\mylms\lms\src\app\workspace.css:1:1: Cannot apply unknown utility class `text-body-strong`
    [at Input.error (turbopack:///[project]/node_modules/postcss/lib/input.js:135:16)]
    [at Root.error (turbopack:///[project]/node_modules/postcss/lib/node.js:166:32)]
    [at Object.Once (C:\Users\janid\Downloads\mylms\lms\node_modules\@tailwindcss\postcss\dist\index.js:10:7013)]
    [at process.processTicksAndRejections (node:internal/process/task_queues:104:5)]
    [at async LazyResult.runAsync (turbopack:///[project]/node_modules/postcss/lib/lazy-result.js:299:11)]
    [at async transform (turbopack:///[turbopack-node]/transforms/postcss.ts?config=[project]/postcss.config.js:70:34)]
    [at async run (turbopack:///[turbopack-node]/child_process/evaluate.ts:89:23)]

Import trace:
  Client Component Browser:
    ./src/app/workspace.css [Client Component Browser]
    ./src/app/[locale]/layout.tsx [Server Component] @ http://localhost:3000/_next/static/chunks/node_modules_next_dist_1e8vcs8._.js:1052
[  184480ms] [ERROR] ./src/app/workspace.css
Error: Error evaluating Node.js code
CssSyntaxError: tailwindcss: C:\Users\janid\Downloads\mylms\lms\src\app\workspace.css:1:1: Cannot apply unknown utility class `text-body-strong`
    [at Input.error (turbopack:///[project]/node_modules/postcss/lib/input.js:135:16)]
    [at Root.error (turbopack:///[project]/node_modules/postcss/lib/node.js:166:32)]
    [at Object.Once (C:\Users\janid\Downloads\mylms\lms\node_modules\@tailwindcss\postcss\dist\index.js:10:7013)]
    [at process.processTicksAndRejections (node:internal/process/task_queues:104:5)]
    [at async LazyResult.runAsync (turbopack:///[project]/node_modules/postcss/lib/lazy-result.js:299:11)]
    [at async transform (turbopack:///[turbopack-node]/transforms/postcss.ts?config=[project]/postcss.config.js:70:34)]
    [at async run (turbopack:///[turbopack-node]/child_process/evaluate.ts:89:23)]

Import trace:
  Client Component Browser:
    ./src/app/workspace.css [Client Component Browser]
    ./src/app/[locale]/layout.tsx [Server Component] @ http://localhost:3000/_next/static/chunks/node_modules_next_dist_1e8vcs8._.js:1052
[  184544ms] [ERROR] ./src/app/workspace.css
Error: Error evaluating Node.js code
CssSyntaxError: tailwindcss: C:\Users\janid\Downloads\mylms\lms\src\app\workspace.css:1:1: Cannot apply unknown utility class `text-body-strong`
    [at Input.error (turbopack:///[project]/node_modules/postcss/lib/input.js:135:16)]
    [at Root.error (turbopack:///[project]/node_modules/postcss/lib/node.js:166:32)]
    [at Object.Once (C:\Users\janid\Downloads\mylms\lms\node_modules\@tailwindcss\postcss\dist\index.js:10:7013)]
    [at process.processTicksAndRejections (node:internal/process/task_queues:104:5)]
    [at async LazyResult.runAsync (turbopack:///[project]/node_modules/postcss/lib/lazy-result.js:299:11)]
    [at async transform (turbopack:///[turbopack-node]/transforms/postcss.ts?config=[project]/postcss.config.js:70:34)]
    [at async run (turbopack:///[turbopack-node]/child_process/evaluate.ts:89:23)]

Import trace:
  Client Component Browser:
    ./src/app/workspace.css [Client Component Browser]
    ./src/app/[locale]/layout.tsx [Server Component] @ http://localhost:3000/_next/static/chunks/node_modules_next_dist_1e8vcs8._.js:1052
[  184606ms] [ERROR] ./src/app/workspace.css
Error: Error evaluating Node.js code
CssSyntaxError: tailwindcss: C:\Users\janid\Downloads\mylms\lms\src\app\workspace.css:1:1: Cannot apply unknown utility class `text-body-strong`
    [at Input.error (turbopack:///[project]/node_modules/postcss/lib/input.js:135:16)]
    [at Root.error (turbopack:///[project]/node_modules/postcss/lib/node.js:166:32)]
    [at Object.Once (C:\Users\janid\Downloads\mylms\lms\node_modules\@tailwindcss\postcss\dist\index.js:10:7013)]
    [at process.processTicksAndRejections (node:internal/process/task_queues:104:5)]
    [at async LazyResult.runAsync (turbopack:///[project]/node_modules/postcss/lib/lazy-result.js:299:11)]
    [at async transform (turbopack:///[turbopack-node]/transforms/postcss.ts?config=[project]/postcss.config.js:70:34)]
    [at async run (turbopack:///[turbopack-node]/child_process/evaluate.ts:89:23)]

Import trace:
  Client Component Browser:
    ./src/app/workspace.css [Client Component Browser]
    ./src/app/[locale]/layout.tsx [Server Component] @ http://localhost:3000/_next/static/chunks/node_modules_next_dist_1e8vcs8._.js:1052
[  184669ms] [ERROR] ./src/app/workspace.css
Error: Error evaluating Node.js code
CssSyntaxError: tailwindcss: C:\Users\janid\Downloads\mylms\lms\src\app\workspace.css:1:1: Cannot apply unknown utility class `text-body-strong`
    [at Input.error (turbopack:///[project]/node_modules/postcss/lib/input.js:135:16)]
    [at Root.error (turbopack:///[project]/node_modules/postcss/lib/node.js:166:32)]
    [at Object.Once (C:\Users\janid\Downloads\mylms\lms\node_modules\@tailwindcss\postcss\dist\index.js:10:7013)]
    [at process.processTicksAndRejections (node:internal/process/task_queues:104:5)]
    [at async LazyResult.runAsync (turbopack:///[project]/node_modules/postcss/lib/lazy-result.js:299:11)]
    [at async transform (turbopack:///[turbopack-node]/transforms/postcss.ts?config=[project]/postcss.config.js:70:34)]
    [at async run (turbopack:///[turbopack-node]/child_process/evaluate.ts:89:23)]

Import trace:
  Client Component Browser:
    ./src/app/workspace.css [Client Component Browser]
    ./src/app/[locale]/layout.tsx [Server Component] @ http://localhost:3000/_next/static/chunks/node_modules_next_dist_1e8vcs8._.js:1052
[  184732ms] [ERROR] ./src/app/workspace.css
Error: Error evaluating Node.js code
CssSyntaxError: tailwindcss: C:\Users\janid\Downloads\mylms\lms\src\app\workspace.css:1:1: Cannot apply unknown utility class `text-body-strong`
    [at Input.error (turbopack:///[project]/node_modules/postcss/lib/input.js:135:16)]
    [at Root.error (turbopack:///[project]/node_modules/postcss/lib/node.js:166:32)]
    [at Object.Once (C:\Users\janid\Downloads\mylms\lms\node_modules\@tailwindcss\postcss\dist\index.js:10:7013)]
    [at process.processTicksAndRejections (node:internal/process/task_queues:104:5)]
    [at async LazyResult.runAsync (turbopack:///[project]/node_modules/postcss/lib/lazy-result.js:299:11)]
    [at async transform (turbopack:///[turbopack-node]/transforms/postcss.ts?config=[project]/postcss.config.js:70:34)]
    [at async run (turbopack:///[turbopack-node]/child_process/evaluate.ts:89:23)]

Import trace:
  Client Component Browser:
    ./src/app/workspace.css [Client Component Browser]
    ./src/app/[locale]/layout.tsx [Server Component] @ http://localhost:3000/_next/static/chunks/node_modules_next_dist_1e8vcs8._.js:1052
[  184797ms] [ERROR] ./src/app/workspace.css
Error: Error evaluating Node.js code
CssSyntaxError: tailwindcss: C:\Users\janid\Downloads\mylms\lms\src\app\workspace.css:1:1: Cannot apply unknown utility class `text-body-strong`
    [at Input.error (turbopack:///[project]/node_modules/postcss/lib/input.js:135:16)]
    [at Root.error (turbopack:///[project]/node_modules/postcss/lib/node.js:166:32)]
    [at Object.Once (C:\Users\janid\Downloads\mylms\lms\node_modules\@tailwindcss\postcss\dist\index.js:10:7013)]
    [at process.processTicksAndRejections (node:internal/process/task_queues:104:5)]
    [at async LazyResult.runAsync (turbopack:///[project]/node_modules/postcss/lib/lazy-result.js:299:11)]
    [at async transform (turbopack:///[turbopack-node]/transforms/postcss.ts?config=[project]/postcss.config.js:70:34)]
    [at async run (turbopack:///[turbopack-node]/child_process/evaluate.ts:89:23)]

Import trace:
  Client Component Browser:
    ./src/app/workspace.css [Client Component Browser]
    ./src/app/[locale]/layout.tsx [Server Component] @ http://localhost:3000/_next/static/chunks/node_modules_next_dist_1e8vcs8._.js:1052
[  184858ms] [ERROR] ./src/app/workspace.css
Error: Error evaluating Node.js code
CssSyntaxError: tailwindcss: C:\Users\janid\Downloads\mylms\lms\src\app\workspace.css:1:1: Cannot apply unknown utility class `text-body-strong`
    [at Input.error (turbopack:///[project]/node_modules/postcss/lib/input.js:135:16)]
    [at Root.error (turbopack:///[project]/node_modules/postcss/lib/node.js:166:32)]
    [at Object.Once (C:\Users\janid\Downloads\mylms\lms\node_modules\@tailwindcss\postcss\dist\index.js:10:7013)]
    [at process.processTicksAndRejections (node:internal/process/task_queues:104:5)]
    [at async LazyResult.runAsync (turbopack:///[project]/node_modules/postcss/lib/lazy-result.js:299:11)]
    [at async transform (turbopack:///[turbopack-node]/transforms/postcss.ts?config=[project]/postcss.config.js:70:34)]
    [at async run (turbopack:///[turbopack-node]/child_process/evaluate.ts:89:23)]

Import trace:
  Client Component Browser:
    ./src/app/workspace.css [Client Component Browser]
    ./src/app/[locale]/layout.tsx [Server Component] @ http://localhost:3000/_next/static/chunks/node_modules_next_dist_1e8vcs8._.js:1052
[  184924ms] [ERROR] ./src/app/workspace.css
Error: Error evaluating Node.js code
CssSyntaxError: tailwindcss: C:\Users\janid\Downloads\mylms\lms\src\app\workspace.css:1:1: Cannot apply unknown utility class `text-body-strong`
    [at Input.error (turbopack:///[project]/node_modules/postcss/lib/input.js:135:16)]
    [at Root.error (turbopack:///[project]/node_modules/postcss/lib/node.js:166:32)]
    [at Object.Once (C:\Users\janid\Downloads\mylms\lms\node_modules\@tailwindcss\postcss\dist\index.js:10:7013)]
    [at process.processTicksAndRejections (node:internal/process/task_queues:104:5)]
    [at async LazyResult.runAsync (turbopack:///[project]/node_modules/postcss/lib/lazy-result.js:299:11)]
    [at async transform (turbopack:///[turbopack-node]/transforms/postcss.ts?config=[project]/postcss.config.js:70:34)]
    [at async run (turbopack:///[turbopack-node]/child_process/evaluate.ts:89:23)]

Import trace:
  Client Component Browser:
    ./src/app/workspace.css [Client Component Browser]
    ./src/app/[locale]/layout.tsx [Server Component] @ http://localhost:3000/_next/static/chunks/node_modules_next_dist_1e8vcs8._.js:1052
[  184990ms] [ERROR] ./src/app/workspace.css
Error: Error evaluating Node.js code
CssSyntaxError: tailwindcss: C:\Users\janid\Downloads\mylms\lms\src\app\workspace.css:1:1: Cannot apply unknown utility class `text-body-strong`
    [at Input.error (turbopack:///[project]/node_modules/postcss/lib/input.js:135:16)]
    [at Root.error (turbopack:///[project]/node_modules/postcss/lib/node.js:166:32)]
    [at Object.Once (C:\Users\janid\Downloads\mylms\lms\node_modules\@tailwindcss\postcss\dist\index.js:10:7013)]
    [at process.processTicksAndRejections (node:internal/process/task_queues:104:5)]
    [at async LazyResult.runAsync (turbopack:///[project]/node_modules/postcss/lib/lazy-result.js:299:11)]
    [at async transform (turbopack:///[turbopack-node]/transforms/postcss.ts?config=[project]/postcss.config.js:70:34)]
    [at async run (turbopack:///[turbopack-node]/child_process/evaluate.ts:89:23)]

Import trace:
  Client Component Browser:
    ./src/app/workspace.css [Client Component Browser]
    ./src/app/[locale]/layout.tsx [Server Component] @ http://localhost:3000/_next/static/chunks/node_modules_next_dist_1e8vcs8._.js:1052
[  185047ms] [ERROR] ./src/app/workspace.css
Error: Error evaluating Node.js code
CssSyntaxError: tailwindcss: C:\Users\janid\Downloads\mylms\lms\src\app\workspace.css:1:1: Cannot apply unknown utility class `text-body-strong`
    [at Input.error (turbopack:///[project]/node_modules/postcss/lib/input.js:135:16)]
    [at Root.error (turbopack:///[project]/node_modules/postcss/lib/node.js:166:32)]
    [at Object.Once (C:\Users\janid\Downloads\mylms\lms\node_modules\@tailwindcss\postcss\dist\index.js:10:7013)]
    [at process.processTicksAndRejections (node:internal/process/task_queues:104:5)]
    [at async LazyResult.runAsync (turbopack:///[project]/node_modules/postcss/lib/lazy-result.js:299:11)]
    [at async transform (turbopack:///[turbopack-node]/transforms/postcss.ts?config=[project]/postcss.config.js:70:34)]
    [at async run (turbopack:///[turbopack-node]/child_process/evaluate.ts:89:23)]

Import trace:
  Client Component Browser:
    ./src/app/workspace.css [Client Component Browser]
    ./src/app/[locale]/layout.tsx [Server Component] @ http://localhost:3000/_next/static/chunks/node_modules_next_dist_1e8vcs8._.js:1052
[  185110ms] [ERROR] ./src/app/workspace.css
Error: Error evaluating Node.js code
CssSyntaxError: tailwindcss: C:\Users\janid\Downloads\mylms\lms\src\app\workspace.css:1:1: Cannot apply unknown utility class `text-body-strong`
    [at Input.error (turbopack:///[project]/node_modules/postcss/lib/input.js:135:16)]
    [at Root.error (turbopack:///[project]/node_modules/postcss/lib/node.js:166:32)]
    [at Object.Once (C:\Users\janid\Downloads\mylms\lms\node_modules\@tailwindcss\postcss\dist\index.js:10:7013)]
    [at process.processTicksAndRejections (node:internal/process/task_queues:104:5)]
    [at async LazyResult.runAsync (turbopack:///[project]/node_modules/postcss/lib/lazy-result.js:299:11)]
    [at async transform (turbopack:///[turbopack-node]/transforms/postcss.ts?config=[project]/postcss.config.js:70:34)]
    [at async run (turbopack:///[turbopack-node]/child_process/evaluate.ts:89:23)]

Import trace:
  Client Component Browser:
    ./src/app/workspace.css [Client Component Browser]
    ./src/app/[locale]/layout.tsx [Server Component] @ http://localhost:3000/_next/static/chunks/node_modules_next_dist_1e8vcs8._.js:1052
[  185174ms] [ERROR] ./src/app/workspace.css
Error: Error evaluating Node.js code
CssSyntaxError: tailwindcss: C:\Users\janid\Downloads\mylms\lms\src\app\workspace.css:1:1: Cannot apply unknown utility class `text-body-strong`
    [at Input.error (turbopack:///[project]/node_modules/postcss/lib/input.js:135:16)]
    [at Root.error (turbopack:///[project]/node_modules/postcss/lib/node.js:166:32)]
    [at Object.Once (C:\Users\janid\Downloads\mylms\lms\node_modules\@tailwindcss\postcss\dist\index.js:10:7013)]
    [at process.processTicksAndRejections (node:internal/process/task_queues:104:5)]
    [at async LazyResult.runAsync (turbopack:///[project]/node_modules/postcss/lib/lazy-result.js:299:11)]
    [at async transform (turbopack:///[turbopack-node]/transforms/postcss.ts?config=[project]/postcss.config.js:70:34)]
    [at async run (turbopack:///[turbopack-node]/child_process/evaluate.ts:89:23)]

Import trace:
  Client Component Browser:
    ./src/app/workspace.css [Client Component Browser]
    ./src/app/[locale]/layout.tsx [Server Component] @ http://localhost:3000/_next/static/chunks/node_modules_next_dist_1e8vcs8._.js:1052
[  185235ms] [ERROR] ./src/app/workspace.css
Error: Error evaluating Node.js code
CssSyntaxError: tailwindcss: C:\Users\janid\Downloads\mylms\lms\src\app\workspace.css:1:1: Cannot apply unknown utility class `text-body-strong`
    [at Input.error (turbopack:///[project]/node_modules/postcss/lib/input.js:135:16)]
    [at Root.error (turbopack:///[project]/node_modules/postcss/lib/node.js:166:32)]
    [at Object.Once (C:\Users\janid\Downloads\mylms\lms\node_modules\@tailwindcss\postcss\dist\index.js:10:7013)]
    [at process.processTicksAndRejections (node:internal/process/task_queues:104:5)]
    [at async LazyResult.runAsync (turbopack:///[project]/node_modules/postcss/lib/lazy-result.js:299:11)]
    [at async transform (turbopack:///[turbopack-node]/transforms/postcss.ts?config=[project]/postcss.config.js:70:34)]
    [at async run (turbopack:///[turbopack-node]/child_process/evaluate.ts:89:23)]

Import trace:
  Client Component Browser:
    ./src/app/workspace.css [Client Component Browser]
    ./src/app/[locale]/layout.tsx [Server Component] @ http://localhost:3000/_next/static/chunks/node_modules_next_dist_1e8vcs8._.js:1052
[  185302ms] [ERROR] ./src/app/workspace.css
Error: Error evaluating Node.js code
CssSyntaxError: tailwindcss: C:\Users\janid\Downloads\mylms\lms\src\app\workspace.css:1:1: Cannot apply unknown utility class `text-body-strong`
    [at Input.error (turbopack:///[project]/node_modules/postcss/lib/input.js:135:16)]
    [at Root.error (turbopack:///[project]/node_modules/postcss/lib/node.js:166:32)]
    [at Object.Once (C:\Users\janid\Downloads\mylms\lms\node_modules\@tailwindcss\postcss\dist\index.js:10:7013)]
    [at process.processTicksAndRejections (node:internal/process/task_queues:104:5)]
    [at async LazyResult.runAsync (turbopack:///[project]/node_modules/postcss/lib/lazy-result.js:299:11)]
    [at async transform (turbopack:///[turbopack-node]/transforms/postcss.ts?config=[project]/postcss.config.js:70:34)]
    [at async run (turbopack:///[turbopack-node]/child_process/evaluate.ts:89:23)]

Import trace:
  Client Component Browser:
    ./src/app/workspace.css [Client Component Browser]
    ./src/app/[locale]/layout.tsx [Server Component] @ http://localhost:3000/_next/static/chunks/node_modules_next_dist_1e8vcs8._.js:1052
[  185368ms] [ERROR] ./src/app/workspace.css
Error: Error evaluating Node.js code
CssSyntaxError: tailwindcss: C:\Users\janid\Downloads\mylms\lms\src\app\workspace.css:1:1: Cannot apply unknown utility class `text-body-strong`
    [at Input.error (turbopack:///[project]/node_modules/postcss/lib/input.js:135:16)]
    [at Root.error (turbopack:///[project]/node_modules/postcss/lib/node.js:166:32)]
    [at Object.Once (C:\Users\janid\Downloads\mylms\lms\node_modules\@tailwindcss\postcss\dist\index.js:10:7013)]
    [at process.processTicksAndRejections (node:internal/process/task_queues:104:5)]
    [at async LazyResult.runAsync (turbopack:///[project]/node_modules/postcss/lib/lazy-result.js:299:11)]
    [at async transform (turbopack:///[turbopack-node]/transforms/postcss.ts?config=[project]/postcss.config.js:70:34)]
    [at async run (turbopack:///[turbopack-node]/child_process/evaluate.ts:89:23)]

Import trace:
  Client Component Browser:
    ./src/app/workspace.css [Client Component Browser]
    ./src/app/[locale]/layout.tsx [Server Component] @ http://localhost:3000/_next/static/chunks/node_modules_next_dist_1e8vcs8._.js:1052
[  185427ms] [ERROR] ./src/app/workspace.css
Error: Error evaluating Node.js code
CssSyntaxError: tailwindcss: C:\Users\janid\Downloads\mylms\lms\src\app\workspace.css:1:1: Cannot apply unknown utility class `text-body-strong`
    [at Input.error (turbopack:///[project]/node_modules/postcss/lib/input.js:135:16)]
    [at Root.error (turbopack:///[project]/node_modules/postcss/lib/node.js:166:32)]
    [at Object.Once (C:\Users\janid\Downloads\mylms\lms\node_modules\@tailwindcss\postcss\dist\index.js:10:7013)]
    [at process.processTicksAndRejections (node:internal/process/task_queues:104:5)]
    [at async LazyResult.runAsync (turbopack:///[project]/node_modules/postcss/lib/lazy-result.js:299:11)]
    [at async transform (turbopack:///[turbopack-node]/transforms/postcss.ts?config=[project]/postcss.config.js:70:34)]
    [at async run (turbopack:///[turbopack-node]/child_process/evaluate.ts:89:23)]

Import trace:
  Client Component Browser:
    ./src/app/workspace.css [Client Component Browser]
    ./src/app/[locale]/layout.tsx [Server Component] @ http://localhost:3000/_next/static/chunks/node_modules_next_dist_1e8vcs8._.js:1052
[  185492ms] [ERROR] ./src/app/workspace.css
Error: Error evaluating Node.js code
CssSyntaxError: tailwindcss: C:\Users\janid\Downloads\mylms\lms\src\app\workspace.css:1:1: Cannot apply unknown utility class `text-body-strong`
    [at Input.error (turbopack:///[project]/node_modules/postcss/lib/input.js:135:16)]
    [at Root.error (turbopack:///[project]/node_modules/postcss/lib/node.js:166:32)]
    [at Object.Once (C:\Users\janid\Downloads\mylms\lms\node_modules\@tailwindcss\postcss\dist\index.js:10:7013)]
    [at process.processTicksAndRejections (node:internal/process/task_queues:104:5)]
    [at async LazyResult.runAsync (turbopack:///[project]/node_modules/postcss/lib/lazy-result.js:299:11)]
    [at async transform (turbopack:///[turbopack-node]/transforms/postcss.ts?config=[project]/postcss.config.js:70:34)]
    [at async run (turbopack:///[turbopack-node]/child_process/evaluate.ts:89:23)]

Import trace:
  Client Component Browser:
    ./src/app/workspace.css [Client Component Browser]
    ./src/app/[locale]/layout.tsx [Server Component] @ http://localhost:3000/_next/static/chunks/node_modules_next_dist_1e8vcs8._.js:1052
[  185552ms] [ERROR] ./src/app/workspace.css
Error: Error evaluating Node.js code
CssSyntaxError: tailwindcss: C:\Users\janid\Downloads\mylms\lms\src\app\workspace.css:1:1: Cannot apply unknown utility class `text-body-strong`
    [at Input.error (turbopack:///[project]/node_modules/postcss/lib/input.js:135:16)]
    [at Root.error (turbopack:///[project]/node_modules/postcss/lib/node.js:166:32)]
    [at Object.Once (C:\Users\janid\Downloads\mylms\lms\node_modules\@tailwindcss\postcss\dist\index.js:10:7013)]
    [at process.processTicksAndRejections (node:internal/process/task_queues:104:5)]
    [at async LazyResult.runAsync (turbopack:///[project]/node_modules/postcss/lib/lazy-result.js:299:11)]
    [at async transform (turbopack:///[turbopack-node]/transforms/postcss.ts?config=[project]/postcss.config.js:70:34)]
    [at async run (turbopack:///[turbopack-node]/child_process/evaluate.ts:89:23)]

Import trace:
  Client Component Browser:
    ./src/app/workspace.css [Client Component Browser]
    ./src/app/[locale]/layout.tsx [Server Component] @ http://localhost:3000/_next/static/chunks/node_modules_next_dist_1e8vcs8._.js:1052
[  185616ms] [ERROR] ./src/app/workspace.css
Error: Error evaluating Node.js code
CssSyntaxError: tailwindcss: C:\Users\janid\Downloads\mylms\lms\src\app\workspace.css:1:1: Cannot apply unknown utility class `text-body-strong`
    [at Input.error (turbopack:///[project]/node_modules/postcss/lib/input.js:135:16)]
    [at Root.error (turbopack:///[project]/node_modules/postcss/lib/node.js:166:32)]
    [at Object.Once (C:\Users\janid\Downloads\mylms\lms\node_modules\@tailwindcss\postcss\dist\index.js:10:7013)]
    [at process.processTicksAndRejections (node:internal/process/task_queues:104:5)]
    [at async LazyResult.runAsync (turbopack:///[project]/node_modules/postcss/lib/lazy-result.js:299:11)]
    [at async transform (turbopack:///[turbopack-node]/transforms/postcss.ts?config=[project]/postcss.config.js:70:34)]
    [at async run (turbopack:///[turbopack-node]/child_process/evaluate.ts:89:23)]

Import trace:
  Client Component Browser:
    ./src/app/workspace.css [Client Component Browser]
    ./src/app/[locale]/layout.tsx [Server Component] @ http://localhost:3000/_next/static/chunks/node_modules_next_dist_1e8vcs8._.js:1052
[  185679ms] [ERROR] ./src/app/workspace.css
Error: Error evaluating Node.js code
CssSyntaxError: tailwindcss: C:\Users\janid\Downloads\mylms\lms\src\app\workspace.css:1:1: Cannot apply unknown utility class `text-body-strong`
    [at Input.error (turbopack:///[project]/node_modules/postcss/lib/input.js:135:16)]
    [at Root.error (turbopack:///[project]/node_modules/postcss/lib/node.js:166:32)]
    [at Object.Once (C:\Users\janid\Downloads\mylms\lms\node_modules\@tailwindcss\postcss\dist\index.js:10:7013)]
    [at process.processTicksAndRejections (node:internal/process/task_queues:104:5)]
    [at async LazyResult.runAsync (turbopack:///[project]/node_modules/postcss/lib/lazy-result.js:299:11)]
    [at async transform (turbopack:///[turbopack-node]/transforms/postcss.ts?config=[project]/postcss.config.js:70:34)]
    [at async run (turbopack:///[turbopack-node]/child_process/evaluate.ts:89:23)]

Import trace:
  Client Component Browser:
    ./src/app/workspace.css [Client Component Browser]
    ./src/app/[locale]/layout.tsx [Server Component] @ http://localhost:3000/_next/static/chunks/node_modules_next_dist_1e8vcs8._.js:1052
[  185742ms] [ERROR] ./src/app/workspace.css
Error: Error evaluating Node.js code
CssSyntaxError: tailwindcss: C:\Users\janid\Downloads\mylms\lms\src\app\workspace.css:1:1: Cannot apply unknown utility class `text-body-strong`
    [at Input.error (turbopack:///[project]/node_modules/postcss/lib/input.js:135:16)]
    [at Root.error (turbopack:///[project]/node_modules/postcss/lib/node.js:166:32)]
    [at Object.Once (C:\Users\janid\Downloads\mylms\lms\node_modules\@tailwindcss\postcss\dist\index.js:10:7013)]
    [at process.processTicksAndRejections (node:internal/process/task_queues:104:5)]
    [at async LazyResult.runAsync (turbopack:///[project]/node_modules/postcss/lib/lazy-result.js:299:11)]
    [at async transform (turbopack:///[turbopack-node]/transforms/postcss.ts?config=[project]/postcss.config.js:70:34)]
    [at async run (turbopack:///[turbopack-node]/child_process/evaluate.ts:89:23)]

Import trace:
  Client Component Browser:
    ./src/app/workspace.css [Client Component Browser]
    ./src/app/[locale]/layout.tsx [Server Component] @ http://localhost:3000/_next/static/chunks/node_modules_next_dist_1e8vcs8._.js:1052
[  185806ms] [ERROR] ./src/app/workspace.css
Error: Error evaluating Node.js code
CssSyntaxError: tailwindcss: C:\Users\janid\Downloads\mylms\lms\src\app\workspace.css:1:1: Cannot apply unknown utility class `text-body-strong`
    [at Input.error (turbopack:///[project]/node_modules/postcss/lib/input.js:135:16)]
    [at Root.error (turbopack:///[project]/node_modules/postcss/lib/node.js:166:32)]
    [at Object.Once (C:\Users\janid\Downloads\mylms\lms\node_modules\@tailwindcss\postcss\dist\index.js:10:7013)]
    [at process.processTicksAndRejections (node:internal/process/task_queues:104:5)]
    [at async LazyResult.runAsync (turbopack:///[project]/node_modules/postcss/lib/lazy-result.js:299:11)]
    [at async transform (turbopack:///[turbopack-node]/transforms/postcss.ts?config=[project]/postcss.config.js:70:34)]
    [at async run (turbopack:///[turbopack-node]/child_process/evaluate.ts:89:23)]

Import trace:
  Client Component Browser:
    ./src/app/workspace.css [Client Component Browser]
    ./src/app/[locale]/layout.tsx [Server Component] @ http://localhost:3000/_next/static/chunks/node_modules_next_dist_1e8vcs8._.js:1052
[  185868ms] [ERROR] ./src/app/workspace.css
Error: Error evaluating Node.js code
CssSyntaxError: tailwindcss: C:\Users\janid\Downloads\mylms\lms\src\app\workspace.css:1:1: Cannot apply unknown utility class `text-body-strong`
    [at Input.error (turbopack:///[project]/node_modules/postcss/lib/input.js:135:16)]
    [at Root.error (turbopack:///[project]/node_modules/postcss/lib/node.js:166:32)]
    [at Object.Once (C:\Users\janid\Downloads\mylms\lms\node_modules\@tailwindcss\postcss\dist\index.js:10:7013)]
    [at process.processTicksAndRejections (node:internal/process/task_queues:104:5)]
    [at async LazyResult.runAsync (turbopack:///[project]/node_modules/postcss/lib/lazy-result.js:299:11)]
    [at async transform (turbopack:///[turbopack-node]/transforms/postcss.ts?config=[project]/postcss.config.js:70:34)]
    [at async run (turbopack:///[turbopack-node]/child_process/evaluate.ts:89:23)]

Import trace:
  Client Component Browser:
    ./src/app/workspace.css [Client Component Browser]
    ./src/app/[locale]/layout.tsx [Server Component] @ http://localhost:3000/_next/static/chunks/node_modules_next_dist_1e8vcs8._.js:1052
[  185929ms] [ERROR] ./src/app/workspace.css
Error: Error evaluating Node.js code
CssSyntaxError: tailwindcss: C:\Users\janid\Downloads\mylms\lms\src\app\workspace.css:1:1: Cannot apply unknown utility class `text-body-strong`
    [at Input.error (turbopack:///[project]/node_modules/postcss/lib/input.js:135:16)]
    [at Root.error (turbopack:///[project]/node_modules/postcss/lib/node.js:166:32)]
    [at Object.Once (C:\Users\janid\Downloads\mylms\lms\node_modules\@tailwindcss\postcss\dist\index.js:10:7013)]
    [at process.processTicksAndRejections (node:internal/process/task_queues:104:5)]
    [at async LazyResult.runAsync (turbopack:///[project]/node_modules/postcss/lib/lazy-result.js:299:11)]
    [at async transform (turbopack:///[turbopack-node]/transforms/postcss.ts?config=[project]/postcss.config.js:70:34)]
    [at async run (turbopack:///[turbopack-node]/child_process/evaluate.ts:89:23)]

Import trace:
  Client Component Browser:
    ./src/app/workspace.css [Client Component Browser]
    ./src/app/[locale]/layout.tsx [Server Component] @ http://localhost:3000/_next/static/chunks/node_modules_next_dist_1e8vcs8._.js:1052
[  185991ms] [ERROR] ./src/app/workspace.css
Error: Error evaluating Node.js code
CssSyntaxError: tailwindcss: C:\Users\janid\Downloads\mylms\lms\src\app\workspace.css:1:1: Cannot apply unknown utility class `text-body-strong`
    [at Input.error (turbopack:///[project]/node_modules/postcss/lib/input.js:135:16)]
    [at Root.error (turbopack:///[project]/node_modules/postcss/lib/node.js:166:32)]
    [at Object.Once (C:\Users\janid\Downloads\mylms\lms\node_modules\@tailwindcss\postcss\dist\index.js:10:7013)]
    [at process.processTicksAndRejections (node:internal/process/task_queues:104:5)]
    [at async LazyResult.runAsync (turbopack:///[project]/node_modules/postcss/lib/lazy-result.js:299:11)]
    [at async transform (turbopack:///[turbopack-node]/transforms/postcss.ts?config=[project]/postcss.config.js:70:34)]
    [at async run (turbopack:///[turbopack-node]/child_process/evaluate.ts:89:23)]

Import trace:
  Client Component Browser:
    ./src/app/workspace.css [Client Component Browser]
    ./src/app/[locale]/layout.tsx [Server Component] @ http://localhost:3000/_next/static/chunks/node_modules_next_dist_1e8vcs8._.js:1052
[  186083ms] [ERROR] ./src/app/workspace.css
Error: Error evaluating Node.js code
CssSyntaxError: tailwindcss: C:\Users\janid\Downloads\mylms\lms\src\app\workspace.css:1:1: Cannot apply unknown utility class `text-body-strong`
    [at Input.error (turbopack:///[project]/node_modules/postcss/lib/input.js:135:16)]
    [at Root.error (turbopack:///[project]/node_modules/postcss/lib/node.js:166:32)]
    [at Object.Once (C:\Users\janid\Downloads\mylms\lms\node_modules\@tailwindcss\postcss\dist\index.js:10:7013)]
    [at process.processTicksAndRejections (node:internal/process/task_queues:104:5)]
    [at async LazyResult.runAsync (turbopack:///[project]/node_modules/postcss/lib/lazy-result.js:299:11)]
    [at async transform (turbopack:///[turbopack-node]/transforms/postcss.ts?config=[project]/postcss.config.js:70:34)]
    [at async run (turbopack:///[turbopack-node]/child_process/evaluate.ts:89:23)]

Import trace:
  Client Component Browser:
    ./src/app/workspace.css [Client Component Browser]
    ./src/app/[locale]/layout.tsx [Server Component] @ http://localhost:3000/_next/static/chunks/node_modules_next_dist_1e8vcs8._.js:1052
[  186143ms] [ERROR] ./src/app/workspace.css
Error: Error evaluating Node.js code
CssSyntaxError: tailwindcss: C:\Users\janid\Downloads\mylms\lms\src\app\workspace.css:1:1: Cannot apply unknown utility class `text-body-strong`
    [at Input.error (turbopack:///[project]/node_modules/postcss/lib/input.js:135:16)]
    [at Root.error (turbopack:///[project]/node_modules/postcss/lib/node.js:166:32)]
    [at Object.Once (C:\Users\janid\Downloads\mylms\lms\node_modules\@tailwindcss\postcss\dist\index.js:10:7013)]
    [at process.processTicksAndRejections (node:internal/process/task_queues:104:5)]
    [at async LazyResult.runAsync (turbopack:///[project]/node_modules/postcss/lib/lazy-result.js:299:11)]
    [at async transform (turbopack:///[turbopack-node]/transforms/postcss.ts?config=[project]/postcss.config.js:70:34)]
    [at async run (turbopack:///[turbopack-node]/child_process/evaluate.ts:89:23)]

Import trace:
  Client Component Browser:
    ./src/app/workspace.css [Client Component Browser]
    ./src/app/[locale]/layout.tsx [Server Component] @ http://localhost:3000/_next/static/chunks/node_modules_next_dist_1e8vcs8._.js:1052
[  186208ms] [ERROR] ./src/app/workspace.css
Error: Error evaluating Node.js code
CssSyntaxError: tailwindcss: C:\Users\janid\Downloads\mylms\lms\src\app\workspace.css:1:1: Cannot apply unknown utility class `text-body-strong`
    [at Input.error (turbopack:///[project]/node_modules/postcss/lib/input.js:135:16)]
    [at Root.error (turbopack:///[project]/node_modules/postcss/lib/node.js:166:32)]
    [at Object.Once (C:\Users\janid\Downloads\mylms\lms\node_modules\@tailwindcss\postcss\dist\index.js:10:7013)]
    [at process.processTicksAndRejections (node:internal/process/task_queues:104:5)]
    [at async LazyResult.runAsync (turbopack:///[project]/node_modules/postcss/lib/lazy-result.js:299:11)]
    [at async transform (turbopack:///[turbopack-node]/transforms/postcss.ts?config=[project]/postcss.config.js:70:34)]
    [at async run (turbopack:///[turbopack-node]/child_process/evaluate.ts:89:23)]

Import trace:
  Client Component Browser:
    ./src/app/workspace.css [Client Component Browser]
    ./src/app/[locale]/layout.tsx [Server Component] @ http://localhost:3000/_next/static/chunks/node_modules_next_dist_1e8vcs8._.js:1052
[  186269ms] [ERROR] ./src/app/workspace.css
Error: Error evaluating Node.js code
CssSyntaxError: tailwindcss: C:\Users\janid\Downloads\mylms\lms\src\app\workspace.css:1:1: Cannot apply unknown utility class `text-body-strong`
    [at Input.error (turbopack:///[project]/node_modules/postcss/lib/input.js:135:16)]
    [at Root.error (turbopack:///[project]/node_modules/postcss/lib/node.js:166:32)]
    [at Object.Once (C:\Users\janid\Downloads\mylms\lms\node_modules\@tailwindcss\postcss\dist\index.js:10:7013)]
    [at process.processTicksAndRejections (node:internal/process/task_queues:104:5)]
    [at async LazyResult.runAsync (turbopack:///[project]/node_modules/postcss/lib/lazy-result.js:299:11)]
    [at async transform (turbopack:///[turbopack-node]/transforms/postcss.ts?config=[project]/postcss.config.js:70:34)]
    [at async run (turbopack:///[turbopack-node]/child_process/evaluate.ts:89:23)]

Import trace:
  Client Component Browser:
    ./src/app/workspace.css [Client Component Browser]
    ./src/app/[locale]/layout.tsx [Server Component] @ http://localhost:3000/_next/static/chunks/node_modules_next_dist_1e8vcs8._.js:1052
[  186332ms] [ERROR] ./src/app/workspace.css
Error: Error evaluating Node.js code
CssSyntaxError: tailwindcss: C:\Users\janid\Downloads\mylms\lms\src\app\workspace.css:1:1: Cannot apply unknown utility class `text-body-strong`
    [at Input.error (turbopack:///[project]/node_modules/postcss/lib/input.js:135:16)]
    [at Root.error (turbopack:///[project]/node_modules/postcss/lib/node.js:166:32)]
    [at Object.Once (C:\Users\janid\Downloads\mylms\lms\node_modules\@tailwindcss\postcss\dist\index.js:10:7013)]
    [at process.processTicksAndRejections (node:internal/process/task_queues:104:5)]
    [at async LazyResult.runAsync (turbopack:///[project]/node_modules/postcss/lib/lazy-result.js:299:11)]
    [at async transform (turbopack:///[turbopack-node]/transforms/postcss.ts?config=[project]/postcss.config.js:70:34)]
    [at async run (turbopack:///[turbopack-node]/child_process/evaluate.ts:89:23)]

Import trace:
  Client Component Browser:
    ./src/app/workspace.css [Client Component Browser]
    ./src/app/[locale]/layout.tsx [Server Component] @ http://localhost:3000/_next/static/chunks/node_modules_next_dist_1e8vcs8._.js:1052
[  186394ms] [ERROR] ./src/app/workspace.css
Error: Error evaluating Node.js code
CssSyntaxError: tailwindcss: C:\Users\janid\Downloads\mylms\lms\src\app\workspace.css:1:1: Cannot apply unknown utility class `text-body-strong`
    [at Input.error (turbopack:///[project]/node_modules/postcss/lib/input.js:135:16)]
    [at Root.error (turbopack:///[project]/node_modules/postcss/lib/node.js:166:32)]
    [at Object.Once (C:\Users\janid\Downloads\mylms\lms\node_modules\@tailwindcss\postcss\dist\index.js:10:7013)]
    [at process.processTicksAndRejections (node:internal/process/task_queues:104:5)]
    [at async LazyResult.runAsync (turbopack:///[project]/node_modules/postcss/lib/lazy-result.js:299:11)]
    [at async transform (turbopack:///[turbopack-node]/transforms/postcss.ts?config=[project]/postcss.config.js:70:34)]
    [at async run (turbopack:///[turbopack-node]/child_process/evaluate.ts:89:23)]

Import trace:
  Client Component Browser:
    ./src/app/workspace.css [Client Component Browser]
    ./src/app/[locale]/layout.tsx [Server Component] @ http://localhost:3000/_next/static/chunks/node_modules_next_dist_1e8vcs8._.js:1052
[  186456ms] [ERROR] ./src/app/workspace.css
Error: Error evaluating Node.js code
CssSyntaxError: tailwindcss: C:\Users\janid\Downloads\mylms\lms\src\app\workspace.css:1:1: Cannot apply unknown utility class `text-body-strong`
    [at Input.error (turbopack:///[project]/node_modules/postcss/lib/input.js:135:16)]
    [at Root.error (turbopack:///[project]/node_modules/postcss/lib/node.js:166:32)]
    [at Object.Once (C:\Users\janid\Downloads\mylms\lms\node_modules\@tailwindcss\postcss\dist\index.js:10:7013)]
    [at process.processTicksAndRejections (node:internal/process/task_queues:104:5)]
    [at async LazyResult.runAsync (turbopack:///[project]/node_modules/postcss/lib/lazy-result.js:299:11)]
    [at async transform (turbopack:///[turbopack-node]/transforms/postcss.ts?config=[project]/postcss.config.js:70:34)]
    [at async run (turbopack:///[turbopack-node]/child_process/evaluate.ts:89:23)]

Import trace:
  Client Component Browser:
    ./src/app/workspace.css [Client Component Browser]
    ./src/app/[locale]/layout.tsx [Server Component] @ http://localhost:3000/_next/static/chunks/node_modules_next_dist_1e8vcs8._.js:1052
[  186519ms] [ERROR] ./src/app/workspace.css
Error: Error evaluating Node.js code
CssSyntaxError: tailwindcss: C:\Users\janid\Downloads\mylms\lms\src\app\workspace.css:1:1: Cannot apply unknown utility class `text-body-strong`
    [at Input.error (turbopack:///[project]/node_modules/postcss/lib/input.js:135:16)]
    [at Root.error (turbopack:///[project]/node_modules/postcss/lib/node.js:166:32)]
    [at Object.Once (C:\Users\janid\Downloads\mylms\lms\node_modules\@tailwindcss\postcss\dist\index.js:10:7013)]
    [at process.processTicksAndRejections (node:internal/process/task_queues:104:5)]
    [at async LazyResult.runAsync (turbopack:///[project]/node_modules/postcss/lib/lazy-result.js:299:11)]
    [at async transform (turbopack:///[turbopack-node]/transforms/postcss.ts?config=[project]/postcss.config.js:70:34)]
    [at async run (turbopack:///[turbopack-node]/child_process/evaluate.ts:89:23)]

Import trace:
  Client Component Browser:
    ./src/app/workspace.css [Client Component Browser]
    ./src/app/[locale]/layout.tsx [Server Component] @ http://localhost:3000/_next/static/chunks/node_modules_next_dist_1e8vcs8._.js:1052
[  186584ms] [ERROR] ./src/app/workspace.css
Error: Error evaluating Node.js code
CssSyntaxError: tailwindcss: C:\Users\janid\Downloads\mylms\lms\src\app\workspace.css:1:1: Cannot apply unknown utility class `text-body-strong`
    [at Input.error (turbopack:///[project]/node_modules/postcss/lib/input.js:135:16)]
    [at Root.error (turbopack:///[project]/node_modules/postcss/lib/node.js:166:32)]
    [at Object.Once (C:\Users\janid\Downloads\mylms\lms\node_modules\@tailwindcss\postcss\dist\index.js:10:7013)]
    [at process.processTicksAndRejections (node:internal/process/task_queues:104:5)]
    [at async LazyResult.runAsync (turbopack:///[project]/node_modules/postcss/lib/lazy-result.js:299:11)]
    [at async transform (turbopack:///[turbopack-node]/transforms/postcss.ts?config=[project]/postcss.config.js:70:34)]
    [at async run (turbopack:///[turbopack-node]/child_process/evaluate.ts:89:23)]

Import trace:
  Client Component Browser:
    ./src/app/workspace.css [Client Component Browser]
    ./src/app/[locale]/layout.tsx [Server Component] @ http://localhost:3000/_next/static/chunks/node_modules_next_dist_1e8vcs8._.js:1052
[  186651ms] [ERROR] ./src/app/workspace.css
Error: Error evaluating Node.js code
CssSyntaxError: tailwindcss: C:\Users\janid\Downloads\mylms\lms\src\app\workspace.css:1:1: Cannot apply unknown utility class `text-body-strong`
    [at Input.error (turbopack:///[project]/node_modules/postcss/lib/input.js:135:16)]
    [at Root.error (turbopack:///[project]/node_modules/postcss/lib/node.js:166:32)]
    [at Object.Once (C:\Users\janid\Downloads\mylms\lms\node_modules\@tailwindcss\postcss\dist\index.js:10:7013)]
    [at process.processTicksAndRejections (node:internal/process/task_queues:104:5)]
    [at async LazyResult.runAsync (turbopack:///[project]/node_modules/postcss/lib/lazy-result.js:299:11)]
    [at async transform (turbopack:///[turbopack-node]/transforms/postcss.ts?config=[project]/postcss.config.js:70:34)]
    [at async run (turbopack:///[turbopack-node]/child_process/evaluate.ts:89:23)]

Import trace:
  Client Component Browser:
    ./src/app/workspace.css [Client Component Browser]
    ./src/app/[locale]/layout.tsx [Server Component] @ http://localhost:3000/_next/static/chunks/node_modules_next_dist_1e8vcs8._.js:1052
[  186747ms] [ERROR] ./src/app/workspace.css
Error: Error evaluating Node.js code
CssSyntaxError: tailwindcss: C:\Users\janid\Downloads\mylms\lms\src\app\workspace.css:1:1: Cannot apply unknown utility class `text-body-strong`
    [at Input.error (turbopack:///[project]/node_modules/postcss/lib/input.js:135:16)]
    [at Root.error (turbopack:///[project]/node_modules/postcss/lib/node.js:166:32)]
    [at Object.Once (C:\Users\janid\Downloads\mylms\lms\node_modules\@tailwindcss\postcss\dist\index.js:10:7013)]
    [at process.processTicksAndRejections (node:internal/process/task_queues:104:5)]
    [at async LazyResult.runAsync (turbopack:///[project]/node_modules/postcss/lib/lazy-result.js:299:11)]
    [at async transform (turbopack:///[turbopack-node]/transforms/postcss.ts?config=[project]/postcss.config.js:70:34)]
    [at async run (turbopack:///[turbopack-node]/child_process/evaluate.ts:89:23)]

Import trace:
  Client Component Browser:
    ./src/app/workspace.css [Client Component Browser]
    ./src/app/[locale]/layout.tsx [Server Component] @ http://localhost:3000/_next/static/chunks/node_modules_next_dist_1e8vcs8._.js:1052
[  186823ms] [ERROR] ./src/app/workspace.css
Error: Error evaluating Node.js code
CssSyntaxError: tailwindcss: C:\Users\janid\Downloads\mylms\lms\src\app\workspace.css:1:1: Cannot apply unknown utility class `text-body-strong`
    [at Input.error (turbopack:///[project]/node_modules/postcss/lib/input.js:135:16)]
    [at Root.error (turbopack:///[project]/node_modules/postcss/lib/node.js:166:32)]
    [at Object.Once (C:\Users\janid\Downloads\mylms\lms\node_modules\@tailwindcss\postcss\dist\index.js:10:7013)]
    [at process.processTicksAndRejections (node:internal/process/task_queues:104:5)]
    [at async LazyResult.runAsync (turbopack:///[project]/node_modules/postcss/lib/lazy-result.js:299:11)]
    [at async transform (turbopack:///[turbopack-node]/transforms/postcss.ts?config=[project]/postcss.config.js:70:34)]
    [at async run (turbopack:///[turbopack-node]/child_process/evaluate.ts:89:23)]

Import trace:
  Client Component Browser:
    ./src/app/workspace.css [Client Component Browser]
    ./src/app/[locale]/layout.tsx [Server Component] @ http://localhost:3000/_next/static/chunks/node_modules_next_dist_1e8vcs8._.js:1052
[  186883ms] [ERROR] ./src/app/workspace.css
Error: Error evaluating Node.js code
CssSyntaxError: tailwindcss: C:\Users\janid\Downloads\mylms\lms\src\app\workspace.css:1:1: Cannot apply unknown utility class `text-body-strong`
    [at Input.error (turbopack:///[project]/node_modules/postcss/lib/input.js:135:16)]
    [at Root.error (turbopack:///[project]/node_modules/postcss/lib/node.js:166:32)]
    [at Object.Once (C:\Users\janid\Downloads\mylms\lms\node_modules\@tailwindcss\postcss\dist\index.js:10:7013)]
    [at process.processTicksAndRejections (node:internal/process/task_queues:104:5)]
    [at async LazyResult.runAsync (turbopack:///[project]/node_modules/postcss/lib/lazy-result.js:299:11)]
    [at async transform (turbopack:///[turbopack-node]/transforms/postcss.ts?config=[project]/postcss.config.js:70:34)]
    [at async run (turbopack:///[turbopack-node]/child_process/evaluate.ts:89:23)]

Import trace:
  Client Component Browser:
    ./src/app/workspace.css [Client Component Browser]
    ./src/app/[locale]/layout.tsx [Server Component] @ http://localhost:3000/_next/static/chunks/node_modules_next_dist_1e8vcs8._.js:1052
[  186944ms] [ERROR] ./src/app/workspace.css
Error: Error evaluating Node.js code
CssSyntaxError: tailwindcss: C:\Users\janid\Downloads\mylms\lms\src\app\workspace.css:1:1: Cannot apply unknown utility class `text-body-strong`
    [at Input.error (turbopack:///[project]/node_modules/postcss/lib/input.js:135:16)]
    [at Root.error (turbopack:///[project]/node_modules/postcss/lib/node.js:166:32)]
    [at Object.Once (C:\Users\janid\Downloads\mylms\lms\node_modules\@tailwindcss\postcss\dist\index.js:10:7013)]
    [at process.processTicksAndRejections (node:internal/process/task_queues:104:5)]
    [at async LazyResult.runAsync (turbopack:///[project]/node_modules/postcss/lib/lazy-result.js:299:11)]
    [at async transform (turbopack:///[turbopack-node]/transforms/postcss.ts?config=[project]/postcss.config.js:70:34)]
    [at async run (turbopack:///[turbopack-node]/child_process/evaluate.ts:89:23)]

Import trace:
  Client Component Browser:
    ./src/app/workspace.css [Client Component Browser]
    ./src/app/[locale]/layout.tsx [Server Component] @ http://localhost:3000/_next/static/chunks/node_modules_next_dist_1e8vcs8._.js:1052
[  187044ms] [ERROR] ./src/app/workspace.css
Error: Error evaluating Node.js code
CssSyntaxError: tailwindcss: C:\Users\janid\Downloads\mylms\lms\src\app\workspace.css:1:1: Cannot apply unknown utility class `text-body-strong`
    [at Input.error (turbopack:///[project]/node_modules/postcss/lib/input.js:135:16)]
    [at Root.error (turbopack:///[project]/node_modules/postcss/lib/node.js:166:32)]
    [at Object.Once (C:\Users\janid\Downloads\mylms\lms\node_modules\@tailwindcss\postcss\dist\index.js:10:7013)]
    [at process.processTicksAndRejections (node:internal/process/task_queues:104:5)]
    [at async LazyResult.runAsync (turbopack:///[project]/node_modules/postcss/lib/lazy-result.js:299:11)]
    [at async transform (turbopack:///[turbopack-node]/transforms/postcss.ts?config=[project]/postcss.config.js:70:34)]
    [at async run (turbopack:///[turbopack-node]/child_process/evaluate.ts:89:23)]

Import trace:
  Client Component Browser:
    ./src/app/workspace.css [Client Component Browser]
    ./src/app/[locale]/layout.tsx [Server Component] @ http://localhost:3000/_next/static/chunks/node_modules_next_dist_1e8vcs8._.js:1052
[  187122ms] [ERROR] ./src/app/workspace.css
Error: Error evaluating Node.js code
CssSyntaxError: tailwindcss: C:\Users\janid\Downloads\mylms\lms\src\app\workspace.css:1:1: Cannot apply unknown utility class `text-body-strong`
    [at Input.error (turbopack:///[project]/node_modules/postcss/lib/input.js:135:16)]
    [at Root.error (turbopack:///[project]/node_modules/postcss/lib/node.js:166:32)]
    [at Object.Once (C:\Users\janid\Downloads\mylms\lms\node_modules\@tailwindcss\postcss\dist\index.js:10:7013)]
    [at process.processTicksAndRejections (node:internal/process/task_queues:104:5)]
    [at async LazyResult.runAsync (turbopack:///[project]/node_modules/postcss/lib/lazy-result.js:299:11)]
    [at async transform (turbopack:///[turbopack-node]/transforms/postcss.ts?config=[project]/postcss.config.js:70:34)]
    [at async run (turbopack:///[turbopack-node]/child_process/evaluate.ts:89:23)]

Import trace:
  Client Component Browser:
    ./src/app/workspace.css [Client Component Browser]
    ./src/app/[locale]/layout.tsx [Server Component] @ http://localhost:3000/_next/static/chunks/node_modules_next_dist_1e8vcs8._.js:1052
[  187178ms] [ERROR] ./src/app/workspace.css
Error: Error evaluating Node.js code
CssSyntaxError: tailwindcss: C:\Users\janid\Downloads\mylms\lms\src\app\workspace.css:1:1: Cannot apply unknown utility class `text-body-strong`
    [at Input.error (turbopack:///[project]/node_modules/postcss/lib/input.js:135:16)]
    [at Root.error (turbopack:///[project]/node_modules/postcss/lib/node.js:166:32)]
    [at Object.Once (C:\Users\janid\Downloads\mylms\lms\node_modules\@tailwindcss\postcss\dist\index.js:10:7013)]
    [at process.processTicksAndRejections (node:internal/process/task_queues:104:5)]
    [at async LazyResult.runAsync (turbopack:///[project]/node_modules/postcss/lib/lazy-result.js:299:11)]
    [at async transform (turbopack:///[turbopack-node]/transforms/postcss.ts?config=[project]/postcss.config.js:70:34)]
    [at async run (turbopack:///[turbopack-node]/child_process/evaluate.ts:89:23)]

Import trace:
  Client Component Browser:
    ./src/app/workspace.css [Client Component Browser]
    ./src/app/[locale]/layout.tsx [Server Component] @ http://localhost:3000/_next/static/chunks/node_modules_next_dist_1e8vcs8._.js:1052
[  187242ms] [ERROR] ./src/app/workspace.css
Error: Error evaluating Node.js code
CssSyntaxError: tailwindcss: C:\Users\janid\Downloads\mylms\lms\src\app\workspace.css:1:1: Cannot apply unknown utility class `text-body-strong`
    [at Input.error (turbopack:///[project]/node_modules/postcss/lib/input.js:135:16)]
    [at Root.error (turbopack:///[project]/node_modules/postcss/lib/node.js:166:32)]
    [at Object.Once (C:\Users\janid\Downloads\mylms\lms\node_modules\@tailwindcss\postcss\dist\index.js:10:7013)]
    [at process.processTicksAndRejections (node:internal/process/task_queues:104:5)]
    [at async LazyResult.runAsync (turbopack:///[project]/node_modules/postcss/lib/lazy-result.js:299:11)]
    [at async transform (turbopack:///[turbopack-node]/transforms/postcss.ts?config=[project]/postcss.config.js:70:34)]
    [at async run (turbopack:///[turbopack-node]/child_process/evaluate.ts:89:23)]

Import trace:
  Client Component Browser:
    ./src/app/workspace.css [Client Component Browser]
    ./src/app/[locale]/layout.tsx [Server Component] @ http://localhost:3000/_next/static/chunks/node_modules_next_dist_1e8vcs8._.js:1052
[  187333ms] [ERROR] ./src/app/workspace.css
Error: Error evaluating Node.js code
CssSyntaxError: tailwindcss: C:\Users\janid\Downloads\mylms\lms\src\app\workspace.css:1:1: Cannot apply unknown utility class `text-body-strong`
    [at Input.error (turbopack:///[project]/node_modules/postcss/lib/input.js:135:16)]
    [at Root.error (turbopack:///[project]/node_modules/postcss/lib/node.js:166:32)]
    [at Object.Once (C:\Users\janid\Downloads\mylms\lms\node_modules\@tailwindcss\postcss\dist\index.js:10:7013)]
    [at process.processTicksAndRejections (node:internal/process/task_queues:104:5)]
    [at async LazyResult.runAsync (turbopack:///[project]/node_modules/postcss/lib/lazy-result.js:299:11)]
    [at async transform (turbopack:///[turbopack-node]/transforms/postcss.ts?config=[project]/postcss.config.js:70:34)]
    [at async run (turbopack:///[turbopack-node]/child_process/evaluate.ts:89:23)]

Import trace:
  Client Component Browser:
    ./src/app/workspace.css [Client Component Browser]
    ./src/app/[locale]/layout.tsx [Server Component] @ http://localhost:3000/_next/static/chunks/node_modules_next_dist_1e8vcs8._.js:1052
[  187400ms] [ERROR] ./src/app/workspace.css
Error: Error evaluating Node.js code
CssSyntaxError: tailwindcss: C:\Users\janid\Downloads\mylms\lms\src\app\workspace.css:1:1: Cannot apply unknown utility class `text-body-strong`
    [at Input.error (turbopack:///[project]/node_modules/postcss/lib/input.js:135:16)]
    [at Root.error (turbopack:///[project]/node_modules/postcss/lib/node.js:166:32)]
    [at Object.Once (C:\Users\janid\Downloads\mylms\lms\node_modules\@tailwindcss\postcss\dist\index.js:10:7013)]
    [at process.processTicksAndRejections (node:internal/process/task_queues:104:5)]
    [at async LazyResult.runAsync (turbopack:///[project]/node_modules/postcss/lib/lazy-result.js:299:11)]
    [at async transform (turbopack:///[turbopack-node]/transforms/postcss.ts?config=[project]/postcss.config.js:70:34)]
    [at async run (turbopack:///[turbopack-node]/child_process/evaluate.ts:89:23)]

Import trace:
  Client Component Browser:
    ./src/app/workspace.css [Client Component Browser]
    ./src/app/[locale]/layout.tsx [Server Component] @ http://localhost:3000/_next/static/chunks/node_modules_next_dist_1e8vcs8._.js:1052
[  187458ms] [ERROR] ./src/app/workspace.css
Error: Error evaluating Node.js code
CssSyntaxError: tailwindcss: C:\Users\janid\Downloads\mylms\lms\src\app\workspace.css:1:1: Cannot apply unknown utility class `text-body-strong`
    [at Input.error (turbopack:///[project]/node_modules/postcss/lib/input.js:135:16)]
    [at Root.error (turbopack:///[project]/node_modules/postcss/lib/node.js:166:32)]
    [at Object.Once (C:\Users\janid\Downloads\mylms\lms\node_modules\@tailwindcss\postcss\dist\index.js:10:7013)]
    [at process.processTicksAndRejections (node:internal/process/task_queues:104:5)]
    [at async LazyResult.runAsync (turbopack:///[project]/node_modules/postcss/lib/lazy-result.js:299:11)]
    [at async transform (turbopack:///[turbopack-node]/transforms/postcss.ts?config=[project]/postcss.config.js:70:34)]
    [at async run (turbopack:///[turbopack-node]/child_process/evaluate.ts:89:23)]

Import trace:
  Client Component Browser:
    ./src/app/workspace.css [Client Component Browser]
    ./src/app/[locale]/layout.tsx [Server Component] @ http://localhost:3000/_next/static/chunks/node_modules_next_dist_1e8vcs8._.js:1052
[  187520ms] [ERROR] ./src/app/workspace.css
Error: Error evaluating Node.js code
CssSyntaxError: tailwindcss: C:\Users\janid\Downloads\mylms\lms\src\app\workspace.css:1:1: Cannot apply unknown utility class `text-body-strong`
    [at Input.error (turbopack:///[project]/node_modules/postcss/lib/input.js:135:16)]
    [at Root.error (turbopack:///[project]/node_modules/postcss/lib/node.js:166:32)]
    [at Object.Once (C:\Users\janid\Downloads\mylms\lms\node_modules\@tailwindcss\postcss\dist\index.js:10:7013)]
    [at process.processTicksAndRejections (node:internal/process/task_queues:104:5)]
    [at async LazyResult.runAsync (turbopack:///[project]/node_modules/postcss/lib/lazy-result.js:299:11)]
    [at async transform (turbopack:///[turbopack-node]/transforms/postcss.ts?config=[project]/postcss.config.js:70:34)]
    [at async run (turbopack:///[turbopack-node]/child_process/evaluate.ts:89:23)]

Import trace:
  Client Component Browser:
    ./src/app/workspace.css [Client Component Browser]
    ./src/app/[locale]/layout.tsx [Server Component] @ http://localhost:3000/_next/static/chunks/node_modules_next_dist_1e8vcs8._.js:1052
[  187583ms] [ERROR] ./src/app/workspace.css
Error: Error evaluating Node.js code
CssSyntaxError: tailwindcss: C:\Users\janid\Downloads\mylms\lms\src\app\workspace.css:1:1: Cannot apply unknown utility class `text-body-strong`
    [at Input.error (turbopack:///[project]/node_modules/postcss/lib/input.js:135:16)]
    [at Root.error (turbopack:///[project]/node_modules/postcss/lib/node.js:166:32)]
    [at Object.Once (C:\Users\janid\Downloads\mylms\lms\node_modules\@tailwindcss\postcss\dist\index.js:10:7013)]
    [at process.processTicksAndRejections (node:internal/process/task_queues:104:5)]
    [at async LazyResult.runAsync (turbopack:///[project]/node_modules/postcss/lib/lazy-result.js:299:11)]
    [at async transform (turbopack:///[turbopack-node]/transforms/postcss.ts?config=[project]/postcss.config.js:70:34)]
    [at async run (turbopack:///[turbopack-node]/child_process/evaluate.ts:89:23)]

Import trace:
  Client Component Browser:
    ./src/app/workspace.css [Client Component Browser]
    ./src/app/[locale]/layout.tsx [Server Component] @ http://localhost:3000/_next/static/chunks/node_modules_next_dist_1e8vcs8._.js:1052
[  187646ms] [ERROR] ./src/app/workspace.css
Error: Error evaluating Node.js code
CssSyntaxError: tailwindcss: C:\Users\janid\Downloads\mylms\lms\src\app\workspace.css:1:1: Cannot apply unknown utility class `text-body-strong`
    [at Input.error (turbopack:///[project]/node_modules/postcss/lib/input.js:135:16)]
    [at Root.error (turbopack:///[project]/node_modules/postcss/lib/node.js:166:32)]
    [at Object.Once (C:\Users\janid\Downloads\mylms\lms\node_modules\@tailwindcss\postcss\dist\index.js:10:7013)]
    [at process.processTicksAndRejections (node:internal/process/task_queues:104:5)]
    [at async LazyResult.runAsync (turbopack:///[project]/node_modules/postcss/lib/lazy-result.js:299:11)]
    [at async transform (turbopack:///[turbopack-node]/transforms/postcss.ts?config=[project]/postcss.config.js:70:34)]
    [at async run (turbopack:///[turbopack-node]/child_process/evaluate.ts:89:23)]

Import trace:
  Client Component Browser:
    ./src/app/workspace.css [Client Component Browser]
    ./src/app/[locale]/layout.tsx [Server Component] @ http://localhost:3000/_next/static/chunks/node_modules_next_dist_1e8vcs8._.js:1052
[  187710ms] [ERROR] ./src/app/workspace.css
Error: Error evaluating Node.js code
CssSyntaxError: tailwindcss: C:\Users\janid\Downloads\mylms\lms\src\app\workspace.css:1:1: Cannot apply unknown utility class `text-body-strong`
    [at Input.error (turbopack:///[project]/node_modules/postcss/lib/input.js:135:16)]
    [at Root.error (turbopack:///[project]/node_modules/postcss/lib/node.js:166:32)]
    [at Object.Once (C:\Users\janid\Downloads\mylms\lms\node_modules\@tailwindcss\postcss\dist\index.js:10:7013)]
    [at process.processTicksAndRejections (node:internal/process/task_queues:104:5)]
    [at async LazyResult.runAsync (turbopack:///[project]/node_modules/postcss/lib/lazy-result.js:299:11)]
    [at async transform (turbopack:///[turbopack-node]/transforms/postcss.ts?config=[project]/postcss.config.js:70:34)]
    [at async run (turbopack:///[turbopack-node]/child_process/evaluate.ts:89:23)]

Import trace:
  Client Component Browser:
    ./src/app/workspace.css [Client Component Browser]
    ./src/app/[locale]/layout.tsx [Server Component] @ http://localhost:3000/_next/static/chunks/node_modules_next_dist_1e8vcs8._.js:1052
[  187772ms] [ERROR] ./src/app/workspace.css
Error: Error evaluating Node.js code
CssSyntaxError: tailwindcss: C:\Users\janid\Downloads\mylms\lms\src\app\workspace.css:1:1: Cannot apply unknown utility class `text-body-strong`
    [at Input.error (turbopack:///[project]/node_modules/postcss/lib/input.js:135:16)]
    [at Root.error (turbopack:///[project]/node_modules/postcss/lib/node.js:166:32)]
    [at Object.Once (C:\Users\janid\Downloads\mylms\lms\node_modules\@tailwindcss\postcss\dist\index.js:10:7013)]
    [at process.processTicksAndRejections (node:internal/process/task_queues:104:5)]
    [at async LazyResult.runAsync (turbopack:///[project]/node_modules/postcss/lib/lazy-result.js:299:11)]
    [at async transform (turbopack:///[turbopack-node]/transforms/postcss.ts?config=[project]/postcss.config.js:70:34)]
    [at async run (turbopack:///[turbopack-node]/child_process/evaluate.ts:89:23)]

Import trace:
  Client Component Browser:
    ./src/app/workspace.css [Client Component Browser]
    ./src/app/[locale]/layout.tsx [Server Component] @ http://localhost:3000/_next/static/chunks/node_modules_next_dist_1e8vcs8._.js:1052
[  187835ms] [ERROR] ./src/app/workspace.css
Error: Error evaluating Node.js code
CssSyntaxError: tailwindcss: C:\Users\janid\Downloads\mylms\lms\src\app\workspace.css:1:1: Cannot apply unknown utility class `text-body-strong`
    [at Input.error (turbopack:///[project]/node_modules/postcss/lib/input.js:135:16)]
    [at Root.error (turbopack:///[project]/node_modules/postcss/lib/node.js:166:32)]
    [at Object.Once (C:\Users\janid\Downloads\mylms\lms\node_modules\@tailwindcss\postcss\dist\index.js:10:7013)]
    [at process.processTicksAndRejections (node:internal/process/task_queues:104:5)]
    [at async LazyResult.runAsync (turbopack:///[project]/node_modules/postcss/lib/lazy-result.js:299:11)]
    [at async transform (turbopack:///[turbopack-node]/transforms/postcss.ts?config=[project]/postcss.config.js:70:34)]
    [at async run (turbopack:///[turbopack-node]/child_process/evaluate.ts:89:23)]

Import trace:
  Client Component Browser:
    ./src/app/workspace.css [Client Component Browser]
    ./src/app/[locale]/layout.tsx [Server Component] @ http://localhost:3000/_next/static/chunks/node_modules_next_dist_1e8vcs8._.js:1052
[  187900ms] [ERROR] ./src/app/workspace.css
Error: Error evaluating Node.js code
CssSyntaxError: tailwindcss: C:\Users\janid\Downloads\mylms\lms\src\app\workspace.css:1:1: Cannot apply unknown utility class `text-body-strong`
    [at Input.error (turbopack:///[project]/node_modules/postcss/lib/input.js:135:16)]
    [at Root.error (turbopack:///[project]/node_modules/postcss/lib/node.js:166:32)]
    [at Object.Once (C:\Users\janid\Downloads\mylms\lms\node_modules\@tailwindcss\postcss\dist\index.js:10:7013)]
    [at process.processTicksAndRejections (node:internal/process/task_queues:104:5)]
    [at async LazyResult.runAsync (turbopack:///[project]/node_modules/postcss/lib/lazy-result.js:299:11)]
    [at async transform (turbopack:///[turbopack-node]/transforms/postcss.ts?config=[project]/postcss.config.js:70:34)]
    [at async run (turbopack:///[turbopack-node]/child_process/evaluate.ts:89:23)]

Import trace:
  Client Component Browser:
    ./src/app/workspace.css [Client Component Browser]
    ./src/app/[locale]/layout.tsx [Server Component] @ http://localhost:3000/_next/static/chunks/node_modules_next_dist_1e8vcs8._.js:1052
[  188188ms] [ERROR] ./src/app/workspace.css
Error: Error evaluating Node.js code
CssSyntaxError: tailwindcss: C:\Users\janid\Downloads\mylms\lms\src\app\workspace.css:1:1: Cannot apply unknown utility class `text-body-strong`
    [at Input.error (turbopack:///[project]/node_modules/postcss/lib/input.js:135:16)]
    [at Root.error (turbopack:///[project]/node_modules/postcss/lib/node.js:166:32)]
    [at Object.Once (C:\Users\janid\Downloads\mylms\lms\node_modules\@tailwindcss\postcss\dist\index.js:10:7013)]
    [at process.processTicksAndRejections (node:internal/process/task_queues:104:5)]
    [at async LazyResult.runAsync (turbopack:///[project]/node_modules/postcss/lib/lazy-result.js:299:11)]
    [at async transform (turbopack:///[turbopack-node]/transforms/postcss.ts?config=[project]/postcss.config.js:70:34)]
    [at async run (turbopack:///[turbopack-node]/child_process/evaluate.ts:89:23)]

Import trace:
  Client Component Browser:
    ./src/app/workspace.css [Client Component Browser]
    ./src/app/[locale]/layout.tsx [Server Component] @ http://localhost:3000/_next/static/chunks/node_modules_next_dist_1e8vcs8._.js:1052
[  188269ms] [ERROR] ./src/app/workspace.css
Error: Error evaluating Node.js code
CssSyntaxError: tailwindcss: C:\Users\janid\Downloads\mylms\lms\src\app\workspace.css:1:1: Cannot apply unknown utility class `text-body-strong`
    [at Input.error (turbopack:///[project]/node_modules/postcss/lib/input.js:135:16)]
    [at Root.error (turbopack:///[project]/node_modules/postcss/lib/node.js:166:32)]
    [at Object.Once (C:\Users\janid\Downloads\mylms\lms\node_modules\@tailwindcss\postcss\dist\index.js:10:7013)]
    [at process.processTicksAndRejections (node:internal/process/task_queues:104:5)]
    [at async LazyResult.runAsync (turbopack:///[project]/node_modules/postcss/lib/lazy-result.js:299:11)]
    [at async transform (turbopack:///[turbopack-node]/transforms/postcss.ts?config=[project]/postcss.config.js:70:34)]
    [at async run (turbopack:///[turbopack-node]/child_process/evaluate.ts:89:23)]

Import trace:
  Client Component Browser:
    ./src/app/workspace.css [Client Component Browser]
    ./src/app/[locale]/layout.tsx [Server Component] @ http://localhost:3000/_next/static/chunks/node_modules_next_dist_1e8vcs8._.js:1052
[  188463ms] [ERROR] ./src/app/workspace.css
Error: Error evaluating Node.js code
CssSyntaxError: tailwindcss: C:\Users\janid\Downloads\mylms\lms\src\app\workspace.css:1:1: Cannot apply unknown utility class `text-body-strong`
    [at Input.error (turbopack:///[project]/node_modules/postcss/lib/input.js:135:16)]
    [at Root.error (turbopack:///[project]/node_modules/postcss/lib/node.js:166:32)]
    [at Object.Once (C:\Users\janid\Downloads\mylms\lms\node_modules\@tailwindcss\postcss\dist\index.js:10:7013)]
    [at process.processTicksAndRejections (node:internal/process/task_queues:104:5)]
    [at async LazyResult.runAsync (turbopack:///[project]/node_modules/postcss/lib/lazy-result.js:299:11)]
    [at async transform (turbopack:///[turbopack-node]/transforms/postcss.ts?config=[project]/postcss.config.js:70:34)]
    [at async run (turbopack:///[turbopack-node]/child_process/evaluate.ts:89:23)]

Import trace:
  Client Component Browser:
    ./src/app/workspace.css [Client Component Browser]
    ./src/app/[locale]/layout.tsx [Server Component] @ http://localhost:3000/_next/static/chunks/node_modules_next_dist_1e8vcs8._.js:1052
[  188557ms] [ERROR] ./src/app/workspace.css
Error: Error evaluating Node.js code
CssSyntaxError: tailwindcss: C:\Users\janid\Downloads\mylms\lms\src\app\workspace.css:1:1: Cannot apply unknown utility class `text-body-strong`
    [at Input.error (turbopack:///[project]/node_modules/postcss/lib/input.js:135:16)]
    [at Root.error (turbopack:///[project]/node_modules/postcss/lib/node.js:166:32)]
    [at Object.Once (C:\Users\janid\Downloads\mylms\lms\node_modules\@tailwindcss\postcss\dist\index.js:10:7013)]
    [at process.processTicksAndRejections (node:internal/process/task_queues:104:5)]
    [at async LazyResult.runAsync (turbopack:///[project]/node_modules/postcss/lib/lazy-result.js:299:11)]
    [at async transform (turbopack:///[turbopack-node]/transforms/postcss.ts?config=[project]/postcss.config.js:70:34)]
    [at async run (turbopack:///[turbopack-node]/child_process/evaluate.ts:89:23)]

Import trace:
  Client Component Browser:
    ./src/app/workspace.css [Client Component Browser]
    ./src/app/[locale]/layout.tsx [Server Component] @ http://localhost:3000/_next/static/chunks/node_modules_next_dist_1e8vcs8._.js:1052
[  188610ms] [ERROR] ./src/app/workspace.css
Error: Error evaluating Node.js code
CssSyntaxError: tailwindcss: C:\Users\janid\Downloads\mylms\lms\src\app\workspace.css:1:1: Cannot apply unknown utility class `text-body-strong`
    [at Input.error (turbopack:///[project]/node_modules/postcss/lib/input.js:135:16)]
    [at Root.error (turbopack:///[project]/node_modules/postcss/lib/node.js:166:32)]
    [at Object.Once (C:\Users\janid\Downloads\mylms\lms\node_modules\@tailwindcss\postcss\dist\index.js:10:7013)]
    [at process.processTicksAndRejections (node:internal/process/task_queues:104:5)]
    [at async LazyResult.runAsync (turbopack:///[project]/node_modules/postcss/lib/lazy-result.js:299:11)]
    [at async transform (turbopack:///[turbopack-node]/transforms/postcss.ts?config=[project]/postcss.config.js:70:34)]
    [at async run (turbopack:///[turbopack-node]/child_process/evaluate.ts:89:23)]

Import trace:
  Client Component Browser:
    ./src/app/workspace.css [Client Component Browser]
    ./src/app/[locale]/layout.tsx [Server Component] @ http://localhost:3000/_next/static/chunks/node_modules_next_dist_1e8vcs8._.js:1052
[  188672ms] [ERROR] ./src/app/workspace.css
Error: Error evaluating Node.js code
CssSyntaxError: tailwindcss: C:\Users\janid\Downloads\mylms\lms\src\app\workspace.css:1:1: Cannot apply unknown utility class `text-body-strong`
    [at Input.error (turbopack:///[project]/node_modules/postcss/lib/input.js:135:16)]
    [at Root.error (turbopack:///[project]/node_modules/postcss/lib/node.js:166:32)]
    [at Object.Once (C:\Users\janid\Downloads\mylms\lms\node_modules\@tailwindcss\postcss\dist\index.js:10:7013)]
    [at process.processTicksAndRejections (node:internal/process/task_queues:104:5)]
    [at async LazyResult.runAsync (turbopack:///[project]/node_modules/postcss/lib/lazy-result.js:299:11)]
    [at async transform (turbopack:///[turbopack-node]/transforms/postcss.ts?config=[project]/postcss.config.js:70:34)]
    [at async run (turbopack:///[turbopack-node]/child_process/evaluate.ts:89:23)]

Import trace:
  Client Component Browser:
    ./src/app/workspace.css [Client Component Browser]
    ./src/app/[locale]/layout.tsx [Server Component] @ http://localhost:3000/_next/static/chunks/node_modules_next_dist_1e8vcs8._.js:1052
[  188735ms] [ERROR] ./src/app/workspace.css
Error: Error evaluating Node.js code
CssSyntaxError: tailwindcss: C:\Users\janid\Downloads\mylms\lms\src\app\workspace.css:1:1: Cannot apply unknown utility class `text-body-strong`
    [at Input.error (turbopack:///[project]/node_modules/postcss/lib/input.js:135:16)]
    [at Root.error (turbopack:///[project]/node_modules/postcss/lib/node.js:166:32)]
    [at Object.Once (C:\Users\janid\Downloads\mylms\lms\node_modules\@tailwindcss\postcss\dist\index.js:10:7013)]
    [at process.processTicksAndRejections (node:internal/process/task_queues:104:5)]
    [at async LazyResult.runAsync (turbopack:///[project]/node_modules/postcss/lib/lazy-result.js:299:11)]
    [at async transform (turbopack:///[turbopack-node]/transforms/postcss.ts?config=[project]/postcss.config.js:70:34)]
    [at async run (turbopack:///[turbopack-node]/child_process/evaluate.ts:89:23)]

Import trace:
  Client Component Browser:
    ./src/app/workspace.css [Client Component Browser]
    ./src/app/[locale]/layout.tsx [Server Component] @ http://localhost:3000/_next/static/chunks/node_modules_next_dist_1e8vcs8._.js:1052
[  188797ms] [ERROR] ./src/app/workspace.css
Error: Error evaluating Node.js code
CssSyntaxError: tailwindcss: C:\Users\janid\Downloads\mylms\lms\src\app\workspace.css:1:1: Cannot apply unknown utility class `text-body-strong`
    [at Input.error (turbopack:///[project]/node_modules/postcss/lib/input.js:135:16)]
    [at Root.error (turbopack:///[project]/node_modules/postcss/lib/node.js:166:32)]
    [at Object.Once (C:\Users\janid\Downloads\mylms\lms\node_modules\@tailwindcss\postcss\dist\index.js:10:7013)]
    [at process.processTicksAndRejections (node:internal/process/task_queues:104:5)]
    [at async LazyResult.runAsync (turbopack:///[project]/node_modules/postcss/lib/lazy-result.js:299:11)]
    [at async transform (turbopack:///[turbopack-node]/transforms/postcss.ts?config=[project]/postcss.config.js:70:34)]
    [at async run (turbopack:///[turbopack-node]/child_process/evaluate.ts:89:23)]

Import trace:
  Client Component Browser:
    ./src/app/workspace.css [Client Component Browser]
    ./src/app/[locale]/layout.tsx [Server Component] @ http://localhost:3000/_next/static/chunks/node_modules_next_dist_1e8vcs8._.js:1052
[  188859ms] [ERROR] ./src/app/workspace.css
Error: Error evaluating Node.js code
CssSyntaxError: tailwindcss: C:\Users\janid\Downloads\mylms\lms\src\app\workspace.css:1:1: Cannot apply unknown utility class `text-body-strong`
    [at Input.error (turbopack:///[project]/node_modules/postcss/lib/input.js:135:16)]
    [at Root.error (turbopack:///[project]/node_modules/postcss/lib/node.js:166:32)]
    [at Object.Once (C:\Users\janid\Downloads\mylms\lms\node_modules\@tailwindcss\postcss\dist\index.js:10:7013)]
    [at process.processTicksAndRejections (node:internal/process/task_queues:104:5)]
    [at async LazyResult.runAsync (turbopack:///[project]/node_modules/postcss/lib/lazy-result.js:299:11)]
    [at async transform (turbopack:///[turbopack-node]/transforms/postcss.ts?config=[project]/postcss.config.js:70:34)]
    [at async run (turbopack:///[turbopack-node]/child_process/evaluate.ts:89:23)]

Import trace:
  Client Component Browser:
    ./src/app/workspace.css [Client Component Browser]
    ./src/app/[locale]/layout.tsx [Server Component] @ http://localhost:3000/_next/static/chunks/node_modules_next_dist_1e8vcs8._.js:1052
[  188923ms] [ERROR] ./src/app/workspace.css
Error: Error evaluating Node.js code
CssSyntaxError: tailwindcss: C:\Users\janid\Downloads\mylms\lms\src\app\workspace.css:1:1: Cannot apply unknown utility class `text-body-strong`
    [at Input.error (turbopack:///[project]/node_modules/postcss/lib/input.js:135:16)]
    [at Root.error (turbopack:///[project]/node_modules/postcss/lib/node.js:166:32)]
    [at Object.Once (C:\Users\janid\Downloads\mylms\lms\node_modules\@tailwindcss\postcss\dist\index.js:10:7013)]
    [at process.processTicksAndRejections (node:internal/process/task_queues:104:5)]
    [at async LazyResult.runAsync (turbopack:///[project]/node_modules/postcss/lib/lazy-result.js:299:11)]
    [at async transform (turbopack:///[turbopack-node]/transforms/postcss.ts?config=[project]/postcss.config.js:70:34)]
    [at async run (turbopack:///[turbopack-node]/child_process/evaluate.ts:89:23)]

Import trace:
  Client Component Browser:
    ./src/app/workspace.css [Client Component Browser]
    ./src/app/[locale]/layout.tsx [Server Component] @ http://localhost:3000/_next/static/chunks/node_modules_next_dist_1e8vcs8._.js:1052
[  188990ms] [ERROR] ./src/app/workspace.css
Error: Error evaluating Node.js code
CssSyntaxError: tailwindcss: C:\Users\janid\Downloads\mylms\lms\src\app\workspace.css:1:1: Cannot apply unknown utility class `text-body-strong`
    [at Input.error (turbopack:///[project]/node_modules/postcss/lib/input.js:135:16)]
    [at Root.error (turbopack:///[project]/node_modules/postcss/lib/node.js:166:32)]
    [at Object.Once (C:\Users\janid\Downloads\mylms\lms\node_modules\@tailwindcss\postcss\dist\index.js:10:7013)]
    [at process.processTicksAndRejections (node:internal/process/task_queues:104:5)]
    [at async LazyResult.runAsync (turbopack:///[project]/node_modules/postcss/lib/lazy-result.js:299:11)]
    [at async transform (turbopack:///[turbopack-node]/transforms/postcss.ts?config=[project]/postcss.config.js:70:34)]
    [at async run (turbopack:///[turbopack-node]/child_process/evaluate.ts:89:23)]

Import trace:
  Client Component Browser:
    ./src/app/workspace.css [Client Component Browser]
    ./src/app/[locale]/layout.tsx [Server Component] @ http://localhost:3000/_next/static/chunks/node_modules_next_dist_1e8vcs8._.js:1052
[  189053ms] [ERROR] ./src/app/workspace.css
Error: Error evaluating Node.js code
CssSyntaxError: tailwindcss: C:\Users\janid\Downloads\mylms\lms\src\app\workspace.css:1:1: Cannot apply unknown utility class `text-body-strong`
    [at Input.error (turbopack:///[project]/node_modules/postcss/lib/input.js:135:16)]
    [at Root.error (turbopack:///[project]/node_modules/postcss/lib/node.js:166:32)]
    [at Object.Once (C:\Users\janid\Downloads\mylms\lms\node_modules\@tailwindcss\postcss\dist\index.js:10:7013)]
    [at process.processTicksAndRejections (node:internal/process/task_queues:104:5)]
    [at async LazyResult.runAsync (turbopack:///[project]/node_modules/postcss/lib/lazy-result.js:299:11)]
    [at async transform (turbopack:///[turbopack-node]/transforms/postcss.ts?config=[project]/postcss.config.js:70:34)]
    [at async run (turbopack:///[turbopack-node]/child_process/evaluate.ts:89:23)]

Import trace:
  Client Component Browser:
    ./src/app/workspace.css [Client Component Browser]
    ./src/app/[locale]/layout.tsx [Server Component] @ http://localhost:3000/_next/static/chunks/node_modules_next_dist_1e8vcs8._.js:1052
[  189113ms] [ERROR] ./src/app/workspace.css
Error: Error evaluating Node.js code
CssSyntaxError: tailwindcss: C:\Users\janid\Downloads\mylms\lms\src\app\workspace.css:1:1: Cannot apply unknown utility class `text-body-strong`
    [at Input.error (turbopack:///[project]/node_modules/postcss/lib/input.js:135:16)]
    [at Root.error (turbopack:///[project]/node_modules/postcss/lib/node.js:166:32)]
    [at Object.Once (C:\Users\janid\Downloads\mylms\lms\node_modules\@tailwindcss\postcss\dist\index.js:10:7013)]
    [at process.processTicksAndRejections (node:internal/process/task_queues:104:5)]
    [at async LazyResult.runAsync (turbopack:///[project]/node_modules/postcss/lib/lazy-result.js:299:11)]
    [at async transform (turbopack:///[turbopack-node]/transforms/postcss.ts?config=[project]/postcss.config.js:70:34)]
    [at async run (turbopack:///[turbopack-node]/child_process/evaluate.ts:89:23)]

Import trace:
  Client Component Browser:
    ./src/app/workspace.css [Client Component Browser]
    ./src/app/[locale]/layout.tsx [Server Component] @ http://localhost:3000/_next/static/chunks/node_modules_next_dist_1e8vcs8._.js:1052
[  189175ms] [ERROR] ./src/app/workspace.css
Error: Error evaluating Node.js code
CssSyntaxError: tailwindcss: C:\Users\janid\Downloads\mylms\lms\src\app\workspace.css:1:1: Cannot apply unknown utility class `text-body-strong`
    [at Input.error (turbopack:///[project]/node_modules/postcss/lib/input.js:135:16)]
    [at Root.error (turbopack:///[project]/node_modules/postcss/lib/node.js:166:32)]
    [at Object.Once (C:\Users\janid\Downloads\mylms\lms\node_modules\@tailwindcss\postcss\dist\index.js:10:7013)]
    [at process.processTicksAndRejections (node:internal/process/task_queues:104:5)]
    [at async LazyResult.runAsync (turbopack:///[project]/node_modules/postcss/lib/lazy-result.js:299:11)]
    [at async transform (turbopack:///[turbopack-node]/transforms/postcss.ts?config=[project]/postcss.config.js:70:34)]
    [at async run (turbopack:///[turbopack-node]/child_process/evaluate.ts:89:23)]

Import trace:
  Client Component Browser:
    ./src/app/workspace.css [Client Component Browser]
    ./src/app/[locale]/layout.tsx [Server Component] @ http://localhost:3000/_next/static/chunks/node_modules_next_dist_1e8vcs8._.js:1052
[  189296ms] [ERROR] ./src/app/workspace.css
Error: Error evaluating Node.js code
CssSyntaxError: tailwindcss: C:\Users\janid\Downloads\mylms\lms\src\app\workspace.css:1:1: Cannot apply unknown utility class `text-body-strong`
    [at Input.error (turbopack:///[project]/node_modules/postcss/lib/input.js:135:16)]
    [at Root.error (turbopack:///[project]/node_modules/postcss/lib/node.js:166:32)]
    [at Object.Once (C:\Users\janid\Downloads\mylms\lms\node_modules\@tailwindcss\postcss\dist\index.js:10:7013)]
    [at process.processTicksAndRejections (node:internal/process/task_queues:104:5)]
    [at async LazyResult.runAsync (turbopack:///[project]/node_modules/postcss/lib/lazy-result.js:299:11)]
    [at async transform (turbopack:///[turbopack-node]/transforms/postcss.ts?config=[project]/postcss.config.js:70:34)]
    [at async run (turbopack:///[turbopack-node]/child_process/evaluate.ts:89:23)]

Import trace:
  Client Component Browser:
    ./src/app/workspace.css [Client Component Browser]
    ./src/app/[locale]/layout.tsx [Server Component] @ http://localhost:3000/_next/static/chunks/node_modules_next_dist_1e8vcs8._.js:1052
[  189387ms] [ERROR] ./src/app/workspace.css
Error: Error evaluating Node.js code
CssSyntaxError: tailwindcss: C:\Users\janid\Downloads\mylms\lms\src\app\workspace.css:1:1: Cannot apply unknown utility class `text-body-strong`
    [at Input.error (turbopack:///[project]/node_modules/postcss/lib/input.js:135:16)]
    [at Root.error (turbopack:///[project]/node_modules/postcss/lib/node.js:166:32)]
    [at Object.Once (C:\Users\janid\Downloads\mylms\lms\node_modules\@tailwindcss\postcss\dist\index.js:10:7013)]
    [at process.processTicksAndRejections (node:internal/process/task_queues:104:5)]
    [at async LazyResult.runAsync (turbopack:///[project]/node_modules/postcss/lib/lazy-result.js:299:11)]
    [at async transform (turbopack:///[turbopack-node]/transforms/postcss.ts?config=[project]/postcss.config.js:70:34)]
    [at async run (turbopack:///[turbopack-node]/child_process/evaluate.ts:89:23)]

Import trace:
  Client Component Browser:
    ./src/app/workspace.css [Client Component Browser]
    ./src/app/[locale]/layout.tsx [Server Component] @ http://localhost:3000/_next/static/chunks/node_modules_next_dist_1e8vcs8._.js:1052
[  189505ms] [ERROR] ./src/app/workspace.css
Error: Error evaluating Node.js code
CssSyntaxError: tailwindcss: C:\Users\janid\Downloads\mylms\lms\src\app\workspace.css:1:1: Cannot apply unknown utility class `text-body-strong`
    [at Input.error (turbopack:///[project]/node_modules/postcss/lib/input.js:135:16)]
    [at Root.error (turbopack:///[project]/node_modules/postcss/lib/node.js:166:32)]
    [at Object.Once (C:\Users\janid\Downloads\mylms\lms\node_modules\@tailwindcss\postcss\dist\index.js:10:7013)]
    [at process.processTicksAndRejections (node:internal/process/task_queues:104:5)]
    [at async LazyResult.runAsync (turbopack:///[project]/node_modules/postcss/lib/lazy-result.js:299:11)]
    [at async transform (turbopack:///[turbopack-node]/transforms/postcss.ts?config=[project]/postcss.config.js:70:34)]
    [at async run (turbopack:///[turbopack-node]/child_process/evaluate.ts:89:23)]

Import trace:
  Client Component Browser:
    ./src/app/workspace.css [Client Component Browser]
    ./src/app/[locale]/layout.tsx [Server Component] @ http://localhost:3000/_next/static/chunks/node_modules_next_dist_1e8vcs8._.js:1052
[  189665ms] [ERROR] ./src/app/workspace.css
Error: Error evaluating Node.js code
CssSyntaxError: tailwindcss: C:\Users\janid\Downloads\mylms\lms\src\app\workspace.css:1:1: Cannot apply unknown utility class `text-body-strong`
    [at Input.error (turbopack:///[project]/node_modules/postcss/lib/input.js:135:16)]
    [at Root.error (turbopack:///[project]/node_modules/postcss/lib/node.js:166:32)]
    [at Object.Once (C:\Users\janid\Downloads\mylms\lms\node_modules\@tailwindcss\postcss\dist\index.js:10:7013)]
    [at process.processTicksAndRejections (node:internal/process/task_queues:104:5)]
    [at async LazyResult.runAsync (turbopack:///[project]/node_modules/postcss/lib/lazy-result.js:299:11)]
    [at async transform (turbopack:///[turbopack-node]/transforms/postcss.ts?config=[project]/postcss.config.js:70:34)]
    [at async run (turbopack:///[turbopack-node]/child_process/evaluate.ts:89:23)]

Import trace:
  Client Component Browser:
    ./src/app/workspace.css [Client Component Browser]
    ./src/app/[locale]/layout.tsx [Server Component] @ http://localhost:3000/_next/static/chunks/node_modules_next_dist_1e8vcs8._.js:1052
[  189747ms] [ERROR] ./src/app/workspace.css
Error: Error evaluating Node.js code
CssSyntaxError: tailwindcss: C:\Users\janid\Downloads\mylms\lms\src\app\workspace.css:1:1: Cannot apply unknown utility class `text-body-strong`
    [at Input.error (turbopack:///[project]/node_modules/postcss/lib/input.js:135:16)]
    [at Root.error (turbopack:///[project]/node_modules/postcss/lib/node.js:166:32)]
    [at Object.Once (C:\Users\janid\Downloads\mylms\lms\node_modules\@tailwindcss\postcss\dist\index.js:10:7013)]
    [at process.processTicksAndRejections (node:internal/process/task_queues:104:5)]
    [at async LazyResult.runAsync (turbopack:///[project]/node_modules/postcss/lib/lazy-result.js:299:11)]
    [at async transform (turbopack:///[turbopack-node]/transforms/postcss.ts?config=[project]/postcss.config.js:70:34)]
    [at async run (turbopack:///[turbopack-node]/child_process/evaluate.ts:89:23)]

Import trace:
  Client Component Browser:
    ./src/app/workspace.css [Client Component Browser]
    ./src/app/[locale]/layout.tsx [Server Component] @ http://localhost:3000/_next/static/chunks/node_modules_next_dist_1e8vcs8._.js:1052
[  189900ms] [ERROR] ./src/app/workspace.css
Error: Error evaluating Node.js code
CssSyntaxError: tailwindcss: C:\Users\janid\Downloads\mylms\lms\src\app\workspace.css:1:1: Cannot apply unknown utility class `text-body-strong`
    [at Input.error (turbopack:///[project]/node_modules/postcss/lib/input.js:135:16)]
    [at Root.error (turbopack:///[project]/node_modules/postcss/lib/node.js:166:32)]
    [at Object.Once (C:\Users\janid\Downloads\mylms\lms\node_modules\@tailwindcss\postcss\dist\index.js:10:7013)]
    [at process.processTicksAndRejections (node:internal/process/task_queues:104:5)]
    [at async LazyResult.runAsync (turbopack:///[project]/node_modules/postcss/lib/lazy-result.js:299:11)]
    [at async transform (turbopack:///[turbopack-node]/transforms/postcss.ts?config=[project]/postcss.config.js:70:34)]
    [at async run (turbopack:///[turbopack-node]/child_process/evaluate.ts:89:23)]

Import trace:
  Client Component Browser:
    ./src/app/workspace.css [Client Component Browser]
    ./src/app/[locale]/layout.tsx [Server Component] @ http://localhost:3000/_next/static/chunks/node_modules_next_dist_1e8vcs8._.js:1052
[  190005ms] [ERROR] ./src/app/workspace.css
Error: Error evaluating Node.js code
CssSyntaxError: tailwindcss: C:\Users\janid\Downloads\mylms\lms\src\app\workspace.css:1:1: Cannot apply unknown utility class `text-body-strong`
    [at Input.error (turbopack:///[project]/node_modules/postcss/lib/input.js:135:16)]
    [at Root.error (turbopack:///[project]/node_modules/postcss/lib/node.js:166:32)]
    [at Object.Once (C:\Users\janid\Downloads\mylms\lms\node_modules\@tailwindcss\postcss\dist\index.js:10:7013)]
    [at process.processTicksAndRejections (node:internal/process/task_queues:104:5)]
    [at async LazyResult.runAsync (turbopack:///[project]/node_modules/postcss/lib/lazy-result.js:299:11)]
    [at async transform (turbopack:///[turbopack-node]/transforms/postcss.ts?config=[project]/postcss.config.js:70:34)]
    [at async run (turbopack:///[turbopack-node]/child_process/evaluate.ts:89:23)]

Import trace:
  Client Component Browser:
    ./src/app/workspace.css [Client Component Browser]
    ./src/app/[locale]/layout.tsx [Server Component] @ http://localhost:3000/_next/static/chunks/node_modules_next_dist_1e8vcs8._.js:1052
[  190069ms] [ERROR] ./src/app/workspace.css
Error: Error evaluating Node.js code
CssSyntaxError: tailwindcss: C:\Users\janid\Downloads\mylms\lms\src\app\workspace.css:1:1: Cannot apply unknown utility class `text-body-strong`
    [at Input.error (turbopack:///[project]/node_modules/postcss/lib/input.js:135:16)]
    [at Root.error (turbopack:///[project]/node_modules/postcss/lib/node.js:166:32)]
    [at Object.Once (C:\Users\janid\Downloads\mylms\lms\node_modules\@tailwindcss\postcss\dist\index.js:10:7013)]
    [at process.processTicksAndRejections (node:internal/process/task_queues:104:5)]
    [at async LazyResult.runAsync (turbopack:///[project]/node_modules/postcss/lib/lazy-result.js:299:11)]
    [at async transform (turbopack:///[turbopack-node]/transforms/postcss.ts?config=[project]/postcss.config.js:70:34)]
    [at async run (turbopack:///[turbopack-node]/child_process/evaluate.ts:89:23)]

Import trace:
  Client Component Browser:
    ./src/app/workspace.css [Client Component Browser]
    ./src/app/[locale]/layout.tsx [Server Component] @ http://localhost:3000/_next/static/chunks/node_modules_next_dist_1e8vcs8._.js:1052
[  190211ms] [ERROR] ./src/app/workspace.css
Error: Error evaluating Node.js code
CssSyntaxError: tailwindcss: C:\Users\janid\Downloads\mylms\lms\src\app\workspace.css:1:1: Cannot apply unknown utility class `text-body-strong`
    [at Input.error (turbopack:///[project]/node_modules/postcss/lib/input.js:135:16)]
    [at Root.error (turbopack:///[project]/node_modules/postcss/lib/node.js:166:32)]
    [at Object.Once (C:\Users\janid\Downloads\mylms\lms\node_modules\@tailwindcss\postcss\dist\index.js:10:7013)]
    [at process.processTicksAndRejections (node:internal/process/task_queues:104:5)]
    [at async LazyResult.runAsync (turbopack:///[project]/node_modules/postcss/lib/lazy-result.js:299:11)]
    [at async transform (turbopack:///[turbopack-node]/transforms/postcss.ts?config=[project]/postcss.config.js:70:34)]
    [at async run (turbopack:///[turbopack-node]/child_process/evaluate.ts:89:23)]

Import trace:
  Client Component Browser:
    ./src/app/workspace.css [Client Component Browser]
    ./src/app/[locale]/layout.tsx [Server Component] @ http://localhost:3000/_next/static/chunks/node_modules_next_dist_1e8vcs8._.js:1052
[  190323ms] [ERROR] ./src/app/workspace.css
Error: Error evaluating Node.js code
CssSyntaxError: tailwindcss: C:\Users\janid\Downloads\mylms\lms\src\app\workspace.css:1:1: Cannot apply unknown utility class `text-body-strong`
    [at Input.error (turbopack:///[project]/node_modules/postcss/lib/input.js:135:16)]
    [at Root.error (turbopack:///[project]/node_modules/postcss/lib/node.js:166:32)]
    [at Object.Once (C:\Users\janid\Downloads\mylms\lms\node_modules\@tailwindcss\postcss\dist\index.js:10:7013)]
    [at process.processTicksAndRejections (node:internal/process/task_queues:104:5)]
    [at async LazyResult.runAsync (turbopack:///[project]/node_modules/postcss/lib/lazy-result.js:299:11)]
    [at async transform (turbopack:///[turbopack-node]/transforms/postcss.ts?config=[project]/postcss.config.js:70:34)]
    [at async run (turbopack:///[turbopack-node]/child_process/evaluate.ts:89:23)]

Import trace:
  Client Component Browser:
    ./src/app/workspace.css [Client Component Browser]
    ./src/app/[locale]/layout.tsx [Server Component] @ http://localhost:3000/_next/static/chunks/node_modules_next_dist_1e8vcs8._.js:1052
[  190417ms] [ERROR] ./src/app/workspace.css
Error: Error evaluating Node.js code
CssSyntaxError: tailwindcss: C:\Users\janid\Downloads\mylms\lms\src\app\workspace.css:1:1: Cannot apply unknown utility class `text-body-strong`
    [at Input.error (turbopack:///[project]/node_modules/postcss/lib/input.js:135:16)]
    [at Root.error (turbopack:///[project]/node_modules/postcss/lib/node.js:166:32)]
    [at Object.Once (C:\Users\janid\Downloads\mylms\lms\node_modules\@tailwindcss\postcss\dist\index.js:10:7013)]
    [at process.processTicksAndRejections (node:internal/process/task_queues:104:5)]
    [at async LazyResult.runAsync (turbopack:///[project]/node_modules/postcss/lib/lazy-result.js:299:11)]
    [at async transform (turbopack:///[turbopack-node]/transforms/postcss.ts?config=[project]/postcss.config.js:70:34)]
    [at async run (turbopack:///[turbopack-node]/child_process/evaluate.ts:89:23)]

Import trace:
  Client Component Browser:
    ./src/app/workspace.css [Client Component Browser]
    ./src/app/[locale]/layout.tsx [Server Component] @ http://localhost:3000/_next/static/chunks/node_modules_next_dist_1e8vcs8._.js:1052
[  190589ms] [ERROR] ./src/app/workspace.css
Error: Error evaluating Node.js code
CssSyntaxError: tailwindcss: C:\Users\janid\Downloads\mylms\lms\src\app\workspace.css:1:1: Cannot apply unknown utility class `text-body-strong`
    [at Input.error (turbopack:///[project]/node_modules/postcss/lib/input.js:135:16)]
    [at Root.error (turbopack:///[project]/node_modules/postcss/lib/node.js:166:32)]
    [at Object.Once (C:\Users\janid\Downloads\mylms\lms\node_modules\@tailwindcss\postcss\dist\index.js:10:7013)]
    [at process.processTicksAndRejections (node:internal/process/task_queues:104:5)]
    [at async LazyResult.runAsync (turbopack:///[project]/node_modules/postcss/lib/lazy-result.js:299:11)]
    [at async transform (turbopack:///[turbopack-node]/transforms/postcss.ts?config=[project]/postcss.config.js:70:34)]
    [at async run (turbopack:///[turbopack-node]/child_process/evaluate.ts:89:23)]

Import trace:
  Client Component Browser:
    ./src/app/workspace.css [Client Component Browser]
    ./src/app/[locale]/layout.tsx [Server Component] @ http://localhost:3000/_next/static/chunks/node_modules_next_dist_1e8vcs8._.js:1052
[  190955ms] [ERROR] ./src/app/workspace.css
Error: Error evaluating Node.js code
CssSyntaxError: tailwindcss: C:\Users\janid\Downloads\mylms\lms\src\app\workspace.css:1:1: Cannot apply unknown utility class `text-body-strong`
    [at Input.error (turbopack:///[project]/node_modules/postcss/lib/input.js:135:16)]
    [at Root.error (turbopack:///[project]/node_modules/postcss/lib/node.js:166:32)]
    [at Object.Once (C:\Users\janid\Downloads\mylms\lms\node_modules\@tailwindcss\postcss\dist\index.js:10:7013)]
    [at process.processTicksAndRejections (node:internal/process/task_queues:104:5)]
    [at async LazyResult.runAsync (turbopack:///[project]/node_modules/postcss/lib/lazy-result.js:299:11)]
    [at async transform (turbopack:///[turbopack-node]/transforms/postcss.ts?config=[project]/postcss.config.js:70:34)]
    [at async run (turbopack:///[turbopack-node]/child_process/evaluate.ts:89:23)]

Import trace:
  Client Component Browser:
    ./src/app/workspace.css [Client Component Browser]
    ./src/app/[locale]/layout.tsx [Server Component] @ http://localhost:3000/_next/static/chunks/node_modules_next_dist_1e8vcs8._.js:1052
[  191045ms] [ERROR] ./src/app/workspace.css
Error: Error evaluating Node.js code
CssSyntaxError: tailwindcss: C:\Users\janid\Downloads\mylms\lms\src\app\workspace.css:1:1: Cannot apply unknown utility class `text-body-strong`
    [at Input.error (turbopack:///[project]/node_modules/postcss/lib/input.js:135:16)]
    [at Root.error (turbopack:///[project]/node_modules/postcss/lib/node.js:166:32)]
    [at Object.Once (C:\Users\janid\Downloads\mylms\lms\node_modules\@tailwindcss\postcss\dist\index.js:10:7013)]
    [at process.processTicksAndRejections (node:internal/process/task_queues:104:5)]
    [at async LazyResult.runAsync (turbopack:///[project]/node_modules/postcss/lib/lazy-result.js:299:11)]
    [at async transform (turbopack:///[turbopack-node]/transforms/postcss.ts?config=[project]/postcss.config.js:70:34)]
    [at async run (turbopack:///[turbopack-node]/child_process/evaluate.ts:89:23)]

Import trace:
  Client Component Browser:
    ./src/app/workspace.css [Client Component Browser]
    ./src/app/[locale]/layout.tsx [Server Component] @ http://localhost:3000/_next/static/chunks/node_modules_next_dist_1e8vcs8._.js:1052
[  191178ms] [ERROR] ./src/app/workspace.css
Error: Error evaluating Node.js code
CssSyntaxError: tailwindcss: C:\Users\janid\Downloads\mylms\lms\src\app\workspace.css:1:1: Cannot apply unknown utility class `text-body-strong`
    [at Input.error (turbopack:///[project]/node_modules/postcss/lib/input.js:135:16)]
    [at Root.error (turbopack:///[project]/node_modules/postcss/lib/node.js:166:32)]
    [at Object.Once (C:\Users\janid\Downloads\mylms\lms\node_modules\@tailwindcss\postcss\dist\index.js:10:7013)]
    [at process.processTicksAndRejections (node:internal/process/task_queues:104:5)]
    [at async LazyResult.runAsync (turbopack:///[project]/node_modules/postcss/lib/lazy-result.js:299:11)]
    [at async transform (turbopack:///[turbopack-node]/transforms/postcss.ts?config=[project]/postcss.config.js:70:34)]
    [at async run (turbopack:///[turbopack-node]/child_process/evaluate.ts:89:23)]

Import trace:
  Client Component Browser:
    ./src/app/workspace.css [Client Component Browser]
    ./src/app/[locale]/layout.tsx [Server Component] @ http://localhost:3000/_next/static/chunks/node_modules_next_dist_1e8vcs8._.js:1052
[  191555ms] [ERROR] ./src/app/workspace.css
Error: Error evaluating Node.js code
CssSyntaxError: tailwindcss: C:\Users\janid\Downloads\mylms\lms\src\app\workspace.css:1:1: Cannot apply unknown utility class `text-body-strong`
    [at Input.error (turbopack:///[project]/node_modules/postcss/lib/input.js:135:16)]
    [at Root.error (turbopack:///[project]/node_modules/postcss/lib/node.js:166:32)]
    [at Object.Once (C:\Users\janid\Downloads\mylms\lms\node_modules\@tailwindcss\postcss\dist\index.js:10:7013)]
    [at process.processTicksAndRejections (node:internal/process/task_queues:104:5)]
    [at async LazyResult.runAsync (turbopack:///[project]/node_modules/postcss/lib/lazy-result.js:299:11)]
    [at async transform (turbopack:///[turbopack-node]/transforms/postcss.ts?config=[project]/postcss.config.js:70:34)]
    [at async run (turbopack:///[turbopack-node]/child_process/evaluate.ts:89:23)]

Import trace:
  Client Component Browser:
    ./src/app/workspace.css [Client Component Browser]
    ./src/app/[locale]/layout.tsx [Server Component] @ http://localhost:3000/_next/static/chunks/node_modules_next_dist_1e8vcs8._.js:1052
[  191798ms] [ERROR] ./src/app/workspace.css
Error: Error evaluating Node.js code
CssSyntaxError: tailwindcss: C:\Users\janid\Downloads\mylms\lms\src\app\workspace.css:1:1: Cannot apply unknown utility class `text-body-strong`
    [at Input.error (turbopack:///[project]/node_modules/postcss/lib/input.js:135:16)]
    [at Root.error (turbopack:///[project]/node_modules/postcss/lib/node.js:166:32)]
    [at Object.Once (C:\Users\janid\Downloads\mylms\lms\node_modules\@tailwindcss\postcss\dist\index.js:10:7013)]
    [at process.processTicksAndRejections (node:internal/process/task_queues:104:5)]
    [at async LazyResult.runAsync (turbopack:///[project]/node_modules/postcss/lib/lazy-result.js:299:11)]
    [at async transform (turbopack:///[turbopack-node]/transforms/postcss.ts?config=[project]/postcss.config.js:70:34)]
    [at async run (turbopack:///[turbopack-node]/child_process/evaluate.ts:89:23)]

Import trace:
  Client Component Browser:
    ./src/app/workspace.css [Client Component Browser]
    ./src/app/[locale]/layout.tsx [Server Component] @ http://localhost:3000/_next/static/chunks/node_modules_next_dist_1e8vcs8._.js:1052
[  191854ms] [ERROR] ./src/app/workspace.css
Error: Error evaluating Node.js code
CssSyntaxError: tailwindcss: C:\Users\janid\Downloads\mylms\lms\src\app\workspace.css:1:1: Cannot apply unknown utility class `text-body-strong`
    [at Input.error (turbopack:///[project]/node_modules/postcss/lib/input.js:135:16)]
    [at Root.error (turbopack:///[project]/node_modules/postcss/lib/node.js:166:32)]
    [at Object.Once (C:\Users\janid\Downloads\mylms\lms\node_modules\@tailwindcss\postcss\dist\index.js:10:7013)]
    [at process.processTicksAndRejections (node:internal/process/task_queues:104:5)]
    [at async LazyResult.runAsync (turbopack:///[project]/node_modules/postcss/lib/lazy-result.js:299:11)]
    [at async transform (turbopack:///[turbopack-node]/transforms/postcss.ts?config=[project]/postcss.config.js:70:34)]
    [at async run (turbopack:///[turbopack-node]/child_process/evaluate.ts:89:23)]

Import trace:
  Client Component Browser:
    ./src/app/workspace.css [Client Component Browser]
    ./src/app/[locale]/layout.tsx [Server Component] @ http://localhost:3000/_next/static/chunks/node_modules_next_dist_1e8vcs8._.js:1052
[  191984ms] [ERROR] ./src/app/workspace.css
Error: Error evaluating Node.js code
CssSyntaxError: tailwindcss: C:\Users\janid\Downloads\mylms\lms\src\app\workspace.css:1:1: Cannot apply unknown utility class `text-body-strong`
    [at Input.error (turbopack:///[project]/node_modules/postcss/lib/input.js:135:16)]
    [at Root.error (turbopack:///[project]/node_modules/postcss/lib/node.js:166:32)]
    [at Object.Once (C:\Users\janid\Downloads\mylms\lms\node_modules\@tailwindcss\postcss\dist\index.js:10:7013)]
    [at process.processTicksAndRejections (node:internal/process/task_queues:104:5)]
    [at async LazyResult.runAsync (turbopack:///[project]/node_modules/postcss/lib/lazy-result.js:299:11)]
    [at async transform (turbopack:///[turbopack-node]/transforms/postcss.ts?config=[project]/postcss.config.js:70:34)]
    [at async run (turbopack:///[turbopack-node]/child_process/evaluate.ts:89:23)]

Import trace:
  Client Component Browser:
    ./src/app/workspace.css [Client Component Browser]
    ./src/app/[locale]/layout.tsx [Server Component] @ http://localhost:3000/_next/static/chunks/node_modules_next_dist_1e8vcs8._.js:1052
[  192057ms] [ERROR] ./src/app/workspace.css
Error: Error evaluating Node.js code
CssSyntaxError: tailwindcss: C:\Users\janid\Downloads\mylms\lms\src\app\workspace.css:1:1: Cannot apply unknown utility class `text-body-strong`
    [at Input.error (turbopack:///[project]/node_modules/postcss/lib/input.js:135:16)]
    [at Root.error (turbopack:///[project]/node_modules/postcss/lib/node.js:166:32)]
    [at Object.Once (C:\Users\janid\Downloads\mylms\lms\node_modules\@tailwindcss\postcss\dist\index.js:10:7013)]
    [at process.processTicksAndRejections (node:internal/process/task_queues:104:5)]
    [at async LazyResult.runAsync (turbopack:///[project]/node_modules/postcss/lib/lazy-result.js:299:11)]
    [at async transform (turbopack:///[turbopack-node]/transforms/postcss.ts?config=[project]/postcss.config.js:70:34)]
    [at async run (turbopack:///[turbopack-node]/child_process/evaluate.ts:89:23)]

Import trace:
  Client Component Browser:
    ./src/app/workspace.css [Client Component Browser]
    ./src/app/[locale]/layout.tsx [Server Component] @ http://localhost:3000/_next/static/chunks/node_modules_next_dist_1e8vcs8._.js:1052
[  192139ms] [ERROR] ./src/app/workspace.css
Error: Error evaluating Node.js code
CssSyntaxError: tailwindcss: C:\Users\janid\Downloads\mylms\lms\src\app\workspace.css:1:1: Cannot apply unknown utility class `text-body-strong`
    [at Input.error (turbopack:///[project]/node_modules/postcss/lib/input.js:135:16)]
    [at Root.error (turbopack:///[project]/node_modules/postcss/lib/node.js:166:32)]
    [at Object.Once (C:\Users\janid\Downloads\mylms\lms\node_modules\@tailwindcss\postcss\dist\index.js:10:7013)]
    [at process.processTicksAndRejections (node:internal/process/task_queues:104:5)]
    [at async LazyResult.runAsync (turbopack:///[project]/node_modules/postcss/lib/lazy-result.js:299:11)]
    [at async transform (turbopack:///[turbopack-node]/transforms/postcss.ts?config=[project]/postcss.config.js:70:34)]
    [at async run (turbopack:///[turbopack-node]/child_process/evaluate.ts:89:23)]

Import trace:
  Client Component Browser:
    ./src/app/workspace.css [Client Component Browser]
    ./src/app/[locale]/layout.tsx [Server Component] @ http://localhost:3000/_next/static/chunks/node_modules_next_dist_1e8vcs8._.js:1052
[  192297ms] [ERROR] ./src/app/workspace.css
Error: Error evaluating Node.js code
CssSyntaxError: tailwindcss: C:\Users\janid\Downloads\mylms\lms\src\app\workspace.css:1:1: Cannot apply unknown utility class `text-body-strong`
    [at Input.error (turbopack:///[project]/node_modules/postcss/lib/input.js:135:16)]
    [at Root.error (turbopack:///[project]/node_modules/postcss/lib/node.js:166:32)]
    [at Object.Once (C:\Users\janid\Downloads\mylms\lms\node_modules\@tailwindcss\postcss\dist\index.js:10:7013)]
    [at process.processTicksAndRejections (node:internal/process/task_queues:104:5)]
    [at async LazyResult.runAsync (turbopack:///[project]/node_modules/postcss/lib/lazy-result.js:299:11)]
    [at async transform (turbopack:///[turbopack-node]/transforms/postcss.ts?config=[project]/postcss.config.js:70:34)]
    [at async run (turbopack:///[turbopack-node]/child_process/evaluate.ts:89:23)]

Import trace:
  Client Component Browser:
    ./src/app/workspace.css [Client Component Browser]
    ./src/app/[locale]/layout.tsx [Server Component] @ http://localhost:3000/_next/static/chunks/node_modules_next_dist_1e8vcs8._.js:1052
[  192364ms] [ERROR] ./src/app/workspace.css
Error: Error evaluating Node.js code
CssSyntaxError: tailwindcss: C:\Users\janid\Downloads\mylms\lms\src\app\workspace.css:1:1: Cannot apply unknown utility class `text-body-strong`
    [at Input.error (turbopack:///[project]/node_modules/postcss/lib/input.js:135:16)]
    [at Root.error (turbopack:///[project]/node_modules/postcss/lib/node.js:166:32)]
    [at Object.Once (C:\Users\janid\Downloads\mylms\lms\node_modules\@tailwindcss\postcss\dist\index.js:10:7013)]
    [at process.processTicksAndRejections (node:internal/process/task_queues:104:5)]
    [at async LazyResult.runAsync (turbopack:///[project]/node_modules/postcss/lib/lazy-result.js:299:11)]
    [at async transform (turbopack:///[turbopack-node]/transforms/postcss.ts?config=[project]/postcss.config.js:70:34)]
    [at async run (turbopack:///[turbopack-node]/child_process/evaluate.ts:89:23)]

Import trace:
  Client Component Browser:
    ./src/app/workspace.css [Client Component Browser]
    ./src/app/[locale]/layout.tsx [Server Component] @ http://localhost:3000/_next/static/chunks/node_modules_next_dist_1e8vcs8._.js:1052
[  192571ms] [ERROR] ./src/app/workspace.css
Error: Error evaluating Node.js code
CssSyntaxError: tailwindcss: C:\Users\janid\Downloads\mylms\lms\src\app\workspace.css:1:1: Cannot apply unknown utility class `text-body-strong`
    [at Input.error (turbopack:///[project]/node_modules/postcss/lib/input.js:135:16)]
    [at Root.error (turbopack:///[project]/node_modules/postcss/lib/node.js:166:32)]
    [at Object.Once (C:\Users\janid\Downloads\mylms\lms\node_modules\@tailwindcss\postcss\dist\index.js:10:7013)]
    [at process.processTicksAndRejections (node:internal/process/task_queues:104:5)]
    [at async LazyResult.runAsync (turbopack:///[project]/node_modules/postcss/lib/lazy-result.js:299:11)]
    [at async transform (turbopack:///[turbopack-node]/transforms/postcss.ts?config=[project]/postcss.config.js:70:34)]
    [at async run (turbopack:///[turbopack-node]/child_process/evaluate.ts:89:23)]

Import trace:
  Client Component Browser:
    ./src/app/workspace.css [Client Component Browser]
    ./src/app/[locale]/layout.tsx [Server Component] @ http://localhost:3000/_next/static/chunks/node_modules_next_dist_1e8vcs8._.js:1052
[  193060ms] [ERROR] ./src/app/workspace.css
Error: Error evaluating Node.js code
CssSyntaxError: tailwindcss: C:\Users\janid\Downloads\mylms\lms\src\app\workspace.css:1:1: Cannot apply unknown utility class `text-body-strong`
    [at Input.error (turbopack:///[project]/node_modules/postcss/lib/input.js:135:16)]
    [at Root.error (turbopack:///[project]/node_modules/postcss/lib/node.js:166:32)]
    [at Object.Once (C:\Users\janid\Downloads\mylms\lms\node_modules\@tailwindcss\postcss\dist\index.js:10:7013)]
    [at process.processTicksAndRejections (node:internal/process/task_queues:104:5)]
    [at async LazyResult.runAsync (turbopack:///[project]/node_modules/postcss/lib/lazy-result.js:299:11)]
    [at async transform (turbopack:///[turbopack-node]/transforms/postcss.ts?config=[project]/postcss.config.js:70:34)]
    [at async run (turbopack:///[turbopack-node]/child_process/evaluate.ts:89:23)]

Import trace:
  Client Component Browser:
    ./src/app/workspace.css [Client Component Browser]
    ./src/app/[locale]/layout.tsx [Server Component] @ http://localhost:3000/_next/static/chunks/node_modules_next_dist_1e8vcs8._.js:1052
[  193263ms] [ERROR] ./src/app/workspace.css
Error: Error evaluating Node.js code
CssSyntaxError: tailwindcss: C:\Users\janid\Downloads\mylms\lms\src\app\workspace.css:1:1: Cannot apply unknown utility class `text-body-strong`
    [at Input.error (turbopack:///[project]/node_modules/postcss/lib/input.js:135:16)]
    [at Root.error (turbopack:///[project]/node_modules/postcss/lib/node.js:166:32)]
    [at Object.Once (C:\Users\janid\Downloads\mylms\lms\node_modules\@tailwindcss\postcss\dist\index.js:10:7013)]
    [at process.processTicksAndRejections (node:internal/process/task_queues:104:5)]
    [at async LazyResult.runAsync (turbopack:///[project]/node_modules/postcss/lib/lazy-result.js:299:11)]
    [at async transform (turbopack:///[turbopack-node]/transforms/postcss.ts?config=[project]/postcss.config.js:70:34)]
    [at async run (turbopack:///[turbopack-node]/child_process/evaluate.ts:89:23)]

Import trace:
  Client Component Browser:
    ./src/app/workspace.css [Client Component Browser]
    ./src/app/[locale]/layout.tsx [Server Component] @ http://localhost:3000/_next/static/chunks/node_modules_next_dist_1e8vcs8._.js:1052
[  193575ms] [ERROR] ./src/app/workspace.css
Error: Error evaluating Node.js code
CssSyntaxError: tailwindcss: C:\Users\janid\Downloads\mylms\lms\src\app\workspace.css:1:1: Cannot apply unknown utility class `text-body-strong`
    [at Input.error (turbopack:///[project]/node_modules/postcss/lib/input.js:135:16)]
    [at Root.error (turbopack:///[project]/node_modules/postcss/lib/node.js:166:32)]
    [at Object.Once (C:\Users\janid\Downloads\mylms\lms\node_modules\@tailwindcss\postcss\dist\index.js:10:7013)]
    [at process.processTicksAndRejections (node:internal/process/task_queues:104:5)]
    [at async LazyResult.runAsync (turbopack:///[project]/node_modules/postcss/lib/lazy-result.js:299:11)]
    [at async transform (turbopack:///[turbopack-node]/transforms/postcss.ts?config=[project]/postcss.config.js:70:34)]
    [at async run (turbopack:///[turbopack-node]/child_process/evaluate.ts:89:23)]

Import trace:
  Client Component Browser:
    ./src/app/workspace.css [Client Component Browser]
    ./src/app/[locale]/layout.tsx [Server Component] @ http://localhost:3000/_next/static/chunks/node_modules_next_dist_1e8vcs8._.js:1052
[  193762ms] [ERROR] ./src/app/workspace.css
Error: Error evaluating Node.js code
CssSyntaxError: tailwindcss: C:\Users\janid\Downloads\mylms\lms\src\app\workspace.css:1:1: Cannot apply unknown utility class `text-body-strong`
    [at Input.error (turbopack:///[project]/node_modules/postcss/lib/input.js:135:16)]
    [at Root.error (turbopack:///[project]/node_modules/postcss/lib/node.js:166:32)]
    [at Object.Once (C:\Users\janid\Downloads\mylms\lms\node_modules\@tailwindcss\postcss\dist\index.js:10:7013)]
    [at process.processTicksAndRejections (node:internal/process/task_queues:104:5)]
    [at async LazyResult.runAsync (turbopack:///[project]/node_modules/postcss/lib/lazy-result.js:299:11)]
    [at async transform (turbopack:///[turbopack-node]/transforms/postcss.ts?config=[project]/postcss.config.js:70:34)]
    [at async run (turbopack:///[turbopack-node]/child_process/evaluate.ts:89:23)]

Import trace:
  Client Component Browser:
    ./src/app/workspace.css [Client Component Browser]
    ./src/app/[locale]/layout.tsx [Server Component] @ http://localhost:3000/_next/static/chunks/node_modules_next_dist_1e8vcs8._.js:1052
[  193841ms] [ERROR] ./src/app/workspace.css
Error: Error evaluating Node.js code
CssSyntaxError: tailwindcss: C:\Users\janid\Downloads\mylms\lms\src\app\workspace.css:1:1: Cannot apply unknown utility class `text-body-strong`
    [at Input.error (turbopack:///[project]/node_modules/postcss/lib/input.js:135:16)]
    [at Root.error (turbopack:///[project]/node_modules/postcss/lib/node.js:166:32)]
    [at Object.Once (C:\Users\janid\Downloads\mylms\lms\node_modules\@tailwindcss\postcss\dist\index.js:10:7013)]
    [at process.processTicksAndRejections (node:internal/process/task_queues:104:5)]
    [at async LazyResult.runAsync (turbopack:///[project]/node_modules/postcss/lib/lazy-result.js:299:11)]
    [at async transform (turbopack:///[turbopack-node]/transforms/postcss.ts?config=[project]/postcss.config.js:70:34)]
    [at async run (turbopack:///[turbopack-node]/child_process/evaluate.ts:89:23)]

Import trace:
  Client Component Browser:
    ./src/app/workspace.css [Client Component Browser]
    ./src/app/[locale]/layout.tsx [Server Component] @ http://localhost:3000/_next/static/chunks/node_modules_next_dist_1e8vcs8._.js:1052
[  193914ms] [ERROR] ./src/app/workspace.css
Error: Error evaluating Node.js code
CssSyntaxError: tailwindcss: C:\Users\janid\Downloads\mylms\lms\src\app\workspace.css:1:1: Cannot apply unknown utility class `text-body-strong`
    [at Input.error (turbopack:///[project]/node_modules/postcss/lib/input.js:135:16)]
    [at Root.error (turbopack:///[project]/node_modules/postcss/lib/node.js:166:32)]
    [at Object.Once (C:\Users\janid\Downloads\mylms\lms\node_modules\@tailwindcss\postcss\dist\index.js:10:7013)]
    [at process.processTicksAndRejections (node:internal/process/task_queues:104:5)]
    [at async LazyResult.runAsync (turbopack:///[project]/node_modules/postcss/lib/lazy-result.js:299:11)]
    [at async transform (turbopack:///[turbopack-node]/transforms/postcss.ts?config=[project]/postcss.config.js:70:34)]
    [at async run (turbopack:///[turbopack-node]/child_process/evaluate.ts:89:23)]

Import trace:
  Client Component Browser:
    ./src/app/workspace.css [Client Component Browser]
    ./src/app/[locale]/layout.tsx [Server Component] @ http://localhost:3000/_next/static/chunks/node_modules_next_dist_1e8vcs8._.js:1052
[  194015ms] [ERROR] ./src/app/workspace.css
Error: Error evaluating Node.js code
CssSyntaxError: tailwindcss: C:\Users\janid\Downloads\mylms\lms\src\app\workspace.css:1:1: Cannot apply unknown utility class `text-body-strong`
    [at Input.error (turbopack:///[project]/node_modules/postcss/lib/input.js:135:16)]
    [at Root.error (turbopack:///[project]/node_modules/postcss/lib/node.js:166:32)]
    [at Object.Once (C:\Users\janid\Downloads\mylms\lms\node_modules\@tailwindcss\postcss\dist\index.js:10:7013)]
    [at process.processTicksAndRejections (node:internal/process/task_queues:104:5)]
    [at async LazyResult.runAsync (turbopack:///[project]/node_modules/postcss/lib/lazy-result.js:299:11)]
    [at async transform (turbopack:///[turbopack-node]/transforms/postcss.ts?config=[project]/postcss.config.js:70:34)]
    [at async run (turbopack:///[turbopack-node]/child_process/evaluate.ts:89:23)]

Import trace:
  Client Component Browser:
    ./src/app/workspace.css [Client Component Browser]
    ./src/app/[locale]/layout.tsx [Server Component] @ http://localhost:3000/_next/static/chunks/node_modules_next_dist_1e8vcs8._.js:1052
[  194094ms] [ERROR] ./src/app/workspace.css
Error: Error evaluating Node.js code
CssSyntaxError: tailwindcss: C:\Users\janid\Downloads\mylms\lms\src\app\workspace.css:1:1: Cannot apply unknown utility class `text-body-strong`
    [at Input.error (turbopack:///[project]/node_modules/postcss/lib/input.js:135:16)]
    [at Root.error (turbopack:///[project]/node_modules/postcss/lib/node.js:166:32)]
    [at Object.Once (C:\Users\janid\Downloads\mylms\lms\node_modules\@tailwindcss\postcss\dist\index.js:10:7013)]
    [at process.processTicksAndRejections (node:internal/process/task_queues:104:5)]
    [at async LazyResult.runAsync (turbopack:///[project]/node_modules/postcss/lib/lazy-result.js:299:11)]
    [at async transform (turbopack:///[turbopack-node]/transforms/postcss.ts?config=[project]/postcss.config.js:70:34)]
    [at async run (turbopack:///[turbopack-node]/child_process/evaluate.ts:89:23)]

Import trace:
  Client Component Browser:
    ./src/app/workspace.css [Client Component Browser]
    ./src/app/[locale]/layout.tsx [Server Component] @ http://localhost:3000/_next/static/chunks/node_modules_next_dist_1e8vcs8._.js:1052
[  194153ms] [ERROR] ./src/app/workspace.css
Error: Error evaluating Node.js code
CssSyntaxError: tailwindcss: C:\Users\janid\Downloads\mylms\lms\src\app\workspace.css:1:1: Cannot apply unknown utility class `text-body-strong`
    [at Input.error (turbopack:///[project]/node_modules/postcss/lib/input.js:135:16)]
    [at Root.error (turbopack:///[project]/node_modules/postcss/lib/node.js:166:32)]
    [at Object.Once (C:\Users\janid\Downloads\mylms\lms\node_modules\@tailwindcss\postcss\dist\index.js:10:7013)]
    [at process.processTicksAndRejections (node:internal/process/task_queues:104:5)]
    [at async LazyResult.runAsync (turbopack:///[project]/node_modules/postcss/lib/lazy-result.js:299:11)]
    [at async transform (turbopack:///[turbopack-node]/transforms/postcss.ts?config=[project]/postcss.config.js:70:34)]
    [at async run (turbopack:///[turbopack-node]/child_process/evaluate.ts:89:23)]

Import trace:
  Client Component Browser:
    ./src/app/workspace.css [Client Component Browser]
    ./src/app/[locale]/layout.tsx [Server Component] @ http://localhost:3000/_next/static/chunks/node_modules_next_dist_1e8vcs8._.js:1052
[  194215ms] [ERROR] ./src/app/workspace.css
Error: Error evaluating Node.js code
CssSyntaxError: tailwindcss: C:\Users\janid\Downloads\mylms\lms\src\app\workspace.css:1:1: Cannot apply unknown utility class `text-body-strong`
    [at Input.error (turbopack:///[project]/node_modules/postcss/lib/input.js:135:16)]
    [at Root.error (turbopack:///[project]/node_modules/postcss/lib/node.js:166:32)]
    [at Object.Once (C:\Users\janid\Downloads\mylms\lms\node_modules\@tailwindcss\postcss\dist\index.js:10:7013)]
    [at process.processTicksAndRejections (node:internal/process/task_queues:104:5)]
    [at async LazyResult.runAsync (turbopack:///[project]/node_modules/postcss/lib/lazy-result.js:299:11)]
    [at async transform (turbopack:///[turbopack-node]/transforms/postcss.ts?config=[project]/postcss.config.js:70:34)]
    [at async run (turbopack:///[turbopack-node]/child_process/evaluate.ts:89:23)]

Import trace:
  Client Component Browser:
    ./src/app/workspace.css [Client Component Browser]
    ./src/app/[locale]/layout.tsx [Server Component] @ http://localhost:3000/_next/static/chunks/node_modules_next_dist_1e8vcs8._.js:1052
[  194278ms] [ERROR] ./src/app/workspace.css
Error: Error evaluating Node.js code
CssSyntaxError: tailwindcss: C:\Users\janid\Downloads\mylms\lms\src\app\workspace.css:1:1: Cannot apply unknown utility class `text-body-strong`
    [at Input.error (turbopack:///[project]/node_modules/postcss/lib/input.js:135:16)]
    [at Root.error (turbopack:///[project]/node_modules/postcss/lib/node.js:166:32)]
    [at Object.Once (C:\Users\janid\Downloads\mylms\lms\node_modules\@tailwindcss\postcss\dist\index.js:10:7013)]
    [at process.processTicksAndRejections (node:internal/process/task_queues:104:5)]
    [at async LazyResult.runAsync (turbopack:///[project]/node_modules/postcss/lib/lazy-result.js:299:11)]
    [at async transform (turbopack:///[turbopack-node]/transforms/postcss.ts?config=[project]/postcss.config.js:70:34)]
    [at async run (turbopack:///[turbopack-node]/child_process/evaluate.ts:89:23)]

Import trace:
  Client Component Browser:
    ./src/app/workspace.css [Client Component Browser]
    ./src/app/[locale]/layout.tsx [Server Component] @ http://localhost:3000/_next/static/chunks/node_modules_next_dist_1e8vcs8._.js:1052
[  194341ms] [ERROR] ./src/app/workspace.css
Error: Error evaluating Node.js code
CssSyntaxError: tailwindcss: C:\Users\janid\Downloads\mylms\lms\src\app\workspace.css:1:1: Cannot apply unknown utility class `text-body-strong`
    [at Input.error (turbopack:///[project]/node_modules/postcss/lib/input.js:135:16)]
    [at Root.error (turbopack:///[project]/node_modules/postcss/lib/node.js:166:32)]
    [at Object.Once (C:\Users\janid\Downloads\mylms\lms\node_modules\@tailwindcss\postcss\dist\index.js:10:7013)]
    [at process.processTicksAndRejections (node:internal/process/task_queues:104:5)]
    [at async LazyResult.runAsync (turbopack:///[project]/node_modules/postcss/lib/lazy-result.js:299:11)]
    [at async transform (turbopack:///[turbopack-node]/transforms/postcss.ts?config=[project]/postcss.config.js:70:34)]
    [at async run (turbopack:///[turbopack-node]/child_process/evaluate.ts:89:23)]

Import trace:
  Client Component Browser:
    ./src/app/workspace.css [Client Component Browser]
    ./src/app/[locale]/layout.tsx [Server Component] @ http://localhost:3000/_next/static/chunks/node_modules_next_dist_1e8vcs8._.js:1052
[  194404ms] [ERROR] ./src/app/workspace.css
Error: Error evaluating Node.js code
CssSyntaxError: tailwindcss: C:\Users\janid\Downloads\mylms\lms\src\app\workspace.css:1:1: Cannot apply unknown utility class `text-body-strong`
    [at Input.error (turbopack:///[project]/node_modules/postcss/lib/input.js:135:16)]
    [at Root.error (turbopack:///[project]/node_modules/postcss/lib/node.js:166:32)]
    [at Object.Once (C:\Users\janid\Downloads\mylms\lms\node_modules\@tailwindcss\postcss\dist\index.js:10:7013)]
    [at process.processTicksAndRejections (node:internal/process/task_queues:104:5)]
    [at async LazyResult.runAsync (turbopack:///[project]/node_modules/postcss/lib/lazy-result.js:299:11)]
    [at async transform (turbopack:///[turbopack-node]/transforms/postcss.ts?config=[project]/postcss.config.js:70:34)]
    [at async run (turbopack:///[turbopack-node]/child_process/evaluate.ts:89:23)]

Import trace:
  Client Component Browser:
    ./src/app/workspace.css [Client Component Browser]
    ./src/app/[locale]/layout.tsx [Server Component] @ http://localhost:3000/_next/static/chunks/node_modules_next_dist_1e8vcs8._.js:1052
[  194468ms] [ERROR] ./src/app/workspace.css
Error: Error evaluating Node.js code
CssSyntaxError: tailwindcss: C:\Users\janid\Downloads\mylms\lms\src\app\workspace.css:1:1: Cannot apply unknown utility class `text-body-strong`
    [at Input.error (turbopack:///[project]/node_modules/postcss/lib/input.js:135:16)]
    [at Root.error (turbopack:///[project]/node_modules/postcss/lib/node.js:166:32)]
    [at Object.Once (C:\Users\janid\Downloads\mylms\lms\node_modules\@tailwindcss\postcss\dist\index.js:10:7013)]
    [at process.processTicksAndRejections (node:internal/process/task_queues:104:5)]
    [at async LazyResult.runAsync (turbopack:///[project]/node_modules/postcss/lib/lazy-result.js:299:11)]
    [at async transform (turbopack:///[turbopack-node]/transforms/postcss.ts?config=[project]/postcss.config.js:70:34)]
    [at async run (turbopack:///[turbopack-node]/child_process/evaluate.ts:89:23)]

Import trace:
  Client Component Browser:
    ./src/app/workspace.css [Client Component Browser]
    ./src/app/[locale]/layout.tsx [Server Component] @ http://localhost:3000/_next/static/chunks/node_modules_next_dist_1e8vcs8._.js:1052
[  194530ms] [ERROR] ./src/app/workspace.css
Error: Error evaluating Node.js code
CssSyntaxError: tailwindcss: C:\Users\janid\Downloads\mylms\lms\src\app\workspace.css:1:1: Cannot apply unknown utility class `text-body-strong`
    [at Input.error (turbopack:///[project]/node_modules/postcss/lib/input.js:135:16)]
    [at Root.error (turbopack:///[project]/node_modules/postcss/lib/node.js:166:32)]
    [at Object.Once (C:\Users\janid\Downloads\mylms\lms\node_modules\@tailwindcss\postcss\dist\index.js:10:7013)]
    [at process.processTicksAndRejections (node:internal/process/task_queues:104:5)]
    [at async LazyResult.runAsync (turbopack:///[project]/node_modules/postcss/lib/lazy-result.js:299:11)]
    [at async transform (turbopack:///[turbopack-node]/transforms/postcss.ts?config=[project]/postcss.config.js:70:34)]
    [at async run (turbopack:///[turbopack-node]/child_process/evaluate.ts:89:23)]

Import trace:
  Client Component Browser:
    ./src/app/workspace.css [Client Component Browser]
    ./src/app/[locale]/layout.tsx [Server Component] @ http://localhost:3000/_next/static/chunks/node_modules_next_dist_1e8vcs8._.js:1052
[  194600ms] [ERROR] ./src/app/workspace.css
Error: Error evaluating Node.js code
CssSyntaxError: tailwindcss: C:\Users\janid\Downloads\mylms\lms\src\app\workspace.css:1:1: Cannot apply unknown utility class `text-body-strong`
    [at Input.error (turbopack:///[project]/node_modules/postcss/lib/input.js:135:16)]
    [at Root.error (turbopack:///[project]/node_modules/postcss/lib/node.js:166:32)]
    [at Object.Once (C:\Users\janid\Downloads\mylms\lms\node_modules\@tailwindcss\postcss\dist\index.js:10:7013)]
    [at process.processTicksAndRejections (node:internal/process/task_queues:104:5)]
    [at async LazyResult.runAsync (turbopack:///[project]/node_modules/postcss/lib/lazy-result.js:299:11)]
    [at async transform (turbopack:///[turbopack-node]/transforms/postcss.ts?config=[project]/postcss.config.js:70:34)]
    [at async run (turbopack:///[turbopack-node]/child_process/evaluate.ts:89:23)]

Import trace:
  Client Component Browser:
    ./src/app/workspace.css [Client Component Browser]
    ./src/app/[locale]/layout.tsx [Server Component] @ http://localhost:3000/_next/static/chunks/node_modules_next_dist_1e8vcs8._.js:1052
[  198284ms] [ERROR] ./src/app/workspace.css
Error: Error evaluating Node.js code
CssSyntaxError: tailwindcss: C:\Users\janid\Downloads\mylms\lms\src\app\workspace.css:1:1: Cannot apply unknown utility class `text-body-strong`
    [at Input.error (turbopack:///[project]/node_modules/postcss/lib/input.js:135:16)]
    [at Root.error (turbopack:///[project]/node_modules/postcss/lib/node.js:166:32)]
    [at Object.Once (C:\Users\janid\Downloads\mylms\lms\node_modules\@tailwindcss\postcss\dist\index.js:10:7013)]
    [at process.processTicksAndRejections (node:internal/process/task_queues:104:5)]
    [at async LazyResult.runAsync (turbopack:///[project]/node_modules/postcss/lib/lazy-result.js:299:11)]
    [at async transform (turbopack:///[turbopack-node]/transforms/postcss.ts?config=[project]/postcss.config.js:70:34)]
    [at async run (turbopack:///[turbopack-node]/child_process/evaluate.ts:89:23)]

Import trace:
  Client Component Browser:
    ./src/app/workspace.css [Client Component Browser]
    ./src/app/[locale]/layout.tsx [Server Component] @ http://localhost:3000/_next/static/chunks/node_modules_next_dist_1e8vcs8._.js:1052
[  198285ms] [ERROR] ./src/app/workspace.css
Error: Error evaluating Node.js code
CssSyntaxError: tailwindcss: C:\Users\janid\Downloads\mylms\lms\src\app\workspace.css:1:1: Cannot apply unknown utility class `text-body-strong`
    [at Input.error (turbopack:///[project]/node_modules/postcss/lib/input.js:135:16)]
    [at Root.error (turbopack:///[project]/node_modules/postcss/lib/node.js:166:32)]
    [at Object.Once (C:\Users\janid\Downloads\mylms\lms\node_modules\@tailwindcss\postcss\dist\index.js:10:7013)]
    [at process.processTicksAndRejections (node:internal/process/task_queues:104:5)]
    [at async LazyResult.runAsync (turbopack:///[project]/node_modules/postcss/lib/lazy-result.js:299:11)]
    [at async transform (turbopack:///[turbopack-node]/transforms/postcss.ts?config=[project]/postcss.config.js:70:34)]
    [at async run (turbopack:///[turbopack-node]/child_process/evaluate.ts:89:23)]

Import trace:
  Client Component Browser:
    ./src/app/workspace.css [Client Component Browser]
    ./src/app/[locale]/layout.tsx [Server Component] @ http://localhost:3000/_next/static/chunks/node_modules_next_dist_1e8vcs8._.js:1052
[  198502ms] [ERROR] ./src/app/workspace.css
Error: Error evaluating Node.js code
CssSyntaxError: tailwindcss: C:\Users\janid\Downloads\mylms\lms\src\app\workspace.css:1:1: Cannot apply unknown utility class `text-body-strong`
    [at Input.error (turbopack:///[project]/node_modules/postcss/lib/input.js:135:16)]
    [at Root.error (turbopack:///[project]/node_modules/postcss/lib/node.js:166:32)]
    [at Object.Once (C:\Users\janid\Downloads\mylms\lms\node_modules\@tailwindcss\postcss\dist\index.js:10:7013)]
    [at process.processTicksAndRejections (node:internal/process/task_queues:104:5)]
    [at async LazyResult.runAsync (turbopack:///[project]/node_modules/postcss/lib/lazy-result.js:299:11)]
    [at async transform (turbopack:///[turbopack-node]/transforms/postcss.ts?config=[project]/postcss.config.js:70:34)]
    [at async run (turbopack:///[turbopack-node]/child_process/evaluate.ts:89:23)]

Import trace:
  Client Component Browser:
    ./src/app/workspace.css [Client Component Browser]
    ./src/app/[locale]/layout.tsx [Server Component] @ http://localhost:3000/_next/static/chunks/node_modules_next_dist_1e8vcs8._.js:1052
[  198504ms] [ERROR] ./src/app/workspace.css
Error: Error evaluating Node.js code
CssSyntaxError: tailwindcss: C:\Users\janid\Downloads\mylms\lms\src\app\workspace.css:1:1: Cannot apply unknown utility class `text-body-strong`
    [at Input.error (turbopack:///[project]/node_modules/postcss/lib/input.js:135:16)]
    [at Root.error (turbopack:///[project]/node_modules/postcss/lib/node.js:166:32)]
    [at Object.Once (C:\Users\janid\Downloads\mylms\lms\node_modules\@tailwindcss\postcss\dist\index.js:10:7013)]
    [at process.processTicksAndRejections (node:internal/process/task_queues:104:5)]
    [at async LazyResult.runAsync (turbopack:///[project]/node_modules/postcss/lib/lazy-result.js:299:11)]
    [at async transform (turbopack:///[turbopack-node]/transforms/postcss.ts?config=[project]/postcss.config.js:70:34)]
    [at async run (turbopack:///[turbopack-node]/child_process/evaluate.ts:89:23)]

Import trace:
  Client Component Browser:
    ./src/app/workspace.css [Client Component Browser]
    ./src/app/[locale]/layout.tsx [Server Component] @ http://localhost:3000/_next/static/chunks/node_modules_next_dist_1e8vcs8._.js:1052
[  198607ms] [LOG] [Fast Refresh] rebuilding @ http://localhost:3000/_next/static/chunks/node_modules_next_dist_1e8vcs8._.js:776
[  200121ms] Error: No link element found for chunk /_next/static/chunks/%5Broot-of-the-server%5D__1qdckhf._.css
    at http://localhost:3000/_next/static/chunks/turbopack-_08bm286._.js:2417:28
    at new Promise (<anonymous>)
    at Object.reloadChunk (http://localhost:3000/_next/static/chunks/turbopack-_08bm286._.js:2406:20)
    at applyChunkListUpdate (http://localhost:3000/_next/static/chunks/turbopack-_08bm286._.js:1940:46)
    at applyUpdate (http://localhost:3000/_next/static/chunks/turbopack-_08bm286._.js:1914:13)
    at handleApply (http://localhost:3000/_next/static/chunks/turbopack-_08bm286._.js:1977:17)
    at triggerUpdate (http://localhost:3000/_next/static/chunks/%5Bturbopack%5D_browser_dev_hmr-client_hmr-client_ts_1mojsay._.js:456:9)
    at applyAggregatedUpdates (http://localhost:3000/_next/static/chunks/%5Bturbopack%5D_browser_dev_hmr-client_hmr-client_ts_1mojsay._.js:98:9)
    at http://localhost:3000/_next/static/chunks/%5Bturbopack%5D_browser_dev_hmr-client_hmr-client_ts_1mojsay._.js:32:21
    at processTurbopackMessage (http://localhost:3000/_next/static/chunks/node_modules_next_dist_client_0_90u2t._.js:16436:13)
    at processMessage (http://localhost:3000/_next/static/chunks/node_modules_next_dist_client_0_90u2t._.js:16051:17)
    at WebSocket.handleMessage (http://localhost:3000/_next/static/chunks/node_modules_next_dist_client_0_90u2t._.js:16384:52)
[  200122ms] [LOG] [Fast Refresh] done in 1549ms @ http://localhost:3000/_next/static/chunks/node_modules_next_dist_1e8vcs8._.js:776
[  200220ms] [LOG] [Fast Refresh] done in 1549ms @ http://localhost:3000/_next/static/chunks/node_modules_next_dist_1e8vcs8._.js:776
[  200220ms] [LOG] [Fast Refresh] done in 1549ms @ http://localhost:3000/_next/static/chunks/node_modules_next_dist_1e8vcs8._.js:776
[  200286ms] [LOG] [Fast Refresh] done in 1549ms @ http://localhost:3000/_next/static/chunks/node_modules_next_dist_1e8vcs8._.js:776
